run,profile,policy,farmer,scythe,seed,label,round,outcome,boss,kills,direct,explosion,tornado,boomerang,electric,kCommon,kUncommon,kRare,kEpic,kLegendary,score,segScore,segTarget,bossScore,bossTarget,gold,iron,stone,bankGold,bankIron,bankStone,xp,level,cards,damage,directMult,behaviorMult,interval,radius,reachCells,crit,critMult,attacks,hitsPerAttack,htkCommon,htkUncommon,htkRare,htkEpic,htkLegendary,osCommon,osUncommon,osRare,osEpic,osLegendary,ttkCommon,ttkUncommon,ttkRare,ttkEpic,ttkLegendary,planters,points,fill,minFill,spawnInterval,capacity,tiersBought,treeTiers,plantersBought,rewards,best5s,emptyShare,duration,levels,choices,cardTiles,cardUpgrades,cardBase,firstBehavior,firstOwn,firstTrigger,breakthrough,echoSched,echoExec,echoDrop,echoHits,echoKills,rhythmCharges,rhythmAttacks,skipElectricVisual,skipExplosionVisual,skipBoomerang,endFill,scorePerSec,killsPerSec,normalBehaviorKills,chainKills,maxDirectHit,saturated,invalidNumbers,storedXp,pendingLevels,levelHalted,firstEffective,behaviorTiles,behaviorPlanted,xpSpent,cardWater,cardXpBase,xpGlobal,xpCardGroup,levelCost,waitFrames,prevChoices,activeGame,activeReal,plantWait,waitDirect,waitBehavior,waitChain1,waitChain2,waitEcho,behaviorHits,chainHits,chainHitsNew,chainKills1,chainKills2,chainKillHp,behaviorKillHp,chAttempts1,chAttempts2,chTriggers1,chTriggers2,chFired1,chFired2,chRejRepeat,chRejGeneration,chRejBudget,chRejInvalid,chRejRoundEnd,chRejExcluded,chPoolWaitJobs,chPoolWaitFrames,chDelayFrames,ghostKills,ghostResolved,ghostReached,ghostLethal,frameMsAvg,frameMsP95,frameMsMax,botMsAvg,gc0,aim
1,Run50_AlphaDengeV1,Dengeli,bahcivan,standart,100,hiçbir şey almaz,1,,,0,0,0,0,0,0,0,0,0,0,0,0,0,40,0,0,0,0,0,80,0,0,0,1,0,10,1,1,3,0.9,4,0.3,2,0,0,,,,,,,,,,,,,,,,0,0,0,0,0,0,0,0,0,,0,1,45,0,0,0,0,0,0,0,0,,0,0,0,0,0,0,0,0,0,0,0,0,0,0,0,0,0,0,0,0,0,0,0,0,0,0,0,1,0,390,0,0,45,45.133,,,,,,,0,0,0,0,0,,,0,0,0,0,0,0,0,0,0,0,0,0,0,0,0,0,0,0,0,0.227,0.287,7.942,0.014,0,kalabalik
1,Run50_AlphaDengeV1,Dengeli,bahcivan,standart,100,hiçbir şey almaz,2,,,0,0,0,0,0,0,0,0,0,0,0,0,0,40,0,0,0,0,0,80,0,0,0,1,0,10,1,1,3,0.9,4,0.3,2,0,0,,,,,,,,,,,,,,,,0,0,0,0,0,0,0,0,0,,0,1,45,0,0,0,0,0,0,0,0,,0,0,0,0,0,0,0,0,0,0,0,0,0,0,0,0,0,0,0,0,0,0,0,0,0,0,0,1,0,390,0,0,45,45.133,,,,,,,0,0,0,0,0,,,0,0,0,0,0,0,0,0,0,0,0,0,0,0,0,0,0,0,0,0.223,0.32,1.885,0.011,0,kalabalik
1,Run50_AlphaDengeV1,Dengeli,bahcivan,standart,100,hiçbir şey almaz,3,,,0,0,0,0,0,0,0,0,0,0,0,0,0,40,0,10,0,0,0,80,0,0,0,1,0,10,1,1,3,0.9,4,0.3,2,0,0,,,,,,,,,,,,,,,,0,0,0,0,0,0,0,0,0,,0,1,45,0,0,0,0,0,0,0,0,,0,0,0,0,0,0,0,0,0,0,0,0,0,0,0,0,0,0,0,0,0,0,0,0,0,0,0,1,0,390,0,0,45,45.133,,,,,,,0,0,0,0,0,,,0,0,0,0,0,0,0,0,0,0,0,0,0,0,0,0,0,0,0,0.233,0.315,3.077,0.011,0,kalabalik
1,Run50_AlphaDengeV1,Dengeli,bahcivan,standart,100,hiçbir şey almaz,3,KOTA
2,Run50_AlphaDengeV1,Dengeli,bahcivan,standart,101,hiçbir şey almaz,1,,,0,0,0,0,0,0,0,0,0,0,0,0,0,40,0,0,0,0,0,80,0,0,0,1,0,10,1,1,3,0.9,4,0.3,2,0,0,,,,,,,,,,,,,,,,0,0,0,0,0,0,0,0,0,,0,1,45,0,0,0,0,0,0,0,0,,0,0,0,0,0,0,0,0,0,0,0,0,0,0,0,0,0,0,0,0,0,0,0,0,0,0,0,1,0,390,0,0,45,45.133,,,,,,,0,0,0,0,0,,,0,0,0,0,0,0,0,0,0,0,0,0,0,0,0,0,0,0,0,0.228,0.28,2.368,0.01,0,kalabalik
2,Run50_AlphaDengeV1,Dengeli,bahcivan,standart,101,hiçbir şey almaz,2,,,0,0,0,0,0,0,0,0,0,0,0,0,0,40,0,0,0,0,0,80,0,0,0,1,0,10,1,1,3,0.9,4,0.3,2,0,0,,,,,,,,,,,,,,,,0,0,0,0,0,0,0,0,0,,0,1,45,0,0,0,0,0,0,0,0,,0,0,0,0,0,0,0,0,0,0,0,0,0,0,0,0,0,0,0,0,0,0,0,0,0,0,0,1,0,390,0,0,45,45.133,,,,,,,0,0,0,0,0,,,0,0,0,0,0,0,0,0,0,0,0,0,0,0,0,0,0,0,0,0.223,0.299,1.766,0.01,0,kalabalik
2,Run50_AlphaDengeV1,Dengeli,bahcivan,standart,101,hiçbir şey almaz,3,,,0,0,0,0,0,0,0,0,0,0,0,0,0,40,0,10,0,0,0,80,0,0,0,1,0,10,1,1,3,0.9,4,0.3,2,0,0,,,,,,,,,,,,,,,,0,0,0,0,0,0,0,0,0,,0,1,45,0,0,0,0,0,0,0,0,,0,0,0,0,0,0,0,0,0,0,0,0,0,0,0,0,0,0,0,0,0,0,0,0,0,0,0,1,0,390,0,0,45,45.133,,,,,,,0,0,0,0,0,,,0,0,0,0,0,0,0,0,0,0,0,0,0,0,0,0,0,0,0,0.231,0.331,1.819,0.011,0,kalabalik
2,Run50_AlphaDengeV1,Dengeli,bahcivan,standart,101,hiçbir şey almaz,3,KOTA
3,Run50_AlphaDengeV1,Dengeli,bahcivan,standart,102,hiçbir şey almaz,1,,,0,0,0,0,0,0,0,0,0,0,0,0,0,40,0,0,0,0,0,80,0,0,0,1,0,10,1,1,3,0.9,4,0.3,2,0,0,,,,,,,,,,,,,,,,0,0,0,0,0,0,0,0,0,,0,1,45,0,0,0,0,0,0,0,0,,0,0,0,0,0,0,0,0,0,0,0,0,0,0,0,0,0,0,0,0,0,0,0,0,0,0,0,1,0,390,0,0,45,45.133,,,,,,,0,0,0,0,0,,,0,0,0,0,0,0,0,0,0,0,0,0,0,0,0,0,0,0,0,0.225,0.273,2.188,0.011,0,kalabalik
3,Run50_AlphaDengeV1,Dengeli,bahcivan,standart,102,hiçbir şey almaz,2,,,0,0,0,0,0,0,0,0,0,0,0,0,0,40,0,0,0,0,0,80,0,0,0,1,0,10,1,1,3,0.9,4,0.3,2,0,0,,,,,,,,,,,,,,,,0,0,0,0,0,0,0,0,0,,0,1,45,0,0,0,0,0,0,0,0,,0,0,0,0,0,0,0,0,0,0,0,0,0,0,0,0,0,0,0,0,0,0,0,0,0,0,0,1,0,390,0,0,45,45.133,,,,,,,0,0,0,0,0,,,0,0,0,0,0,0,0,0,0,0,0,0,0,0,0,0,0,0,0,0.222,0.323,1.941,0.011,0,kalabalik
3,Run50_AlphaDengeV1,Dengeli,bahcivan,standart,102,hiçbir şey almaz,3,,,0,0,0,0,0,0,0,0,0,0,0,0,0,40,0,10,0,0,0,80,0,0,0,1,0,10,1,1,3,0.9,4,0.3,2,0,0,,,,,,,,,,,,,,,,0,0,0,0,0,0,0,0,0,,0,1,45,0,0,0,0,0,0,0,0,,0,0,0,0,0,0,0,0,0,0,0,0,0,0,0,0,0,0,0,0,0,0,0,0,0,0,0,1,0,390,0,0,45,45.133,,,,,,,0,0,0,0,0,,,0,0,0,0,0,0,0,0,0,0,0,0,0,0,0,0,0,0,0,0.224,0.316,1.566,0.01,0,kalabalik
3,Run50_AlphaDengeV1,Dengeli,bahcivan,standart,102,hiçbir şey almaz,3,KOTA
4,Run50_AlphaDengeV1,Dengeli,bahcivan,standart,100,yalnız saksı,1,,,13,13,0,0,0,0,12,1,0,0,0,15,15,40,0,0,28,0,0,28,0,0,270,1,0,10,1,1,3,0.9,4,0.3,2,13,2.08,1.83,3,,,,21,0,,,,2.5,6,,,,2,4,0.346,0,8,23,0,0,2,,3,0.205,45,0,0,0,0,0,0,0,0,,0,0,0,0,0,0,0,0,0,0,0.5,0.333,0.289,0,0,22,0,0,270,0,0,0,0,0,0,0,0,1,0,390,0,0,45,45.133,4.138,4.138,,,,,0,0,0,0,0,,,0,0,0,0,0,0,0,0,0,0,0,0,0,0,0,0,0,0,0,0.355,0.418,27.038,0.024,0,kalabalik
4,Run50_AlphaDengeV1,Dengeli,bahcivan,standart,100,yalnız saksı,2,,,14,14,0,0,0,0,12,1,1,0,0,25,40,40,0,0,28,4,0,36,4,0,310,2,3,10,1,1,3,0.9,4,0.3,2,14,2.57,2.17,3,4,,,20,0,0,,,4.75,6,12,,,3,5,0.469,0,8,28,0,0,1,,3,0.089,45,1,3,0,0,0,0,0,0,,0,0,0,0,0,0,0,0,0,0,0.6,0.556,0.311,0,0,22,0,0,190,0,0,0,0,0,0,0,0,1,0,410,0,0,45,45.133,7.236,7.236,,,,,0,0,0,0,0,,,0,0,0,0,0,0,0,0,0,0,0,0,0,0,0,0,0,0,0,0.343,0.429,1.832,0.013,0,kalabalik
4,Run50_AlphaDengeV1,Dengeli,bahcivan,standart,100,yalnız saksı,3,,,15,14,0,0,0,1,9,4,2,0,0,41,81,40,41,10,34,8,0,50,12,0,441,3,3,10,1,1,3,0.9,4,0.3,2,14,2.79,2.44,2.33,2.5,,,0,0,0,,,5.67,4,6,,,4,6,0.585,0.167,8,34,0,0,1,,4,0,45,2,6,3,0,0,2,0,3,,0,0,0,0,0,0,0,0,0,0,0.333,0.911,0.333,1,0,22,0,0,221,0,0,3,1,1,0,1,0,1,0,420,0,3,45,45.133,8.391,8.707,3.967,,,,1,0,0,0,0,,0.059,0,0,0,0,0,0,0,0,0,0,0,0,0,0,0,0,0,0,0,0.358,0.449,4.1,0.015,0,kalabalik
4,Run50_AlphaDengeV1,Dengeli,bahcivan,standart,100,yalnız saksı,4,,,20,18,2,0,0,0,13,7,0,0,0,35,35,75,0,0,54,0,0,84,12,0,801,5,6,10,1.25,1,3,0.9,4,0.3,2,14,2.79,1.64,2.43,,,,31,0,,,,3.55,6.43,,,,5,7,0.455,0.143,8,39,0,0,1,keskin_bicakx1,5,0.177,45,4,12,6,0,0,2,0,3,,0,0,0,0,0,0,0,0,0,0,0.571,0.778,0.444,2,0,28,0,0,162,0,0,3,2,2,0,2,0,1,0,470,0,3,45,45.133,8.998,9.724,2.467,,,,7,0,0,0,0,,0.417,0,0,0,0,0,0,0,0,0,0,0,0,0,0,0,0,0,0,0,0.381,0.489,8.283,0.014,0,kalabalik
4,Run50_AlphaDengeV1,Dengeli,bahcivan,standart,100,yalnız saksı,5,,,20,18,0,0,0,2,12,5,2,1,0,98,133,75,0,0,44,8,2,88,20,2,856,7,6,10,1.25,1,3,0.9,4,0.3,2,14,3.29,1.7,2.4,3,3,,23,0,0,0,,4.2,6.6,10.5,24,,7,9,0.582,0.222,7.866,51,0,0,2,keskin_bicakx1,5,0,45,6,18,9,3,0,2,0,3,,0,0,0,0,0,0,0,0,0,0,0.778,2.178,0.444,2,0,28,0,0,58,0,0,3,3,3,0,2,0,1,0,520,0,6,45,45.133,9.327,9.417,8.517,,,,14,0,0,0,0,,0.061,0,0,0,0,0,0,0,0,0,0,0,0,0,0,0,0,0,0,0,0.391,0.511,2.174,0.013,0,kalabalik
4,Run50_AlphaDengeV1,Dengeli,bahcivan,standart,100,yalnız saksı,6,,,21,16,4,0,0,1,14,4,2,1,0,83,216,75,83,25,44,8,2,132,28,4,1071,9,6,10,1.25,1,3,0.9,4,0.3,2,18,2.56,1.69,2,4,4,,10,0,0,0,,2.54,3,9,15,,7,9,0.446,0.111,7.866,63,0,0,0,keskin_bicakx1,6,0.143,55,8,24,9,9,0,2,0,3,,0,0,0,0,0,0,0,0,0,0,0.222,1.509,0.382,5,0,28,0,0,49,0,0,3,3,3,0,2,0,1,0,600,0,6,55,55.133,12.597,10.163,20.387,,,,12,0,0,0,0,,0.085,0,0,0,0,0,0,0,0,0,0,0,0,0,0,0,0,0,0,0,0.403,0.514,2.318,0.012,0,kalabalik
4,Run50_AlphaDengeV1,Dengeli,bahcivan,standart,100,yalnız saksı,7,,,21,13,4,0,0,4,9,9,3,0,0,85,85,190,0,0,54,12,0,186,40,4,1057,10,3,10,1.25,1,2.55,0.9,4,0.3,2,19,3.11,2.33,2.5,3,,,0,0,0,,,5.1,7.23,7.67,,,7,9,0.646,0,7.866,63,0,0,0,keskin_bicakx1 hizli_bilekx1,9,0.128,55,9,27,9,15,0,2,0,3,,0,0,0,0,0,0,0,0,0,0,0.667,1.545,0.382,8,0,28,0,0,506,0,0,3,3,3,0,2,0,1,0,640,0,6,55,55.133,12.527,10.251,16.225,,,,17,0,0,0,0,,0.119,0,0,0,0,0,0,0,0,0,0,0,0,0,0,0,0,0,0,0,0.404,0.523,2.35,0.012,0,kalabalik
4,Run50_AlphaDengeV1,Dengeli,bahcivan,standart,100,yalnız saksı,8,,,29,23,6,0,0,0,20,3,6,0,0,108,193,190,0,0,52,24,0,238,64,4,1378,12,6,10,1.25,1,2.423,0.9,4,0.3,2,22,2.86,1.87,3.67,2.6,,,12,0,0,0,,3.39,10.49,7.26,,,7,9,0.527,0.111,7.866,63,0,0,0,keskin_bicakx1 hizli_bilekx1,7,0.027,55,11,33,9,16,2,2,0,3,,0,0,0,0,0,0,0,0,0,0,0.778,1.964,0.527,6,0,28,0,0,544,0,0,3,3,3,0,2,0,1,0,750,0,3,55,55.133,10.354,10.661,9.178,,,,17,0,0,0,0,,0.119,0,0,0,0,0,0,0,0,0,0,0,0,0,0,0,0,0,0,0,0.467,0.602,2.176,0.013,0,kalabalik
4,Run50_AlphaDengeV1,Dengeli,bahcivan,standart,100,yalnız saksı,9,,,29,19,6,0,0,4,18,9,1,1,0,105,298,190,0,0,72,4,2,310,68,6,1328,14,6,10.4,1.25,1,2.423,0.9,4,0.3,2,22,2.73,2,2.5,,2,,17,0,0,,,3.44,10.91,,2.4,,7,9,0.592,0.111,7.306,68,0,0,0,keskin_bicakx1 hizli_bilekx1,6,0.004,55,13,39,9,19,5,2,0,3,,0,0,0,0,0,0,0,0,0,0,0.444,1.909,0.527,10,0,30,0,0,312,0,0,3,3,3,0,2,0,1,0,880,0,6,55,55.133,10.298,9.532,11.753,,,,26,0,0,0,0,,0.147,0,0,0,0,0,0,0,0,0,0,0,0,0,0,0,0,0,0,0,0.397,0.54,2.54,0.014,0,kalabalik
4,Run50_AlphaDengeV1,Dengeli,bahcivan,standart,100,yalnız saksı,10,,,27,21,6,0,0,0,17,7,2,1,0,127,425,190,127,40,62,8,2,372,76,8,1373,15,3,10.92,1.25,1,2.209,0.9,4,0.3,2,24,3.08,2.17,3.33,4,5,,0,0,0,0,,4.42,13.99,7.73,15.47,,7,9,0.591,0.111,7.306,68,0,0,0,keskin_bicakx1 hizli_bilekx1,7,0.031,55,14,42,9,19,11,2,0,3,,0,0,0,0,0,0,0,0,0,0,0.667,2.309,0.491,6,0,32,0,0,805,0,0,3,3,3,0,2,2,1.07,0.07,950,0,6,55,55.133,10.467,10.383,10.761,,,,27,0,0,0,0,,0.153,0,0,0,0,0,0,0,0,0,0,0,0,0,0,0,0,0,0,0,0.391,0.526,1.751,0.013,0,kalabalik
4,Run50_AlphaDengeV1,Dengeli,bahcivan,standart,100,yalnız saksı,10,durduruldu (ölçüm sınırı)
5,Run50_AlphaDengeV1,Dengeli,bahcivan,standart,101,yalnız saksı,1,,,13,13,0,0,0,0,12,1,0,0,0,15,15,40,0,0,28,0,0,28,0,0,270,1,0,10,1,1,3,0.9,4,0.3,2,12,2.25,2,3,,,,17,0,,,,3,6,,,,2,4,0.339,0,8,23,0,0,2,,4,0.351,45,0,0,0,0,0,0,0,0,,0,0,0,0,0,0,0,0,0,0,0.75,0.333,0.289,0,0,22,0,0,270,0,0,0,0,0,0,0,0,1,0,390,0,0,45,45.133,4.426,4.426,,,,,0,0,0,0,0,,,0,0,0,0,0,0,0,0,0,0,0,0,0,0,0,0,0,0,0,0.327,0.419,2.359,0.014,0,kalabalik
5,Run50_AlphaDengeV1,Dengeli,bahcivan,standart,101,yalnız saksı,2,,,12,12,0,0,0,0,8,3,1,0,0,27,42,40,0,0,28,4,0,36,4,0,290,2,3,10,1,1,3,0.9,4,0.3,2,14,2.57,2.38,2.33,5,,,0,0,0,,,4.13,5,30,,,3,5,0.572,0.2,8,28,0,0,1,,4,0,45,1,3,0,0,0,0,0,0,,0,0,0,0,0,0,0,0,0,0,0.6,0.6,0.267,0,0,22,0,0,170,0,0,0,0,0,0,0,0,1,0,410,0,0,45,45.133,9.211,9.211,,,,,0,0,0,0,0,,,0,0,0,0,0,0,0,0,0,0,0,0,0,0,0,0,0,0,0,0.336,0.443,1.831,0.012,0,kalabalik
5,Run50_AlphaDengeV1,Dengeli,bahcivan,standart,101,yalnız saksı,3,,,8,8,0,0,0,0,5,3,0,0,0,18,60,40,18,10,22,0,0,58,4,0,240,3,3,10,1,1,3,0.9,4,0.3,2,8,2.13,2.2,2,,,,0,0,,,,4.8,3,,,,3,5,0.227,0,8,28,0,0,0,,4,0.487,45,2,6,3,0,0,2,0,0,,0,0,0,0,0,0,0,0,0,0,0.2,0.4,0.178,0,0,22,0,0,0,0,0,0,1,0,0,1,0,1,0,420,0,3,45,45.133,8.892,8.892,,,,,0,0,0,0,0,,,0,0,0,0,0,0,0,0,0,0,0,0,0,0,0,0,0,0,0,0.358,0.463,1.93,0.011,0,kalabalik
5,Run50_AlphaDengeV1,Dengeli,bahcivan,standart,101,yalnız saksı,4,,,16,16,0,0,0,0,13,3,0,0,0,28,28,75,0,0,38,0,0,56,4,0,425,4,3,10,1,1,2.55,0.9,4,0.3,2,17,2.59,2.15,3,,,,0,0,,,,5.3,7.66,,,,4,7,0.649,0.143,7.146,44,0,0,1,hizli_bilekx1,3,0.001,45,3,9,6,0,0,2,0,4,,0,0,0,0,0,0,0,0,0,0,0.571,0.622,0.356,0,0,22,0,0,5,0,0,4,1,1,0,1,0,1,0,440,0,3,45,45.133,9.583,9.583,,,,,1,0,0,0,0,,,0,0,0,0,0,0,0,0,0,0,0,0,0,0,0,0,0,0,0,0.356,0.481,2.512,0.013,0,kalabalik
5,Run50_AlphaDengeV1,Dengeli,bahcivan,standart,101,yalnız saksı,5,,,17,17,0,0,0,0,12,4,1,0,0,40,68,75,0,0,40,4,0,76,8,0,465,5,3,10,1,1,2.55,0.9,4,0.3,2,17,2.94,2.08,2.75,5,,,0,0,0,,,4.46,6.38,12.77,,,5,8,0.655,0.375,6.714,54,0,0,1,hizli_bilekx1,4,0,45,4,12,9,0,0,2,0,4,,0,0,0,0,0,0,0,0,0,0,0.875,0.889,0.378,0,0,25,0,0,30,0,0,4,1,1,0,1,0,1,0,470,0,3,45,45.133,12.349,12.349,,,,,0,0,0,0,0,,,0,0,0,0,0,0,0,0,0,0,0,0,0,0,0,0,0,0,0,0.359,0.483,3.37,0.014,0,kalabalik
5,Run50_AlphaDengeV1,Dengeli,bahcivan,standart,101,yalnız saksı,6,,,24,23,0,0,0,1,16,7,1,0,0,52,120,75,52,25,60,4,0,116,12,0,714,6,3,10,1,1,2.55,0.9,4,0.3,2,21,3.29,2.5,2.67,4,,,0,0,,,,7.49,8.07,30.6,,,6,9,0.669,0.444,6.928,71,0,0,1,hizli_bilekx1,4,0,55,5,15,9,3,0,2,0,4,,0,0,0,0,0,0,0,0,0,0,0.667,0.945,0.436,1,0,27,0,0,274,0,0,4,1,1,0,1,0,1,0,490,0,3,55,55.133,15.529,15.888,7.267,,,,2,0,0,0,0,,0.25,0,0,0,0,0,0,0,0,0,0,0,0,0,0,0,0,0,0,0,0.387,0.537,1.672,0.015,0,kalabalik
5,Run50_AlphaDengeV1,Dengeli,bahcivan,standart,101,yalnız saksı,7,,,26,26,0,0,0,0,15,9,2,0,0,69,69,190,0,0,66,8,0,182,20,0,848,8,6,10,1,1,2.168,0.9,4,0.3,2,25,3.08,2.27,3.22,3.5,,,0,0,0,,,5.92,7.94,16.25,,,6,9,0.635,0.333,6.928,71,0,0,0,hizli_bilekx2,6,0,55,7,21,9,6,0,2,0,4,,0,0,0,0,0,0,0,0,0,0,0.556,1.255,0.473,0,0,27,0,0,112,0,0,4,1,1,0,1,0,1,0,560,0,3,55,55.133,11.265,11.265,,,,,1,0,0,0,0,,,0,0,0,0,0,0,0,0,0,0,0,0,0,0,0,0,0,0,0,0.39,0.52,2.027,0.014,0,kalabalik
5,Run50_AlphaDengeV1,Dengeli,bahcivan,standart,101,yalnız saksı,8,,,24,24,0,0,0,0,17,5,2,0,0,59,128,190,0,0,54,8,0,236,28,0,714,9,3,10,1,1,2.168,0.9,4,0.3,2,25,3.24,2.65,4,3.5,,,0,0,0,,,7.01,12.13,13,,,6,9,0.659,0.333,6.535,76,0,0,0,hizli_bilekx2,5,0,55,8,24,9,12,0,2,0,4,,0,0,0,0,0,0,0,0,0,0,0.667,1.073,0.436,0,0,29,0,0,266,0,0,4,1,1,0,1,0,1,0,600,0,6,55,55.133,13.697,13.697,,,,,1,0,0,0,0,,,0,0,0,0,0,0,0,0,0,0,0,0,0,0,0,0,0,0,0,0.396,0.526,2.346,0.014,0,kalabalik
5,Run50_AlphaDengeV1,Dengeli,bahcivan,standart,101,yalnız saksı,9,,,27,25,0,0,0,2,17,8,1,1,0,93,221,190,0,0,66,4,2,302,32,2,832,10,3,10,1,1,2.168,0.9,4,0.3,2,25,3.36,2.31,3.86,5,5,,0,0,0,0,,5.82,11.14,17.33,13,,6,9,0.679,0.222,6.25,79,0,0,0,hizli_bilekx2,6,0,55,9,27,9,15,0,2,0,4,,0,0,0,0,0,0,0,0,0,0,0.444,1.691,0.491,2,0,23,0,0,498,0,0,4,1,1,0,1,0,1,0,640,0,3,55,55.133,11.927,12.36,6.517,,,,3,0,0,0,0,,0.2,0,0,0,0,0,0,0,0,0,0,0,0,0,0,0,0,0,0,0,0.389,0.517,2.349,0.013,0,kalabalik
5,Run50_AlphaDengeV1,Dengeli,bahcivan,standart,101,yalnız saksı,10,,,22,22,0,0,0,0,17,3,2,0,0,62,283,190,62,40,46,8,0,348,40,2,627,11,3,10,1,1,2.168,0.9,4,0.3,2,25,2.68,2.35,3.67,5.5,,,0,0,0,,,6.37,8.67,15.17,,,6,9,0.51,0.222,6.25,79,0,0,0,hizli_bilekx2,4,0,55,10,30,9,18,0,2,0,4,,0,0,0,0,0,0,0,0,0,0,0.556,1.127,0.4,0,0,22,0,0,485,0,0,4,1,1,0,1,0,1,0,700,0,3,55,55.133,13.198,13.198,,,,,2,0,0,0,0,,,0,0,0,0,0,0,0,0,0,0,0,0,0,0,0,0,0,0,0,0.395,0.52,1.749,0.012,0,kalabalik
5,Run50_AlphaDengeV1,Dengeli,bahcivan,standart,101,yalnız saksı,10,durduruldu (ölçüm sınırı)
6,Run50_AlphaDengeV1,Dengeli,bahcivan,standart,102,yalnız saksı,1,,,13,13,0,0,0,0,10,3,0,0,0,19,19,40,0,0,32,0,0,32,0,0,290,1,0,10,1,1,3,0.9,4,0.3,2,13,2.08,1.8,2.67,,,,36,0,,,,2.4,5,,,,2,4,0.346,0,8,23,0,0,2,,4,0.203,45,0,0,0,0,0,0,0,0,,0,0,0,0,0,0,0,0,0,0,1,0.422,0.289,0,0,22,0,0,290,0,0,0,0,0,0,0,0,1,0,390,0,0,45,45.133,4.215,4.215,,,,,0,0,0,0,0,,,0,0,0,0,0,0,0,0,0,0,0,0,0,0,0,0,0,0,0,0.343,0.437,2.227,0.016,0,kalabalik
6,Run50_AlphaDengeV1,Dengeli,bahcivan,standart,102,yalnız saksı,2,,,13,13,0,0,0,0,10,3,0,0,0,19,38,40,0,0,32,0,0,44,0,0,290,2,3,10,1,1,3,0.9,4,0.3,2,14,2.57,2.1,3.67,,,,10,0,0,,,3.3,8,,,,3,5,0.525,0.2,8,28,0,0,1,,3,0,45,1,3,0,0,0,0,0,0,,0,0,0,0,0,0,0,0,0,0,0.6,0.422,0.289,0,0,22,0,0,190,0,0,0,0,0,0,0,0,1,0,410,0,0,45,45.133,7.077,7.077,,,,,0,0,0,0,0,,,0,0,0,0,0,0,0,0,0,0,0,0,0,0,0,0,0,0,0,0.339,0.44,1.869,0.013,0,kalabalik
6,Run50_AlphaDengeV1,Dengeli,bahcivan,standart,102,yalnız saksı,3,,,14,14,0,0,0,0,9,3,2,0,0,38,76,40,38,10,30,8,0,34,8,0,350,3,3,10,1,1,3,0.9,4,0.3,2,14,3.14,2.56,3.33,3.5,,,0,0,0,,,5.33,12,19.5,,,4,7,0.646,0.429,8,39,0,0,1,,4,0,45,2,6,3,0,0,0,0,0,,0,0,0,0,0,0,0,0,0,0,0.714,0.844,0.311,0,0,24,0,0,130,0,0,0,0,0,0,0,0,1,0,420,0,3,45,45.133,14.16,14.16,,,,,0,0,0,0,0,,,0,0,0,0,0,0,0,0,0,0,0,0,0,0,0,0,0,0,0,0.352,0.465,1.73,0.014,0,kalabalik
6,Run50_AlphaDengeV1,Dengeli,bahcivan,standart,102,yalnız saksı,4,,,21,19,2,0,0,0,18,3,0,0,0,27,27,75,0,0,48,0,0,82,8,0,494,4,3,10,1.25,1,3,0.9,4,0.3,2,14,2.71,1.5,2.33,,,,31,0,,,,2.06,6,,,,4,7,0.452,0,8,39,0,0,0,keskin_bicakx1,6,0.155,45,3,9,6,0,0,3,0,4,,0,0,0,0,0,0,0,0,0,0,0.857,0.6,0.467,2,0,34,0,0,204,0,0,4,1,1,0,1,0,1,0,440,0,3,45,45.133,6.705,6.835,5.467,,,,5,0,0,0,0,,0.229,0,0,0,0,0,0,0,0,0,0,0,0,0,0,0,0,0,0,0,0.392,0.501,2.157,0.014,0,kalabalik
6,Run50_AlphaDengeV1,Dengeli,bahcivan,standart,102,yalnız saksı,5,,,24,24,0,0,0,0,17,6,1,0,0,50,77,75,0,0,58,4,0,100,12,0,612,5,3,10,1.25,1,3,0.9,4,0.3,2,14,3.29,1.53,2,4,,,41,0,0,,,3,4,9,,,5,9,0.548,0.111,7.402,55,0,0,1,keskin_bicakx1,6,0.044,45,4,12,9,0,0,3,0,4,,0,0,0,0,0,0,0,0,0,0,0.667,1.111,0.533,0,0,34,0,0,376,0,0,4,2,2,0,1,0,1,0,470,0,3,45,45.133,8.481,8.481,,,,,3,0,0,0,0,,,0,0,0,0,0,0,0,0,0,0,0,0,0,0,0,0,0,0,0,0.403,0.529,2.358,0.015,0,kalabalik
6,Run50_AlphaDengeV1,Dengeli,bahcivan,standart,102,yalnız saksı,6,,,22,20,2,0,0,0,18,3,1,0,0,50,127,75,50,25,48,4,0,148,16,0,546,6,3,10,1.25,1,3,0.9,4,0.3,2,18,2.33,1.75,2.67,3,,,29,0,,,,3.75,9,27,,,5,9,0.427,0.222,7.402,67,0,0,0,keskin_bicakx1,5,0,55,5,15,9,3,0,3,0,4,,0,0,0,0,0,0,0,0,0,0,0.333,0.909,0.4,2,0,32,0,0,452,0,0,4,2,2,0,1,0,1,0,490,0,3,55,55.133,11.498,12.102,5.467,,,,4,0,0,0,0,,0.444,0,0,0,0,0,0,0,0,0,0,0,0,0,0,0,0,0,0,0,0.4,0.507,1.681,0.013,0,kalabalik
6,Run50_AlphaDengeV1,Dengeli,bahcivan,standart,102,yalnız saksı,7,,,34,30,4,0,0,0,27,7,0,0,0,57,57,190,0,0,82,0,0,230,16,0,883,8,6,10,1.563,1,3,0.9,4,0.3,2,18,3.06,1.42,2.25,,,,50,0,,,,3,4.5,,,,5,9,0.535,0.111,7.402,67,0,0,0,keskin_bicakx2,6,0.036,55,7,21,9,6,0,3,0,4,,0,0,0,0,0,0,0,0,0,0,0.444,1.036,0.618,4,0,41,0,0,325,0,0,4,2,2,0,1,0,1,0,560,0,3,55,55.133,7.182,7.211,6.967,,,,10,0,0,0,0,,0.32,0,0,0,0,0,0,0,0,0,0,0,0,0,0,0,0,0,0,0,0.407,0.521,2.184,0.014,0,kalabalik
6,Run50_AlphaDengeV1,Dengeli,bahcivan,standart,102,yalnız saksı,8,,,33,33,0,0,0,0,29,4,0,0,0,50,107,190,0,0,74,0,0,304,16,0,791,9,3,10,1.563,1,3,0.9,4,0.3,2,18,3.22,1.62,2.5,,,,30,0,,,,3.31,12.75,,,,5,9,0.535,0.222,7.103,70,0,0,0,keskin_bicakx2,6,0,55,8,24,9,12,0,3,0,4,,0,0,0,0,0,0,0,0,0,0,0.333,0.909,0.6,0,0,44,0,0,556,0,0,4,2,2,0,1,0,1,0,600,0,6,55,55.133,8.888,8.888,,,,,4,0,0,0,0,,,0,0,0,0,0,0,0,0,0,0,0,0,0,0,0,0,0,0,0,0.477,0.604,2.215,0.013,0,kalabalik
6,Run50_AlphaDengeV1,Dengeli,bahcivan,standart,102,yalnız saksı,9,,,36,28,8,0,0,0,33,1,2,0,0,72,179,190,0,0,70,8,0,374,24,0,896,11,6,10,1.563,1,3,0.9,4,0.3,2,18,3,1.36,2,4,,,48,0,0,,,1.32,3,30,,,5,9,0.518,0.222,7.103,70,0,0,0,keskin_bicakx2,7,0,55,10,30,9,15,0,3,0,4,,0,0,0,0,0,0,0,0,0,0,0.333,1.309,0.655,8,0,47,0,0,212,0,0,4,2,2,0,1,0,1,0,700,0,3,55,55.133,7.058,6.831,7.854,,,,15,0,0,0,0,,0.325,0,0,0,0,0,0,0,0,0,0,0,0,0,0,0,0,0,0,0,0.386,0.51,2.179,0.013,0,kalabalik
6,Run50_AlphaDengeV1,Dengeli,bahcivan,standart,102,yalnız saksı,10,,,33,28,5,0,0,0,28,5,0,0,0,53,232,190,53,40,76,0,0,450,24,0,864,12,3,10.2,1.563,1,3,0.9,4,0.3,2,18,3.28,1.58,2,,,,35,0,,,,3.25,8.25,,,,5,9,0.536,0.222,6.954,71,0,0,0,keskin_bicakx2,7,0,55,11,33,9,19,2,3,0,4,,0,0,0,0,0,0,0,0,0,0,0.667,0.964,0.6,5,0,49,0,0,376,0,0,4,2,2,0,1,1,1.05,0.05,750,0,6,55,55.133,6.744,6.982,5.413,,,,20,0,0,0,0,,0.131,0,0,0,0,0,0,0,0,0,0,0,0,0,0,0,0,0,0,0,0.395,0.554,1.865,0.015,0,kalabalik
6,Run50_AlphaDengeV1,Dengeli,bahcivan,standart,102,yalnız saksı,10,durduruldu (ölçüm sınırı)
7,Run50_AlphaDengeV1,Dengeli,bahcivan,standart,100,önce hasar,1,,,13,13,0,0,0,0,12,1,0,0,0,15,15,40,0,0,28,0,0,28,0,0,270,1,0,10,1,1,3,0.9,4,0.3,2,13,2.08,1.83,3,,,,21,0,,,,2.5,6,,,,2,4,0.346,0,8,23,0,0,2,,3,0.205,45,0,0,0,0,0,0,0,0,,0,0,0,0,0,0,0,0,0,0,0.5,0.333,0.289,0,0,22,0,0,270,0,0,0,0,0,0,0,0,1,0,390,0,0,45,45.133,4.138,4.138,,,,,0,0,0,0,0,,,0,0,0,0,0,0,0,0,0,0,0,0,0,0,0,0,0,0,0,0.327,0.416,2.324,0.014,0,kalabalik
7,Run50_AlphaDengeV1,Dengeli,bahcivan,standart,100,önce hasar,2,,,16,16,0,0,0,0,13,2,1,0,0,29,44,40,0,0,34,4,0,35,4,0,360,2,3,12,1,1,3,0.9,4,0.3,2,13,2.23,1.46,3,4,,,45,0,0,,,1.38,6,9,,,2,4,0.333,0,8,23,4,4,0,,4,0.244,45,1,3,0,0,0,0,0,0,,0,0,0,0,0,0,0,0,0,0,0.25,0.644,0.356,0,0,26,0,0,240,0,0,0,0,0,0,0,0,1,0,410,0,0,45,45.133,4.167,4.167,,,,,0,0,0,0,0,,,0,0,0,0,0,0,0,0,0,0,0,0,0,0,0,0,0,0,0,0.341,0.446,2.045,0.013,0,kalabalik
7,Run50_AlphaDengeV1,Dengeli,bahcivan,standart,100,önce hasar,3,,,16,14,2,0,0,0,12,3,1,0,0,31,75,40,31,10,36,4,0,37,8,0,370,3,3,13.33,1,1,2.892,0.9,4,0.3,2,12,2.5,1.91,2,,,,17,0,0,,,2.63,2.9,,,,2,4,0.315,0,7.804,23,4,8,0,,4,0.364,45,2,6,3,0,0,2,0,3,,0,0,0,0,0,0,0,0,0,0,0,0.689,0.356,2,0,30,0,0,200,0,0,3,1,1,0,0,0,1,0,420,0,3,45,45.133,3.585,3.771,2.283,,,,3,0,0,0,0,,0.241,0,0,0,0,0,0,0,0,0,0,0,0,0,0,0,0,0,0,0,0.355,0.469,1.587,0.013,0,kalabalik
7,Run50_AlphaDengeV1,Dengeli,bahcivan,standart,100,önce hasar,4,,,18,16,2,0,0,0,11,6,1,0,0,39,39,75,0,0,46,4,0,57,12,0,466,4,3,13.33,1.25,1,2.892,0.9,4,0.3,2,14,2.07,1.5,1.8,1,,,45,33,50,,,1.45,2.89,0,,,3,5,0.317,0,7.804,29,1,9,1,keskin_bicakx1,5,0.217,45,3,9,6,0,0,2,0,3,,0,0,0,0,0,0,0,0,0,0,0.2,0.867,0.4,2,0,47,0,0,246,0,0,3,2,2,6,1,0,1.0667,0,440,0,3,45,45.133,3.8,3.14,9.083,,,,5,0,0,0,0,,0.056,0,0,0,0,0,0,0,0,0,0,0,0,0,0,0,0,0,0,0,0.357,0.461,2.034,0.013,0,kalabalik
7,Run50_AlphaDengeV1,Dengeli,bahcivan,standart,100,önce hasar,5,,,23,22,1,0,0,0,18,4,1,0,0,46,85,75,0,0,52,4,0,69,16,0,637,5,3,13.33,1.25,1,2.892,0.9,4,0.3,2,15,2.73,1.59,2.25,1,,,35,0,,,,2.89,5.78,0,,,4,7,0.527,0,6.699,47,0,9,1,keskin_bicakx1,6,0.153,45,4,12,9,0,0,2,0,3,,0,0,0,0,0,0,0,0,0,0,0.714,1.022,0.511,1,0,45,0,0,443,0,0,3,2,2,6,1,0,1.0667,0,470,0,3,45,45.133,6.123,5.9,11.033,,,,2,0,0,0,0,,0.32,0,0,0,0,0,0,0,0,0,0,0,0,0,0,0,0,0,0,0,0.366,0.493,2.006,0.014,0,kalabalik
7,Run50_AlphaDengeV1,Dengeli,bahcivan,standart,100,önce hasar,6,,,28,26,2,0,0,0,23,5,0,0,0,49,134,75,49,25,66,0,0,95,16,0,707,7,6,13.33,1.25,1,2.892,0.9,4,0.3,2,19,2.26,1.57,1.8,,,,37,25,,,,2.62,8.12,,,,6,9,0.377,0,6.945,71,0,9,2,keskin_bicakx1,5,0.157,55,6,18,9,3,0,2,0,3,,0,0,0,0,0,0,0,0,0,0,0.111,0.891,0.509,2,0,44,0,0,190,0,0,3,2,2,6,1,0,1.0667,0,520,0,3,55,55.133,7.564,7.559,7.633,,,,5,0,0,0,0,,0.28,0,0,0,0,0,0,0,0,0,0,0,0,0,0,0,0,0,0,0,0.374,0.492,2.098,0.014,0,kalabalik
7,Run50_AlphaDengeV1,Dengeli,bahcivan,standart,100,önce hasar,7,,,43,34,9,0,0,0,33,8,2,0,0,88,88,190,0,0,106,8,0,111,24,0,1197,9,6,13.33,1.25,1,2.286,0.9,4,0.3,2,24,2.79,1.38,2,3,,,50,0,0,,,1.85,6.2,4.57,,,7,10,0.492,0.1,7.068,78,5,14,1,keskin_bicakx1 hizli_bilekx1,8,0.036,55,8,24,9,9,0,2,0,3,,0,0,0,0,0,0,0,0,0,0,0.4,1.6,0.782,9,0,48,0,0,307,0,0,3,2,2,6,1,0,1.0667,0,600,0,6,55,55.133,5.549,5.743,4.815,,,,18,0,0,0,0,,0.33,0,0,0,0,0,0,0,0,0,0,0,0,0,0,0,0,0,0,0,0.387,0.539,2.526,0.015,0,kalabalik
7,Run50_AlphaDengeV1,Dengeli,bahcivan,standart,100,önce hasar,8,,,53,45,5,0,0,3,38,9,6,0,0,141,229,190,0,0,121,24,0,132,48,0,1470,11,6,13.33,1.25,1,2.286,0.9,4,0.3,2,24,3.79,1.55,1.86,2.6,,,39,22,0,,,3.4,5.55,12.79,,,10,15,0.584,0.267,6.828,121,0,14,3,keskin_bicakx1 hizli_bilekx1,9,0,55,10,30,15,9,0,2,0,3,,0,0,0,0,0,0,0,0,0,0,0.467,2.564,0.964,8,0,45,0,0,537,0,0,3,3,3,6,1,0,1.0667,0,700,0,6,55,55.133,9.028,8.904,9.721,,,,25,0,0,0,0,,0.292,0,0,0,0,0,0,0,0,0,0,0,0,0,0,0,0,0,0,0,0.401,0.559,2.22,0.017,0,kalabalik
7,Run50_AlphaDengeV1,Dengeli,bahcivan,standart,100,önce hasar,9,,,59,49,8,0,0,2,45,8,6,0,0,168,397,190,0,0,130,24,0,131,42,0,1715,13,6,13.33,1.25,1,2.204,0.9,4,0.3,2,24,3.79,1.5,1.67,1.6,,,38,20,0,,,3.07,5.51,4.41,,,12,18,0.597,0.222,6.538,151,6,20,2,keskin_bicakx1 hizli_bilekx1,12,0,55,12,36,21,9,0,2,0,3,,0,0,0,0,0,0,0,0,0,0,0.611,3.055,1.073,10,0,51,0,0,802,0,0,3,4,3,14,2,0,1.1333,0,810,0,6,55,55.133,9.063,8.865,10.03,,,,30,0,0,0,0,,0.276,0,0,0,0,0,0,0,0,0,0,0,0,0,0,0,0,0,0,0,0.397,0.546,2.323,0.016,0,kalabalik
7,Run50_AlphaDengeV1,Dengeli,bahcivan,standart,100,önce hasar,10,,,57,49,6,0,0,2,49,5,2,1,0,134,531,190,134,40,172,8,2,180,50,2,1610,15,6,14,1.25,1,2.125,0.9,4,0.3,2,25,4,1.59,2.4,3,3,,34,0,0,0,,4.82,8.92,21.25,14.87,,14,21,0.689,0.429,6.496,178,5,25,2,keskin_bicakx1 hizli_bilekx1,12,0,55,14,42,25,11,0,2,0,3,,0,0,0,0,0,0,0,0,0,0,0.667,2.436,1.036,8,0,48,0,0,722,0,0,3,5,4,24,3,0,1.2,0,950,0,6,55,55.133,12.689,12.577,13.379,,,,25,0,0,0,0,,0.258,0,0,0,0,0,0,0,0,0,0,0,0,0,0,0,0,0,0,0,0.406,0.545,2.005,0.016,0,kalabalik
7,Run50_AlphaDengeV1,Dengeli,bahcivan,standart,100,önce hasar,10,durduruldu (ölçüm sınırı)
8,Run50_AlphaDengeV1,Dengeli,bahcivan,standart,101,önce hasar,1,,,13,13,0,0,0,0,12,1,0,0,0,15,15,40,0,0,28,0,0,28,0,0,270,1,0,10,1,1,3,0.9,4,0.3,2,12,2.25,2,3,,,,17,0,,,,3,6,,,,2,4,0.339,0,8,23,0,0,2,,4,0.351,45,0,0,0,0,0,0,0,0,,0,0,0,0,0,0,0,0,0,0,0.75,0.333,0.289,0,0,22,0,0,270,0,0,0,0,0,0,0,0,1,0,390,0,0,45,45.133,4.426,4.426,,,,,0,0,0,0,0,,,0,0,0,0,0,0,0,0,0,0,0,0,0,0,0,0,0,0,0,0.328,0.417,2.511,0.014,0,kalabalik
8,Run50_AlphaDengeV1,Dengeli,bahcivan,standart,101,önce hasar,2,,,15,15,0,0,0,0,11,3,1,0,0,30,45,40,0,0,34,4,0,35,4,0,350,2,3,12,1,1,3,0.9,4,0.3,2,13,2.31,1.64,2.33,3,,,33,0,0,,,1.91,4,6,,,2,4,0.378,0,8,23,4,4,0,,4,0.2,45,1,3,0,0,0,0,0,0,,0,0,0,0,0,0,0,0,0,0,0.5,0.667,0.333,0,0,28,0,0,230,0,0,0,0,0,0,0,0,1,0,410,0,0,45,45.133,4.187,4.187,,,,,0,0,0,0,0,,,0,0,0,0,0,0,0,0,0,0,0,0,0,0,0,0,0,0,0,0.335,0.445,1.838,0.013,0,kalabalik
8,Run50_AlphaDengeV1,Dengeli,bahcivan,standart,101,önce hasar,3,,,8,8,0,0,0,0,6,2,0,0,0,12,57,40,12,10,20,0,0,21,4,0,196,3,3,13.33,1,1,2.892,0.9,4,0.3,2,8,1.63,1.5,1.5,,,,33,0,,,,1.44,1.45,,,,2,4,0.136,0,7.804,23,4,8,0,,2,0.59,45,2,6,3,0,0,2,0,0,,0,0,0,0,0,0,0,0,0,0,0.25,0.267,0.178,0,0,30,0,0,16,0,0,0,1,0,0,1,0,1,0,420,0,3,45,45.133,3.738,3.738,,,,,0,0,0,0,0,,,0,0,0,0,0,0,0,0,0,0,0,0,0,0,0,0,0,0,0,0.332,0.44,1.546,0.012,0,kalabalik
8,Run50_AlphaDengeV1,Dengeli,bahcivan,standart,101,önce hasar,4,,,18,18,0,0,0,0,15,2,1,0,0,32,32,75,0,0,38,4,0,39,8,0,541,4,3,13.33,1,1,2.459,0.9,4,0.3,2,18,1.94,1.6,2.5,4,,,36,0,0,,,1.64,3.7,7.4,,,3,5,0.42,0,7.17,31,0,8,1,hizli_bilekx1,5,0.05,45,3,9,6,0,0,2,0,0,,0,0,0,0,0,0,0,0,0,0,0.6,0.711,0.4,0,0,30,0,0,137,0,0,4,2,1,0,2,0,1,0,440,0,3,45,45.133,4.239,4.239,,,,,0,0,0,0,0,,,0,0,0,0,0,0,0,0,0,0,0,0,0,0,0,0,0,0,0,0.354,0.463,2.14,0.013,0,kalabalik
8,Run50_AlphaDengeV1,Dengeli,bahcivan,standart,101,önce hasar,5,,,20,19,0,0,0,1,15,2,3,0,0,52,84,75,0,0,38,12,0,51,20,0,666,5,3,13.33,1,1,2.459,0.9,4,0.3,2,17,2.35,1.8,2.5,2.5,,,27,0,0,,,2.29,3.68,3.7,,,4,6,0.513,0,7.329,37,1,9,1,hizli_bilekx1,6,0.064,45,4,12,9,0,0,2,0,5,,0,0,0,0,0,0,0,0,0,0,0.333,1.156,0.444,1,0,33,0,0,363,0,0,4,3,1,6,3,0,1.0667,0,470,0,3,45,45.133,6.893,6.604,12.4,,,,1,0,0,0,0,,0.02,0,0,0,0,0,0,0,0,0,0,0,0,0,0,0,0,0,0,0,0.362,0.496,2.024,0.014,0,kalabalik
8,Run50_AlphaDengeV1,Dengeli,bahcivan,standart,101,önce hasar,6,,,22,21,1,0,0,0,19,1,2,0,0,42,126,75,42,25,42,8,0,53,28,0,717,7,6,13.33,1,1,2.459,0.9,4,0.3,2,22,2.64,2.17,3,4,,,24,0,0,,,4.51,14.77,24.6,,,5,8,0.607,0.25,7.424,59,0,9,1,hizli_bilekx1,6,0,55,6,18,9,3,0,2,0,5,,0,0,0,0,0,0,0,0,0,0,0.625,0.764,0.4,1,0,30,0,0,120,0,0,4,3,2,6,3,0,1.0667,0,520,0,3,55,55.133,11.756,12.221,2,,,,3,0,0,0,0,,0.444,0,0,0,0,0,0,0,0,0,0,0,0,0,0,0,0,0,0,0,0.374,0.519,1.862,0.015,0,kalabalik
8,Run50_AlphaDengeV1,Dengeli,bahcivan,standart,101,önce hasar,7,,,30,30,0,0,0,0,22,6,2,0,0,63,63,190,0,0,68,8,0,71,36,0,1034,9,6,13.33,1,1,2.459,0.9,4,0.3,2,22,3.27,1.91,2.33,3.5,,,17,0,0,,,4.36,6.97,12.28,,,6,9,0.615,0.333,6.364,78,1,10,1,hizli_bilekx1 bereketli_toprakx1,6,0,55,8,24,9,9,0,2,0,5,,0,0,0,0,0,0,0,0,0,0,0.889,1.145,0.545,0,0,36,0,0,74,0,0,4,3,3,6,3,0,1.0667,0,600,0,6,55,55.133,8.961,8.961,,,,,4,0,0,0,0,,,0,0,0,0,0,0,0,0,0,0,0,0,0,0,0,0,0,0,0,0.385,0.542,3.422,0.015,0,kalabalik
8,Run50_AlphaDengeV1,Dengeli,bahcivan,standart,101,önce hasar,8,,,37,34,1,0,0,2,30,5,2,0,0,65,128,190,0,0,85,8,0,96,44,0,1244,11,6,13.33,1,1,2.286,0.9,4,0.3,2,24,3.38,1.96,2.6,1,,,17,0,0,,,4.66,9.15,0,,,7,10,0.605,0.3,6.166,89,4,14,1,hizli_bilekx1 bereketli_toprakx1,7,0,55,10,30,15,9,0,2,0,5,,0,0,0,0,0,0,0,0,0,0,0.5,1.182,0.673,3,0,30,0,0,78,0,0,4,4,3,6,3,0,1.0667,0,700,0,6,55,55.133,9.367,9.303,10.089,,,,5,0,0,0,0,,0.075,0,0,0,0,0,0,0,0,0,0,0,0,0,0,0,0,0,0,0,0.385,0.509,3.264,0.015,0,kalabalik
8,Run50_AlphaDengeV1,Dengeli,bahcivan,standart,101,önce hasar,9,,,34,32,2,0,0,0,23,9,2,0,0,73,201,190,0,0,91,8,0,101,22,0,1184,12,3,13.33,1,1,2.286,0.9,4,0.3,2,24,3.75,2.14,2.33,4,,,8,0,0,,,7.49,6.1,11.43,,,8,12,0.665,0.333,6.072,109,4,18,1,hizli_bilekx1 bereketli_toprakx1,8,0,55,11,33,21,9,0,2,0,5,,0,0,0,0,0,0,0,0,0,0,0.75,1.327,0.618,2,0,36,0,0,562,0,0,4,6,4,14,5,0,1.1333,0,750,0,6,55,55.133,11.414,11.483,10.3,,,,6,0,0,0,0,,0.333,0,0,0,0,0,0,0,0,0,0,0,0,0,0,0,0,0,0,0,0.402,0.545,3.283,0.016,0,kalabalik
8,Run50_AlphaDengeV1,Dengeli,bahcivan,standart,101,önce hasar,10,,,31,28,3,0,0,0,27,2,2,0,0,54,255,190,54,40,91,8,0,101,30,0,1016,14,6,13.33,1,1,2.204,0.9,4,0.3,2,24,3.25,2.13,3,1,,,4,0,0,0,,6.33,6.62,0,,,9,14,0.535,0.214,6.116,126,4,22,1,hizli_bilekx1 bereketli_toprakx1,7,0,55,13,39,24,9,0,2,0,5,,0,0,0,0,0,0,0,0,0,0,0.714,0.982,0.564,3,0,32,0,0,18,0,0,4,6,5,24,7,0,1.2,0,880,0,3,55,55.133,12.783,12.937,11.344,,,,6,0,0,0,0,,0.109,0,0,0,0,0,0,0,0,0,0,0,0,0,0,0,0,0,0,0,0.422,0.561,3.389,0.015,0,kalabalik
8,Run50_AlphaDengeV1,Dengeli,bahcivan,standart,101,önce hasar,10,durduruldu (ölçüm sınırı)
9,Run50_AlphaDengeV1,Dengeli,bahcivan,standart,102,önce hasar,1,,,13,13,0,0,0,0,10,3,0,0,0,19,19,40,0,0,32,0,0,32,0,0,290,1,0,10,1,1,3,0.9,4,0.3,2,13,2.08,1.8,2.67,,,,36,0,,,,2.4,5,,,,2,4,0.346,0,8,23,0,0,2,,4,0.203,45,0,0,0,0,0,0,0,0,,0,0,0,0,0,0,0,0,0,0,1,0.422,0.289,0,0,22,0,0,290,0,0,0,0,0,0,0,0,1,0,390,0,0,45,45.133,4.215,4.215,,,,,0,0,0,0,0,,,0,0,0,0,0,0,0,0,0,0,0,0,0,0,0,0,0,0,0,0.342,0.433,3.489,0.015,0,kalabalik
9,Run50_AlphaDengeV1,Dengeli,bahcivan,standart,102,önce hasar,2,,,15,15,0,0,0,0,12,2,1,0,0,28,47,40,0,0,32,4,0,34,4,0,340,2,3,12.67,1,1,3,0.9,4,0.3,2,13,2.31,1.67,2.5,3,,,27,0,0,,,2,4.5,6,,,2,4,0.39,0,8,23,4,4,0,,4,0.244,45,1,3,0,0,0,0,0,0,,0,0,0,0,0,0,0,0,0,0,0.5,0.622,0.333,0,0,28,0,0,240,0,0,0,0,0,0,0,0,1,0,410,0,0,45,45.133,4.593,4.593,,,,,0,0,0,0,0,,,0,0,0,0,0,0,0,0,0,0,0,0,0,0,0,0,0,0,0,0.341,0.443,1.836,0.013,0,kalabalik
9,Run50_AlphaDengeV1,Dengeli,bahcivan,standart,102,önce hasar,3,,,16,16,0,0,0,0,11,4,1,0,0,33,80,40,33,10,38,4,0,41,8,0,417,3,3,13.33,1,1,3,0.9,4,0.3,2,14,2.21,1.73,2.25,3,,,27,0,0,,,3,4.5,6,,,3,5,0.417,0.2,8,28,1,5,1,,3,0,45,2,6,3,0,0,2,0,3,,0,0,0,0,0,0,0,0,0,0,0.6,0.733,0.356,0,0,30,0,0,247,0,0,3,2,2,0,1,0,1,0,420,0,3,45,45.133,5.958,5.958,,,,,0,0,0,0,0,,,0,0,0,0,0,0,0,0,0,0,0,0,0,0,0,0,0,0,0,0.355,0.452,1.479,0.012,0,kalabalik
9,Run50_AlphaDengeV1,Dengeli,bahcivan,standart,102,önce hasar,4,,,20,18,0,0,0,2,11,9,0,0,0,38,38,75,0,0,58,0,0,59,8,0,514,4,3,13.33,1.25,1,3,0.9,4,0.3,2,14,2.79,1.6,1.88,,,,33,18,0,,,1.8,5.25,,,,4,7,0.541,0.143,6.93,45,0,5,1,keskin_bicakx1,5,0.016,45,3,9,6,0,0,2,0,3,,0,0,0,0,0,0,0,0,0,0,0.714,0.844,0.444,2,0,36,0,0,341,0,0,3,2,2,0,1,0,1,0,440,0,3,45,45.133,6.763,6.867,5.833,,,,3,0,0,0,0,,0.243,0,0,0,0,0,0,0,0,0,0,0,0,0,0,0,0,0,0,0,0.361,0.478,2.108,0.013,0,kalabalik
9,Run50_AlphaDengeV1,Dengeli,bahcivan,standart,102,önce hasar,5,,,25,25,0,0,0,0,19,4,2,0,0,51,89,75,0,0,54,8,0,59,16,0,648,6,6,13.33,1.25,1,2.892,0.9,4,0.3,2,15,3.33,1.68,1.75,2,,,25,0,0,,,3.2,6.51,11.58,,,5,9,0.627,0.333,6.355,64,2,7,1,keskin_bicakx1,5,0,45,5,15,9,0,0,2,0,3,,0,0,0,0,0,0,0,0,0,0,0.778,1.133,0.556,0,0,38,0,0,79,0,0,3,2,2,0,2,0,1,0,490,0,3,45,45.133,9.931,9.931,,,,,0,0,0,0,0,,,0,0,0,0,0,0,0,0,0,0,0,0,0,0,0,0,0,0,0,0.366,0.481,2.002,0.013,0,kalabalik
9,Run50_AlphaDengeV1,Dengeli,bahcivan,standart,102,önce hasar,6,,,30,29,0,0,0,1,20,6,4,0,0,78,167,75,78,25,64,16,0,69,32,0,807,7,3,13.33,1.25,1,2.789,0.9,4,0.3,2,19,2.95,1.65,1.83,3,,,26,14,0,,,3.2,2.79,9.3,,,5,9,0.486,0.222,5.798,85,4,11,0,keskin_bicakx1,7,0,55,6,18,9,6,0,2,0,3,,0,0,0,0,0,0,0,0,0,0,0.222,1.418,0.545,1,0,38,0,0,396,0,0,3,2,2,0,2,0,1,0,520,0,6,55,55.133,8.081,8.034,9.433,,,,2,0,0,0,0,,0.1,0,0,0,0,0,0,0,0,0,0,0,0,0,0,0,0,0,0,0,0.372,0.489,1.874,0.013,0,kalabalik
9,Run50_AlphaDengeV1,Dengeli,bahcivan,standart,102,önce hasar,7,,,39,36,1,0,0,2,30,7,2,0,0,71,71,190,0,0,88,8,0,91,40,0,1246,9,6,13.33,1.563,1,2.789,0.9,4,0.3,2,19,3.32,1.55,1.5,3,,,34,50,0,,,3.46,5.11,33.47,,,7,12,0.653,0.167,6.371,104,1,12,2,keskin_bicakx2,6,0,55,8,24,12,6,0,2,0,3,,0,0,0,0,0,0,0,0,0,0,0.583,1.291,0.709,3,0,48,0,0,562,0,0,3,3,3,6,4,0,1.0667,0,600,0,3,55,55.133,11.174,11.186,11.033,,,,7,0,0,0,0,,0.225,0,0,0,0,0,0,0,0,0,0,0,0,0,0,0,0,0,0,0,0.39,0.515,2.125,0.013,0,kalabalik
9,Run50_AlphaDengeV1,Dengeli,bahcivan,standart,102,önce hasar,8,,,40,38,0,0,0,2,34,5,1,0,0,68,139,190,0,0,93,4,0,122,44,0,1277,11,6,13.33,1.563,1,2.689,0.9,4,0.3,2,20,3.9,1.72,2,2,,,18,33,0,,,5.38,6.45,2.7,,,8,14,0.666,0.429,6.55,118,2,14,1,keskin_bicakx2,5,0,55,10,30,18,6,0,2,0,3,,0,0,0,0,0,0,0,0,0,0,0.786,1.236,0.727,2,0,48,0,0,599,0,0,3,3,3,6,7,0,1.0667,0,700,0,6,55,55.133,9.822,9.849,9.3,,,,4,0,0,0,0,,0.333,0,0,0,0,0,0,0,0,0,0,0,0,0,0,0,0,0,0,0,0.415,0.529,2.143,0.014,0,kalabalik
9,Run50_AlphaDengeV1,Dengeli,bahcivan,standart,102,önce hasar,9,,,46,45,0,0,0,1,33,7,6,0,0,121,260,190,0,0,101,24,0,104,38,0,1878,14,9,13.33,1.563,1,2.689,0.9,4,0.3,2,20,4,1.56,1.71,2.17,,,30,33,0,,,4.37,3.46,11.66,,,10,17,0.707,0.412,6.635,141,5,19,2,keskin_bicakx2,7,0,55,13,39,24,6,0,2,0,3,,0,0,0,0,0,0,0,0,0,0,0.647,2.2,0.836,1,0,48,0,0,217,0,0,3,5,4,14,8,0,1.1333,0,880,0,6,55,55.133,12.346,12.35,12.167,,,,3,0,0,0,0,,0.276,0,0,0,0,0,0,0,0,0,0,0,0,0,0,0,0,0,0,0,0.421,0.55,2.453,0.015,0,kalabalik
9,Run50_AlphaDengeV1,Dengeli,bahcivan,standart,102,önce hasar,10,,,43,42,1,0,0,0,32,9,2,0,0,88,348,190,88,40,141,8,0,153,46,0,1578,15,3,13.33,1.563,1,2.5,0.9,4,0.3,2,21,3.95,1.58,2.11,1,,,24,0,,,,4.68,8.33,0,,,11,19,0.75,0.579,6.25,167,4,23,1,keskin_bicakx2,8,0,55,14,42,25,14,0,2,0,3,,0,0,0,0,0,0,0,0,0,0,0.895,1.6,0.782,1,0,48,0,0,915,0,0,3,6,5,24,8,0,1.2,0,950,0,9,55,55.133,16.491,16.587,12.433,,,,13,0,0,0,0,,0.067,0,0,0,0,0,0,0,0,0,0,0,0,0,0,0,0,0,0,0,0.441,0.58,1.897,0.016,0,kalabalik
9,Run50_AlphaDengeV1,Dengeli,bahcivan,standart,102,önce hasar,10,durduruldu (ölçüm sınırı)
10,Run50_AlphaDengeV1,Dengeli,bahcivan,standart,100,önce hız,1,,,13,13,0,0,0,0,12,1,0,0,0,15,15,40,0,0,28,0,0,28,0,0,270,1,0,10,1,1,3,0.9,4,0.3,2,13,2.08,1.83,3,,,,21,0,,,,2.5,6,,,,2,4,0.346,0,8,23,0,0,2,,3,0.205,45,0,0,0,0,0,0,0,0,,0,0,0,0,0,0,0,0,0,0,0.5,0.333,0.289,0,0,22,0,0,270,0,0,0,0,0,0,0,0,1,0,390,0,0,45,45.133,4.138,4.138,,,,,0,0,0,0,0,,,0,0,0,0,0,0,0,0,0,0,0,0,0,0,0,0,0,0,0,0.334,0.423,2.287,0.015,0,kalabalik
10,Run50_AlphaDengeV1,Dengeli,bahcivan,standart,100,önce hız,2,,,16,16,0,0,0,0,15,1,0,0,0,18,33,40,0,0,34,0,0,35,0,0,330,2,3,10,1,1,2.689,0.9,4,0.3,2,15,2.33,2.07,2,,,,13,0,,,,2.87,2.7,,,,2,4,0.317,0,8,23,3,3,0,,4,0.175,45,1,3,0,0,0,0,0,0,,0,0,0,0,0,0,0,0,0,0,0.5,0.4,0.356,0,0,22,0,0,210,0,0,0,0,0,0,0,0,1,0,410,0,0,45,45.133,3.783,3.783,,,,,0,0,0,0,0,,,0,0,0,0,0,0,0,0,0,0,0,0,0,0,0,0,0,0,0,0.344,0.457,1.984,0.013,0,kalabalik
10,Run50_AlphaDengeV1,Dengeli,bahcivan,standart,100,önce hız,3,,,13,13,0,0,0,0,12,1,0,0,0,15,48,40,15,10,28,0,0,30,0,0,270,3,3,10,1,1,2.5,0.9,4,0.3,2,15,2.2,2.17,3,,,,7,0,,,,2.92,5,,,,2,4,0.462,0,6.822,26,3,6,0,,4,0.144,45,2,6,3,0,0,2,0,0,,0,0,0,0,0,0,0,0,0,0,1,0.333,0.289,0,0,23,0,0,70,0,0,0,1,0,0,0,0,1,0,420,0,3,45,45.133,5.305,5.305,,,,,0,0,0,0,0,,,0,0,0,0,0,0,0,0,0,0,0,0,0,0,0,0,0,0,0,0.352,0.455,1.5,0.012,0,kalabalik
10,Run50_AlphaDengeV1,Dengeli,bahcivan,standart,100,önce hız,4,,,18,18,0,0,0,0,16,2,0,0,0,25,25,75,0,0,40,0,0,45,0,0,416,4,3,10.67,1.25,1,2.5,0.9,4,0.3,2,16,2.06,1.56,2.5,,,,25,0,,0,,1.72,8.75,,,,3,5,0.43,0,7.214,31,1,7,1,keskin_bicakx1,5,0.128,45,3,9,6,0,0,2,0,0,,0,0,0,0,0,0,0,0,0,0,0.4,0.556,0.4,0,0,32,0,0,66,0,0,0,2,0,0,1,0,1,0,440,0,3,45,45.133,5.443,5.443,,,,,0,0,0,0,0,,,0,0,0,0,0,0,0,0,0,0,0,0,0,0,0,0,0,0,0,0.35,0.461,2.053,0.012,0,kalabalik
10,Run50_AlphaDengeV1,Dengeli,bahcivan,standart,100,önce hız,5,,,24,23,1,0,0,0,20,3,0,1,0,86,111,75,0,0,52,0,2,57,0,2,643,5,3,10.67,1.25,1,2.5,0.9,4,0.3,2,17,2.65,1.84,2.33,,1,,19,0,,,,2.76,3.33,,0,,4,7,0.487,0,6.933,45,0,7,1,keskin_bicakx1,6,0.147,45,4,12,9,0,0,2,0,5,,0,0,0,0,0,0,0,0,0,0,0.571,1.911,0.533,1,0,32,0,0,269,0,0,5,3,1,0,2,0,1,0,470,0,3,45,45.133,6.535,6.522,6.833,,,,1,0,0,0,0,,0.4,0,0,0,0,0,0,0,0,0,0,0,0,0,0,0,0,0,0,0,0.36,0.481,2.019,0.013,0,kalabalik
10,Run50_AlphaDengeV1,Dengeli,bahcivan,standart,100,önce hız,6,,,23,23,0,0,0,0,17,5,1,0,0,51,162,75,51,25,54,4,0,58,4,2,620,6,3,11.33,1.25,1,2.5,0.9,4,0.3,2,21,2.43,1.71,2.6,4,,,22,0,0,,,2.5,9,12.5,,,6,9,0.438,0,7.11,70,2,9,2,keskin_bicakx1,7,0.068,55,5,15,9,3,0,2,0,5,,0,0,0,0,0,0,0,0,0,0,0.556,0.927,0.418,0,0,35,0,0,419,0,0,5,3,3,0,2,0,1,0,490,0,3,55,55.133,7.819,7.819,,,,,0,0,0,0,0,,,0,0,0,0,0,0,0,0,0,0,0,0,0,0,0,0,0,0,0,0.366,0.48,2.016,0.012,0,kalabalik
10,Run50_AlphaDengeV1,Dengeli,bahcivan,standart,100,önce hız,7,,,38,38,0,0,0,0,24,11,3,0,0,93,93,190,0,0,92,12,0,97,16,2,1213,9,9,12,1.25,1,2.125,0.9,4,0.3,2,25,3,1.63,2.36,2.67,,,30,0,0,,,2.13,5.99,12.04,,,6,9,0.515,0.222,7.11,70,4,13,0,keskin_bicakx1 hizli_bilekx1,7,0,55,8,24,9,6,0,2,0,5,,0,0,0,0,0,0,0,0,0,0,0.333,1.691,0.691,0,0,37,0,0,62,0,0,5,3,3,6,2,0,1.0667,0,600,0,3,55,55.133,7.603,7.603,,,,,0,0,0,0,0,,,0,0,0,0,0,0,0,0,0,0,0,0,0,0,0,0,0,0,0,0.386,0.504,2.229,0.013,0,kalabalik
10,Run50_AlphaDengeV1,Dengeli,bahcivan,standart,100,önce hız,8,,,45,43,1,0,0,1,36,7,2,0,0,89,182,190,0,0,107,8,0,113,24,2,1327,11,6,12,1.25,1,2.125,0.9,4,0.3,2,25,3.64,1.82,2.71,2.5,,,23,0,0,,,4.62,11.23,3.17,,,8,13,0.608,0.231,6.493,110,1,14,2,keskin_bicakx1 hizli_bilekx1,7,0,55,10,30,18,6,0,2,0,5,,0,0,0,0,0,0,0,0,0,0,0.615,1.618,0.818,2,0,37,0,0,149,0,0,5,4,3,6,4,0,1.0667,0,700,0,9,55,55.133,9.275,9.471,5.05,,,,6,0,0,0,0,,0.414,0,0,0,0,0,0,0,0,0,0,0,0,0,0,0,0,0,0,0,0.394,0.515,2.427,0.014,0,kalabalik
10,Run50_AlphaDengeV1,Dengeli,bahcivan,standart,100,önce hız,9,,,44,44,0,0,0,0,31,13,0,0,0,73,255,190,0,0,127,0,0,131,24,2,1430,13,6,12.67,1.25,1,2.125,0.9,4,0.3,2,25,3.84,1.74,2.62,,,,20,0,0,0,,3.91,14.22,,,,9,15,0.672,0.467,6.298,131,5,19,1,keskin_bicakx1 hizli_bilekx1,8,0,55,12,36,24,6,0,2,0,5,,0,0,0,0,0,0,0,0,0,0,0.733,1.327,0.8,0,0,43,0,0,129,0,0,5,4,3,14,5,0,1.1333,0,810,0,6,55,55.133,11.314,11.314,,,,,0,0,0,0,0,,,0,0,0,0,0,0,0,0,0,0,0,0,0,0,0,0,0,0,0,0.391,0.515,2.17,0.013,0,kalabalik
10,Run50_AlphaDengeV1,Dengeli,bahcivan,standart,100,önce hız,10,,,48,42,5,0,0,1,32,14,1,1,0,146,401,190,146,40,166,4,2,177,28,4,1703,15,6,14,1.25,1,2.125,0.9,4,0.3,2,25,3.88,1.67,2.23,3,2,,26,7,,0,,4.56,8.83,6.4,6.37,,11,18,0.715,0.278,6.137,161,5,24,2,keskin_bicakx1 hizli_bilekx1,13,0,55,14,42,25,11,0,2,0,5,,0,0,0,0,0,0,0,0,0,0,0.778,2.655,0.873,6,0,50,0,0,142,0,0,5,5,4,24,5,0,1.2,0,950,0,6,55,55.133,12.903,12.663,14.578,,,,7,0,0,0,0,,0.215,0,0,0,0,0,0,0,0,0,0,0,0,0,0,0,0,0,0,0,0.393,0.513,1.785,0.014,0,kalabalik
10,Run50_AlphaDengeV1,Dengeli,bahcivan,standart,100,önce hız,10,durduruldu (ölçüm sınırı)
11,Run50_AlphaDengeV1,Dengeli,bahcivan,standart,101,önce hız,1,,,13,13,0,0,0,0,12,1,0,0,0,15,15,40,0,0,28,0,0,28,0,0,270,1,0,10,1,1,3,0.9,4,0.3,2,12,2.25,2,3,,,,17,0,,,,3,6,,,,2,4,0.339,0,8,23,0,0,2,,4,0.351,45,0,0,0,0,0,0,0,0,,0,0,0,0,0,0,0,0,0,0,0.75,0.333,0.289,0,0,22,0,0,270,0,0,0,0,0,0,0,0,1,0,390,0,0,45,45.133,4.426,4.426,,,,,0,0,0,0,0,,,0,0,0,0,0,0,0,0,0,0,0,0,0,0,0,0,0,0,0,0.336,0.432,2.257,0.015,0,kalabalik
11,Run50_AlphaDengeV1,Dengeli,bahcivan,standart,101,önce hız,2,,,13,13,0,0,0,0,9,3,1,0,0,28,43,40,0,0,30,4,0,31,4,0,310,2,3,10,1,1,2.689,0.9,4,0.3,2,14,2.71,2.22,2.33,4,,,8,0,0,,,3.29,3.58,8.07,,,2,4,0.412,0,8,23,3,3,0,,4,0.293,45,1,3,0,0,0,0,0,0,,0,0,0,0,0,0,0,0,0,0,1,0.622,0.289,0,0,22,0,0,190,0,0,0,0,0,0,0,0,1,0,410,0,0,45,45.133,4.654,4.654,,,,,0,0,0,0,0,,,0,0,0,0,0,0,0,0,0,0,0,0,0,0,0,0,0,0,0,0.337,0.442,1.766,0.013,0,kalabalik
11,Run50_AlphaDengeV1,Dengeli,bahcivan,standart,101,önce hız,3,,,8,8,0,0,0,0,5,2,1,0,0,26,69,40,26,10,18,4,0,23,8,0,200,2,0,10,1,1,2.5,0.9,4,0.3,2,6,2.67,1.4,2.5,4,,,0,0,0,,,1,3.75,7.5,,,2,4,0.167,0,8,23,2,5,0,,4,0.721,45,1,3,3,0,0,2,0,3,,0,0,0,0,0,0,0,0,0,0,0.25,0.578,0.178,0,0,22,0,0,390,0,0,3,1,1,0,0,0,1,0,410,0,3,45,45.133,5.813,5.813,,,,,0,0,0,0,0,,,0,0,0,0,0,0,0,0,0,0,0,0,0,0,0,0,0,0,0,0.336,0.436,1.582,0.012,0,kalabalik
11,Run50_AlphaDengeV1,Dengeli,bahcivan,standart,101,önce hız,4,,,18,18,0,0,0,0,14,4,0,0,0,35,35,75,0,0,44,0,0,47,8,0,400,3,3,10,1,1,2.125,0.9,4,0.3,2,21,2.33,2.5,3.25,,,,0,0,,,,3.19,6.9,,,,3,5,0.419,0,8,28,0,5,1,hizli_bilekx1,4,0.109,45,2,6,3,0,0,2,0,3,,0,0,0,0,0,0,0,0,0,0,0.2,0.778,0.4,0,0,22,0,0,380,0,0,3,1,1,0,0,0,1,0,420,0,0,45,45.133,5.044,5.044,,,,,0,0,0,0,0,,,0,0,0,0,0,0,0,0,0,0,0,0,0,0,0,0,0,0,0,0.366,0.476,2.277,0.014,0,kalabalik
11,Run50_AlphaDengeV1,Dengeli,bahcivan,standart,101,önce hız,5,,,19,19,0,0,0,0,13,4,2,0,0,55,90,75,0,0,42,8,0,42,16,0,460,4,3,10,1,1,2.125,0.9,4,0.3,2,21,2.67,2.38,2.75,4,,,0,0,0,0,,4.74,6.37,9.57,,,4,7,0.499,0.143,8,39,1,6,1,hizli_bilekx1,6,0.131,45,3,9,6,0,0,2,0,3,,0,0,0,0,0,0,0,0,0,0,0.429,1.222,0.422,0,0,22,0,0,420,0,0,3,1,1,0,0,0,1,0,440,0,3,45,45.133,7.267,7.267,,,,,0,0,0,0,0,,,0,0,0,0,0,0,0,0,0,0,0,0,0,0,0,0,0,0,0,0.362,0.478,2.056,0.013,0,kalabalik
11,Run50_AlphaDengeV1,Dengeli,bahcivan,standart,101,önce hız,6,,,25,25,0,0,0,0,18,6,0,1,0,76,166,75,76,25,60,0,2,62,16,2,590,6,6,10,1,1,2.125,0.9,4,0.3,2,25,3.2,2.56,3.83,,2,,0,0,,,,6.37,14.87,,8.5,,5,9,0.642,0.222,6.822,73,0,6,1,hizli_bilekx1,6,0,55,5,15,9,0,0,2,0,3,,0,0,0,0,0,0,0,0,0,0,0.667,1.382,0.455,0,0,25,0,0,100,0,0,3,1,1,0,0,0,1,0,490,0,3,55,55.133,11.569,11.569,,,,,2,0,0,0,0,,,0,0,0,0,0,0,0,0,0,0,0,0,0,0,0,0,0,0,0,0.376,0.496,1.6,0.013,0,kalabalik
11,Run50_AlphaDengeV1,Dengeli,bahcivan,standart,101,önce hız,7,,,33,30,0,0,0,3,24,8,1,0,0,80,80,190,0,0,80,4,0,85,20,2,760,7,3,11.33,1,1,2.125,0.9,4,0.3,2,25,3.28,2.36,2.43,4,,,0,0,0,,,5.12,9.1,12.73,,,5,9,0.639,0.333,5.563,89,5,11,0,hizli_bilekx1 bereketli_toprakx1,6,0,55,6,18,9,6,0,2,0,3,,0,0,0,0,0,0,0,0,0,0,0.778,1.455,0.6,3,0,30,0,0,370,0,0,3,1,1,0,0,0,1,0,520,0,6,55,55.133,10.144,10.194,9.644,,,,6,0,0,0,0,,0.148,0,0,0,0,0,0,0,0,0,0,0,0,0,0,0,0,0,0,0,0.375,0.489,3.207,0.013,0,kalabalik
11,Run50_AlphaDengeV1,Dengeli,bahcivan,standart,101,önce hız,8,,,36,32,2,0,0,2,30,5,1,0,0,77,157,190,0,0,85,4,0,105,24,2,833,9,6,12,1,1,2.125,0.9,4,0.3,2,25,3.68,2.23,2.4,5,,,3,0,0,,,6.21,5.1,21.23,,,6,11,0.657,0.364,5.741,105,3,14,1,hizli_bilekx1 bereketli_toprakx1,7,0,55,8,24,12,6,0,2,0,3,,0,0,0,0,0,0,0,0,0,0,0.727,1.4,0.655,4,0,35,0,0,123,0,0,3,2,2,6,1,0,1.0667,0,600,0,3,55,55.133,10.733,10.833,9.933,,,,11,0,0,0,0,,0.147,0,0,0,0,0,0,0,0,0,0,0,0,0,0,0,0,0,0,0,0.409,0.585,3.977,0.017,0,kalabalik
11,Run50_AlphaDengeV1,Dengeli,bahcivan,standart,101,önce hız,9,,,39,37,1,0,0,1,30,7,2,0,0,96,253,190,0,0,95,8,0,104,32,2,1018,10,3,12.67,1,1,2.125,0.9,4,0.3,2,25,3.92,2.18,2.71,2,,,10,0,0,,,7.74,10.02,2.13,,,7,13,0.74,0.385,5.285,135,4,18,1,hizli_bilekx1 bereketli_toprakx1,8,0,55,9,27,18,6,0,2,0,3,,0,0,0,0,0,0,0,0,0,0,0.538,1.745,0.709,2,0,32,0,0,541,0,0,3,3,2,14,1,0,1.1333,0,640,0,6,55,55.133,12.221,12.188,12.833,,,,6,0,0,0,0,,0.101,0,0,0,0,0,0,0,0,0,0,0,0,0,0,0,0,0,0,0,0.411,0.587,3.42,0.018,0,kalabalik
11,Run50_AlphaDengeV1,Dengeli,bahcivan,standart,101,önce hız,10,,,30,29,0,0,0,1,20,6,4,0,0,86,339,190,86,40,90,16,0,101,18,2,899,12,6,14,1,1,2.125,0.9,4,0.3,2,25,3.28,2,3,2.5,,,13,0,0,,,5.15,8.14,5.84,,,8,14,0.583,0.429,5.3,145,7,25,1,hizli_bilekx1 bereketli_toprakx1,6,0,55,11,33,21,6,0,2,0,3,,0,0,0,0,0,0,0,0,0,0,0.786,1.564,0.545,1,0,40,0,0,100,0,0,3,3,2,24,1,0,1.2,0,750,0,3,55,55.133,13.307,12.994,22.367,,,,6,0,0,0,0,,0.067,0,0,0,0,0,0,0,0,0,0,0,0,0,0,0,0,0,0,0,0.395,0.536,3.135,0.017,0,kalabalik
11,Run50_AlphaDengeV1,Dengeli,bahcivan,standart,101,önce hız,10,durduruldu (ölçüm sınırı)
12,Run50_AlphaDengeV1,Dengeli,bahcivan,standart,102,önce hız,1,,,13,13,0,0,0,0,10,3,0,0,0,19,19,40,0,0,32,0,0,32,0,0,290,1,0,10,1,1,3,0.9,4,0.3,2,13,2.08,1.8,2.67,,,,36,0,,,,2.4,5,,,,2,4,0.346,0,8,23,0,0,2,,4,0.203,45,0,0,0,0,0,0,0,0,,0,0,0,0,0,0,0,0,0,0,1,0.422,0.289,0,0,22,0,0,290,0,0,0,0,0,0,0,0,1,0,390,0,0,45,45.133,4.215,4.215,,,,,0,0,0,0,0,,,0,0,0,0,0,0,0,0,0,0,0,0,0,0,0,0,0,0,0,0.338,0.424,2.188,0.014,0,kalabalik
12,Run50_AlphaDengeV1,Dengeli,bahcivan,standart,102,önce hız,2,,,16,16,0,0,0,0,12,3,1,0,0,31,50,40,0,0,36,4,0,41,4,0,370,2,3,10,1,1,2.689,0.9,4,0.3,2,14,2.71,2.08,3,4,,,18,0,0,,,2.91,5.37,8.07,,,2,4,0.392,0,8,23,3,3,0,,4,0.281,45,1,3,0,0,0,0,0,0,,0,0,0,0,0,0,0,0,0,0,0,0.689,0.356,0,0,22,0,0,270,0,0,0,0,0,0,0,0,1,0,410,0,0,45,45.133,4.842,4.842,,,,,0,0,0,0,0,,,0,0,0,0,0,0,0,0,0,0,0,0,0,0,0,0,0,0,0,0.34,0.447,1.749,0.013,0,kalabalik
12,Run50_AlphaDengeV1,Dengeli,bahcivan,standart,102,önce hız,3,,,13,13,0,0,0,0,9,2,2,0,0,35,85,40,35,10,26,8,0,29,12,0,320,3,3,10.67,1,1,2.5,0.9,4,0.3,2,14,2,1.89,2.5,3,,,44,0,0,,,2.22,3.75,5,,,2,4,0.354,0,8,23,4,7,0,,4,0.218,45,2,6,3,0,0,0,0,0,,0,0,0,0,0,0,0,0,0,0,0.25,0.778,0.289,0,0,27,0,0,180,0,0,0,0,0,0,0,0,1,0,420,0,3,45,45.133,4.718,4.718,,,,,0,0,0,0,0,,,0,0,0,0,0,0,0,0,0,0,0,0,0,0,0,0,0,0,0,0.351,0.454,1.51,0.012,0,kalabalik
12,Run50_AlphaDengeV1,Dengeli,bahcivan,standart,102,önce hız,4,,,18,18,0,0,0,0,13,3,2,0,0,42,42,75,0,0,38,8,0,40,20,0,430,4,3,11.33,1.25,1,2.5,0.9,4,0.3,2,15,2.33,1.77,2.33,2.5,,,23,0,0,,,2.12,7.5,6.25,,,3,5,0.439,0,6.773,33,1,8,1,keskin_bicakx1,5,0.231,45,3,9,6,0,0,3,0,4,,0,0,0,0,0,0,0,0,0,0,0.2,0.933,0.4,0,0,36,0,0,190,0,0,4,1,1,0,0,0,1,0,440,0,3,45,45.133,5.535,5.535,,,,,1,0,0,0,0,,,0,0,0,0,0,0,0,0,0,0,0,0,0,0,0,0,0,0,0,0.368,0.477,2.111,0.012,0,kalabalik
12,Run50_AlphaDengeV1,Dengeli,bahcivan,standart,102,önce hız,5,,,24,23,0,0,0,1,17,6,0,1,0,65,107,75,0,0,58,0,2,58,20,2,621,5,3,11.33,1.25,1,2.5,0.9,4,0.3,2,17,2.82,1.76,2.6,,3,,22,0,,,,3.82,4.5,,10,,4,7,0.542,0.143,5.541,57,0,8,1,keskin_bicakx1,6,0.097,45,4,12,9,0,0,3,0,4,,0,0,0,0,0,0,0,0,0,0,0.429,1.444,0.533,1,0,36,0,0,371,0,0,4,1,1,0,1,0,1,0,470,0,3,45,45.133,6.694,6.3,15.767,,,,5,0,0,0,0,,0.167,0,0,0,0,0,0,0,0,0,0,0,0,0,0,0,0,0,0,0,0.399,0.516,1.995,0.014,0,kalabalik
12,Run50_AlphaDengeV1,Dengeli,bahcivan,standart,102,önce hız,6,,,26,26,0,0,0,0,21,4,1,0,0,43,150,75,43,25,58,4,0,64,24,2,664,7,6,11.33,1.25,1,2.5,0.9,4,0.3,2,21,2.52,1.76,2.5,3,,,24,0,0,,,3.69,10.63,7.5,,,6,9,0.433,0,6.097,81,2,10,2,keskin_bicakx1,5,0.091,55,6,18,9,3,0,3,0,4,,0,0,0,0,0,0,0,0,0,0,0.333,0.782,0.473,0,0,34,0,0,75,0,0,4,1,1,6,1,0,1.0667,0,520,0,3,55,55.133,7.837,7.837,,,,,0,0,0,0,0,,,0,0,0,0,0,0,0,0,0,0,0,0,0,0,0,0,0,0,0,0.395,0.516,1.806,0.013,0,kalabalik
12,Run50_AlphaDengeV1,Dengeli,bahcivan,standart,102,önce hız,7,,,39,39,0,0,0,0,24,13,2,0,0,88,88,190,0,0,113,8,0,119,32,2,1096,9,6,12,1.563,1,2.5,0.9,4,0.3,2,21,3.52,1.58,1.85,3,,,36,9,0,0,,3.65,4.42,8.75,,,6,9,0.61,0.111,5.878,84,4,14,0,keskin_bicakx2,8,0.005,55,8,24,9,9,0,3,0,4,,0,0,0,0,0,0,0,0,0,0,0.667,1.6,0.709,0,0,42,0,0,91,0,0,4,1,1,6,1,0,1.0667,0,600,0,6,55,55.133,7.137,7.137,,,,,2,0,0,0,0,,,0,0,0,0,0,0,0,0,0,0,0,0,0,0,0,0,0,0,0,0.404,0.515,2.3,0.013,0,kalabalik
12,Run50_AlphaDengeV1,Dengeli,bahcivan,standart,102,önce hız,8,,,43,41,0,0,0,2,29,7,6,1,0,170,258,190,0,0,93,24,2,103,26,4,1297,11,6,12.67,1.563,1,2.5,0.9,4,0.3,2,21,3.62,1.56,2,2.33,2,,41,13,0,,,3.43,9.64,5.83,12.5,,7,11,0.648,0.273,6.002,101,6,20,1,keskin_bicakx2,8,0,55,10,30,15,9,0,3,0,4,,0,0,0,0,0,0,0,0,0,0,0.364,3.091,0.782,2,0,55,0,0,148,0,0,4,1,1,14,2,0,1.1333,0,700,0,6,55,55.133,9.26,9.364,7.117,,,,3,0,0,0,0,,0.35,0,0,0,0,0,0,0,0,0,0,0,0,0,0,0,0,0,0,0,0.466,0.62,2.42,0.014,0,kalabalik
12,Run50_AlphaDengeV1,Dengeli,bahcivan,standart,102,önce hız,9,,,45,41,0,0,0,4,33,8,4,0,0,116,374,190,0,0,139,16,0,142,42,4,1348,13,6,14,1.563,1,2.5,0.9,4,0.3,2,21,3.76,1.67,2.14,2,,,31,0,0,,,4.42,6.43,10,,,8,13,0.629,0.231,6.052,118,5,25,1,keskin_bicakx2,10,0,55,12,36,21,9,0,3,0,4,,0,0,0,0,0,0,0,0,0,0,0.769,2.109,0.818,4,0,62,0,0,46,0,0,4,1,1,24,3,0,1.2,0,810,0,6,55,55.133,9.698,9.571,11,,,,7,0,0,0,0,,0.233,0,0,0,0,0,0,0,0,0,0,0,0,0,0,0,0,0,0,0,0.417,0.552,2.203,0.013,0,kalabalik
12,Run50_AlphaDengeV1,Dengeli,bahcivan,standart,102,önce hız,10,,,45,44,0,0,0,1,27,13,4,0,1,228,602,190,228,40,146,31,0,146,73,4,1513,14,3,14.67,1.563,1,2.41,0.9,4,0.3,2,22,3.82,1.44,1.92,3,,3,48,8,0,,0,3.48,6.23,9.03,,21.7,9,16,0.722,0.438,5.943,148,5,30,1,keskin_bicakx2,10,0,55,13,39,25,11,0,3,0,4,,0,0,0,0,0,0,0,0,0,0,0.688,4.145,0.818,1,0,90,0,0,749,0,0,4,2,2,36,3,0,1.2667,0,880,0,6,55,55.133,12.068,12.149,8.5,,,,6,0,0,0,0,,0.022,0,0,0,0,0,0,0,0,0,0,0,0,0,0,0,0,0,0,0,0.421,0.546,2.623,0.015,0,kalabalik
12,Run50_AlphaDengeV1,Dengeli,bahcivan,standart,102,önce hız,10,durduruldu (ölçüm sınırı)
13,Run50_AlphaDengeV1,Dengeli,bahcivan,standart,100,önce ekonomi,1,,,13,13,0,0,0,0,12,1,0,0,0,15,15,40,0,0,28,0,0,28,0,0,270,1,0,10,1,1,3,0.9,4,0.3,2,13,2.08,1.83,3,,,,21,0,,,,2.5,6,,,,2,4,0.346,0,8,23,0,0,2,,3,0.205,45,0,0,0,0,0,0,0,0,,0,0,0,0,0,0,0,0,0,0,0.5,0.333,0.289,0,0,22,0,0,270,0,0,0,0,0,0,0,0,1,0,390,0,0,45,45.133,4.138,4.138,,,,,0,0,0,0,0,,,0,0,0,0,0,0,0,0,0,0,0,0,0,0,0,0,0,0,0,0.324,0.418,2.223,0.013,0,kalabalik
13,Run50_AlphaDengeV1,Dengeli,bahcivan,standart,100,önce ekonomi,2,,,14,14,0,0,0,0,13,1,0,0,0,16,31,40,0,0,31,0,0,32,0,0,290,2,3,10,1,1,3,0.9,4,0.3,2,13,2.23,2.08,2,,,,18,0,,,,3.23,3,,,,2,4,0.361,0,8,23,3,3,0,,4,0.155,45,1,3,0,0,0,0,0,0,,0,0,0,0,0,0,0,0,0,0,0.5,0.356,0.311,0,0,22,0,0,170,0,0,0,0,0,0,0,0,1,0,410,0,0,45,45.133,5.052,5.052,,,,,0,0,0,0,0,,,0,0,0,0,0,0,0,0,0,0,0,0,0,0,0,0,0,0,0,0.34,0.432,1.766,0.012,0,kalabalik
13,Run50_AlphaDengeV1,Dengeli,bahcivan,standart,100,önce ekonomi,3,,,13,13,0,0,0,0,11,2,0,0,0,17,48,40,17,10,43,0,0,46,0,0,280,3,3,10,1,1,3,0.9,4,0.3,2,13,2.46,2.27,3,,,,0,0,,,,3.82,6,,,,2,4,0.428,0,8,23,2,5,0,,4,0.2,45,2,6,3,0,0,2,0,3,,0,0,0,0,0,0,0,0,0,0,0.75,0.378,0.289,0,0,22,0,0,40,0,0,3,2,1,0,0,0,1,0,420,0,3,45,45.133,5.597,5.597,,,,,0,0,0,0,0,,,0,0,0,0,0,0,0,0,0,0,0,0,0,0,0,0,0,0,0,0.34,0.439,1.544,0.012,0,kalabalik
13,Run50_AlphaDengeV1,Dengeli,bahcivan,standart,100,önce ekonomi,4,,,19,19,0,0,0,0,15,3,1,0,0,34,34,75,0,0,60,4,0,66,4,0,430,4,3,10,1.25,1,3,0.9,4,0.3,2,14,2.86,1.73,3,4,,,29,0,0,,,2.8,7,9,,,3,6,0.497,0,7.021,38,0,5,1,keskin_bicakx1,4,0.044,45,3,9,6,0,0,2,0,3,,0,0,0,0,0,0,0,0,0,0,0.333,0.756,0.422,0,0,28,0,0,50,0,0,3,3,2,0,0,0,1,0,440,0,3,45,45.133,6.784,6.784,,,,,2,0,0,0,0,,,0,0,0,0,0,0,0,0,0,0,0,0,0,0,0,0,0,0,0,0.354,0.474,2.075,0.014,0,kalabalik
13,Run50_AlphaDengeV1,Dengeli,bahcivan,standart,100,önce ekonomi,5,,,23,22,1,0,0,0,19,4,0,0,0,31,65,75,0,0,77,0,0,83,4,0,515,5,3,10,1.25,1,3,0.9,4,0.3,2,14,3.36,1.67,2.75,,,,35,0,,,,3.83,12,,,,5,9,0.572,0.222,6.742,60,0,5,2,keskin_bicakx1,5,0,45,4,12,9,0,0,2,0,3,,0,0,0,0,0,0,0,0,0,0,0.778,0.689,0.511,1,0,28,0,0,125,0,0,3,3,3,0,1,0,1,0,470,0,3,45,45.133,8.499,8.305,12.767,,,,10,0,0,0,0,,0.16,0,0,0,0,0,0,0,0,0,0,0,0,0,0,0,0,0,0,0,0.377,0.53,3.761,0.015,0,kalabalik
13,Run50_AlphaDengeV1,Dengeli,bahcivan,standart,100,önce ekonomi,6,,,24,22,0,0,0,2,15,9,0,0,0,42,107,75,42,25,90,0,0,95,4,0,625,6,3,12,1.25,1,2.789,0.9,4,0.3,2,19,2.37,1.64,2.38,,,,25,0,,,,3.39,6.28,,,,5,9,0.456,0.111,6.413,77,8,13,0,keskin_bicakx1,5,0.053,55,5,15,9,3,0,2,0,3,,0,0,0,0,0,0,0,0,0,0,0.222,0.764,0.436,2,0,34,0,0,280,0,0,3,3,3,6,1,0,1.0667,0,490,0,3,55,55.133,9.39,9.277,10.633,,,,5,0,0,0,0,,0.262,0,0,0,0,0,0,0,0,0,0,0,0,0,0,0,0,0,0,0,0.366,0.476,2.156,0.012,0,kalabalik
13,Run50_AlphaDengeV1,Dengeli,bahcivan,standart,100,önce ekonomi,7,,,46,41,4,0,0,1,37,8,1,0,0,71,71,190,0,0,151,4,0,155,8,0,1201,8,6,12,1.25,1,2.286,0.9,4,0.3,2,24,3.58,1.74,2.29,,,,27,0,0,,,4.64,8.81,,,,7,13,0.573,0.154,6.811,105,1,14,2,keskin_bicakx1 hizli_bilekx1,8,0,55,7,21,12,3,0,2,0,3,,0,0,0,0,0,0,0,0,0,0,0.385,1.291,0.836,5,0,34,0,0,471,0,0,3,4,4,6,3,0,1.0667,0,560,0,3,55,55.133,9.451,8.92,13.807,,,,10,0,0,0,0,,0.189,0,0,0,0,0,0,0,0,0,0,0,0,0,0,0,0,0,0,0,0.38,0.504,2.343,0.014,0,kalabalik
13,Run50_AlphaDengeV1,Dengeli,bahcivan,standart,100,önce ekonomi,8,,,43,35,3,0,0,5,25,15,3,0,0,100,171,190,0,0,150,12,0,156,20,0,1409,11,9,13.33,1.25,1,2.204,0.9,4,0.3,2,24,3.63,1.75,2.08,3,,,15,18,0,,,4.19,4.75,17.63,,,9,16,0.651,0.313,6.859,128,7,21,2,keskin_bicakx1 hizli_bilekx1,8,0,55,10,30,18,3,0,2,0,3,,0,0,0,0,0,0,0,0,0,0,0.563,1.818,0.782,8,0,38,0,0,80,0,0,3,5,5,24,4,0,1.2,0,700,0,6,55,55.133,10.833,9.874,15.025,,,,17,0,0,0,0,,0.283,0,0,0,0,0,0,0,0,0,0,0,0,0,0,0,0,0,0,0,0.383,0.513,2.272,0.014,0,kalabalik
13,Run50_AlphaDengeV1,Dengeli,bahcivan,standart,100,önce ekonomi,9,,,56,44,7,0,0,5,42,10,4,0,0,124,295,190,0,0,176,16,0,181,36,0,1787,13,6,14.67,1.25,1,2.125,0.9,4,0.3,2,25,3.84,1.48,1.88,3.33,,,37,0,0,,,3.03,5.04,21.24,,,10,19,0.66,0.368,6.665,157,6,27,1,keskin_bicakx1 hizli_bilekx1,11,0,55,12,36,25,5,0,2,0,3,,0,0,0,0,0,0,0,0,0,0,0.632,2.255,1.018,12,0,42,0,0,417,0,0,3,6,5,36,5,0,1.2667,0,810,0,9,55,55.133,10.423,10.442,10.353,,,,27,0,0,0,0,,0.376,0,0,0,0,0,0,0,0,0,0,0,0,0,0,0,0,0,0,0,0.41,0.552,2.947,0.016,0,kalabalik
13,Run50_AlphaDengeV1,Dengeli,bahcivan,standart,100,önce ekonomi,10,,,59,45,7,0,0,7,45,9,4,1,0,159,454,190,159,40,189,16,2,198,22,2,1897,15,6,15.33,1.25,1,1.975,0.9,4,0.3,2,27,3.89,1.67,2.13,2,2,,25,0,0,0,,4.49,13.83,11.86,11.87,,12,23,0.685,0.391,6.625,191,6,33,2,keskin_bicakx1 hizli_bilekx1,13,0,55,14,42,25,11,0,2,0,3,,0,0,0,0,0,0,0,0,0,0,0.826,2.891,1.073,14,0,46,0,0,624,0,0,3,6,6,36,5,0,1.2667,0,950,0,6,55,55.133,14.195,15.785,9.086,,,,41,0,0,0,0,,0.261,0,0,0,0,0,0,0,0,0,0,0,0,0,0,0,0,0,0,0,0.407,0.549,2.191,0.016,0,kalabalik
13,Run50_AlphaDengeV1,Dengeli,bahcivan,standart,100,önce ekonomi,10,durduruldu (ölçüm sınırı)
14,Run50_AlphaDengeV1,Dengeli,bahcivan,standart,101,önce ekonomi,1,,,13,13,0,0,0,0,12,1,0,0,0,15,15,40,0,0,28,0,0,28,0,0,270,1,0,10,1,1,3,0.9,4,0.3,2,12,2.25,2,3,,,,17,0,,,,3,6,,,,2,4,0.339,0,8,23,0,0,2,,4,0.351,45,0,0,0,0,0,0,0,0,,0,0,0,0,0,0,0,0,0,0,0.75,0.333,0.289,0,0,22,0,0,270,0,0,0,0,0,0,0,0,1,0,390,0,0,45,45.133,4.426,4.426,,,,,0,0,0,0,0,,,0,0,0,0,0,0,0,0,0,0,0,0,0,0,0,0,0,0,0,0.329,0.421,2.244,0.013,0,kalabalik
14,Run50_AlphaDengeV1,Dengeli,bahcivan,standart,101,önce ekonomi,2,,,13,13,0,0,0,0,9,3,1,0,0,28,43,40,0,0,33,4,0,34,4,0,310,2,3,10,1,1,3,0.9,4,0.3,2,12,2.58,2.22,2.33,4,,,11,0,0,,,3.67,4,9,,,2,4,0.423,0,8,23,3,3,0,,4,0.266,45,1,3,0,0,0,0,0,0,,0,0,0,0,0,0,0,0,0,0,0.75,0.622,0.289,0,0,22,0,0,190,0,0,0,0,0,0,0,0,1,0,410,0,0,45,45.133,5.836,5.836,,,,,0,0,0,0,0,,,0,0,0,0,0,0,0,0,0,0,0,0,0,0,0,0,0,0,0,0.337,0.434,1.903,0.012,0,kalabalik
14,Run50_AlphaDengeV1,Dengeli,bahcivan,standart,101,önce ekonomi,3,,,7,7,0,0,0,0,3,4,0,0,0,15,58,40,15,10,29,0,0,34,4,0,263,3,3,10,1,1,3,0.9,4,0.3,2,11,1.73,2.33,3,,,,0,0,,,,4,6,,,,2,4,0.279,0,8,23,2,5,0,,3,0.331,45,2,6,3,0,0,2,0,0,,0,0,0,0,0,0,0,0,0,0,0.25,0.333,0.156,0,0,22,0,0,43,0,0,0,1,0,0,1,0,1,0,420,0,3,45,45.133,7.452,7.452,,,,,0,0,0,0,0,,,0,0,0,0,0,0,0,0,0,0,0,0,0,0,0,0,0,0,0,0.345,0.451,1.556,0.013,0,kalabalik
14,Run50_AlphaDengeV1,Dengeli,bahcivan,standart,101,önce ekonomi,4,,,15,15,0,0,0,0,13,1,1,0,0,26,26,75,0,0,44,4,0,46,8,0,466,4,3,10.67,1,1,2.459,0.9,4,0.3,2,18,2.17,2.23,3,4,,,14,0,0,,,3.03,4.9,17.2,,,3,5,0.513,0.2,7.108,32,2,7,1,hizli_bilekx1,4,0,45,3,9,6,0,0,2,0,4,,0,0,0,0,0,0,0,0,0,0,0.6,0.578,0.333,0,0,24,0,0,89,0,0,4,3,2,0,1,0,1,0,440,0,3,45,45.133,6.549,6.549,,,,,0,0,0,0,0,,,0,0,0,0,0,0,0,0,0,0,0,0,0,0,0,0,0,0,0,0.356,0.465,2.52,0.013,0,kalabalik
14,Run50_AlphaDengeV1,Dengeli,bahcivan,standart,101,önce ekonomi,5,,,18,18,0,0,0,0,13,4,1,0,0,38,64,75,0,0,59,4,0,59,12,0,611,5,3,10.67,1,1,2.459,0.9,4,0.3,2,18,2.94,2.46,3.25,2,,,0,0,0,,,5.87,7.38,2.47,,,4,7,0.576,0.143,7.151,44,1,8,1,hizli_bilekx1,6,0.016,45,4,12,9,0,0,2,0,4,,0,0,0,0,0,0,0,0,0,0,0.571,0.844,0.4,0,0,24,0,0,260,0,0,4,3,2,0,2,0,1,0,470,0,3,45,45.133,9.481,9.481,,,,,0,0,0,0,0,,,0,0,0,0,0,0,0,0,0,0,0,0,0,0,0,0,0,0,0,0.364,0.486,2.24,0.013,0,kalabalik
14,Run50_AlphaDengeV1,Dengeli,bahcivan,standart,101,önce ekonomi,6,,,23,22,0,0,0,1,17,4,2,0,0,50,114,75,50,25,71,8,0,73,20,0,798,7,6,11.33,1,1,2.459,0.9,4,0.3,2,22,3,2.5,3.25,2.5,,,0,0,0,,,7.07,9.83,3.7,,,5,8,0.609,0.125,7.151,62,2,10,1,hizli_bilekx1,7,0.038,55,6,18,9,3,0,2,0,4,,0,0,0,0,0,0,0,0,0,0,0.625,0.909,0.418,1,0,26,0,0,98,0,0,4,3,2,0,2,0,1,0,520,0,3,55,55.133,11.539,11.194,19.133,,,,1,0,0,0,0,,0.125,0,0,0,0,0,0,0,0,0,0,0,0,0,0,0,0,0,0,0,0.374,0.496,1.698,0.013,0,kalabalik
14,Run50_AlphaDengeV1,Dengeli,bahcivan,standart,101,önce ekonomi,7,,,30,30,0,0,0,0,26,4,0,0,0,38,38,190,0,0,98,0,0,117,20,0,1016,9,6,12,1,1,2.286,0.9,4,0.3,2,24,3.29,2.38,2.75,,,,0,0,,,,6.51,13.71,,,,6,9,0.624,0.444,5.93,83,4,14,1,hizli_bilekx1 bereketli_toprakx1,5,0,55,8,24,15,3,0,2,0,4,,0,0,0,0,0,0,0,0,0,0,0.556,0.691,0.545,0,0,28,0,0,34,0,0,4,3,2,6,3,0,1.0667,0,600,0,6,55,55.133,10.257,10.257,,,,,2,0,0,0,0,,,0,0,0,0,0,0,0,0,0,0,0,0,0,0,0,0,0,0,0,0.385,0.521,3.457,0.015,0,kalabalik
14,Run50_AlphaDengeV1,Dengeli,bahcivan,standart,101,önce ekonomi,8,,,31,29,0,0,0,2,22,7,2,0,0,63,101,190,0,0,101,8,0,110,28,0,1129,10,3,12.67,1,1,2.204,0.9,4,0.3,2,24,3.63,2.29,3,5,,,0,0,0,,,6.72,10.71,19.83,,,7,11,0.705,0.455,5.531,109,5,19,1,hizli_bilekx1 bereketli_toprakx1,6,0,55,9,27,21,3,0,2,0,4,,0,0,0,0,0,0,0,0,0,0,0.636,1.145,0.564,2,0,28,0,0,563,0,0,4,3,2,14,4,0,1.1333,0,640,0,6,55,55.133,12.24,11.784,18.85,,,,5,0,0,0,0,,0.096,0,0,0,0,0,0,0,0,0,0,0,0,0,0,0,0,0,0,0,0.38,0.507,3.328,0.014,0,kalabalik
14,Run50_AlphaDengeV1,Dengeli,bahcivan,standart,101,önce ekonomi,9,,,38,37,0,0,0,1,30,2,5,1,0,116,217,190,0,0,100,20,2,112,48,2,1441,12,6,14,1,1,2.125,0.9,4,0.3,2,25,3.6,2,2,3.2,5,,14,0,0,0,,6.44,19.13,15.73,19.1,,8,13,0.689,0.538,5.222,137,5,24,1,hizli_bilekx1 bereketli_toprakx1,7,0,55,11,33,24,3,0,2,0,4,,0,0,0,0,0,0,0,0,0,0,0.769,2.109,0.691,1,0,32,0,0,664,0,0,4,3,2,24,4,0,1.2,0,750,0,3,55,55.133,12.832,12.825,13.1,,,,7,0,0,0,0,,0.093,0,0,0,0,0,0,0,0,0,0,0,0,0,0,0,0,0,0,0,0.39,0.523,4.123,0.016,0,kalabalik
14,Run50_AlphaDengeV1,Dengeli,bahcivan,standart,101,önce ekonomi,10,,,32,29,0,0,0,3,19,12,1,0,0,65,282,190,65,40,117,4,0,117,22,2,1385,14,6,14.67,1,1,2.048,0.9,4,0.3,2,26,3.31,2.06,2.7,4,,,0,0,0,,,6.14,11.26,14.37,,,9,15,0.623,0.333,5.035,164,6,30,1,hizli_bilekx1 bereketli_toprakx1,8,0,55,13,39,25,8,0,2,0,4,,0,0,0,0,0,0,0,0,0,0,0.733,1.182,0.582,3,0,34,0,0,489,0,0,4,3,2,36,5,0,1.2667,0,880,0,6,55,55.133,15.503,13.992,30.111,,,,4,0,0,0,0,,0.125,0,0,0,0,0,0,0,0,0,0,0,0,0,0,0,0,0,0,0,0.386,0.52,2.958,0.015,0,kalabalik
14,Run50_AlphaDengeV1,Dengeli,bahcivan,standart,101,önce ekonomi,10,durduruldu (ölçüm sınırı)
15,Run50_AlphaDengeV1,Dengeli,bahcivan,standart,102,önce ekonomi,1,,,13,13,0,0,0,0,10,3,0,0,0,19,19,40,0,0,32,0,0,32,0,0,290,1,0,10,1,1,3,0.9,4,0.3,2,13,2.08,1.8,2.67,,,,36,0,,,,2.4,5,,,,2,4,0.346,0,8,23,0,0,2,,4,0.203,45,0,0,0,0,0,0,0,0,,0,0,0,0,0,0,0,0,0,0,1,0.422,0.289,0,0,22,0,0,290,0,0,0,0,0,0,0,0,1,0,390,0,0,45,45.133,4.215,4.215,,,,,0,0,0,0,0,,,0,0,0,0,0,0,0,0,0,0,0,0,0,0,0,0,0,0,0,0.343,0.451,2.604,0.016,0,kalabalik
15,Run50_AlphaDengeV1,Dengeli,bahcivan,standart,102,önce ekonomi,2,,,12,12,0,0,0,0,9,2,1,0,0,25,44,40,0,0,28,4,0,33,4,0,280,2,3,10,1,1,3,0.9,4,0.3,2,12,2.75,2.11,3.5,4,,,11,0,0,,,3.33,7.5,9,,,2,4,0.479,0,8,23,3,3,0,,4,0.222,45,1,3,0,0,0,0,0,0,,0,0,0,0,0,0,0,0,0,0,0.75,0.556,0.267,0,0,22,0,0,180,0,0,0,0,0,0,0,0,1,0,410,0,0,45,45.133,6.75,6.75,,,,,0,0,0,0,0,,,0,0,0,0,0,0,0,0,0,0,0,0,0,0,0,0,0,0,0,0.333,0.439,1.882,0.013,0,kalabalik
15,Run50_AlphaDengeV1,Dengeli,bahcivan,standart,102,önce ekonomi,3,,,13,13,0,0,0,0,12,1,0,0,0,15,59,40,15,10,41,0,0,45,4,0,270,3,3,10,1,1,3,0.9,4,0.3,2,12,2.58,2,2,,,,8,0,,,,3,3,,,,2,4,0.423,0,8,23,2,5,0,,4,0.266,45,2,6,3,0,0,2,0,3,,0,0,0,0,0,0,0,0,0,0,0.75,0.333,0.289,0,0,24,0,0,40,0,0,3,1,1,0,0,0,1,0,420,0,3,45,45.133,5.374,5.374,,,,,0,0,0,0,0,,,0,0,0,0,0,0,0,0,0,0,0,0,0,0,0,0,0,0,0,0.352,0.464,1.468,0.013,0,kalabalik
15,Run50_AlphaDengeV1,Dengeli,bahcivan,standart,102,önce ekonomi,4,,,21,20,0,0,0,1,17,3,1,0,0,36,36,75,0,0,66,4,0,71,8,0,530,4,3,10,1.25,1,3,0.9,4,0.3,2,14,3,1.69,2.33,4,,,20,0,0,,,2.44,5,15,,,3,6,0.41,0,8,34,0,5,1,keskin_bicakx1,5,0.141,45,3,9,6,0,0,2,0,3,,0,0,0,0,0,0,0,0,0,0,0.167,0.8,0.467,1,0,31,0,0,150,0,0,3,1,1,0,2,0,1,0,440,0,3,45,45.133,5.637,5.72,3.967,,,,1,0,0,0,0,,0.417,0,0,0,0,0,0,0,0,0,0,0,0,0,0,0,0,0,0,0,0.358,0.471,2.199,0.014,0,kalabalik
15,Run50_AlphaDengeV1,Dengeli,bahcivan,standart,102,önce ekonomi,5,,,22,22,0,0,0,0,13,8,1,0,0,52,88,75,0,0,79,4,0,83,12,0,671,5,3,10,1.25,1,2.892,0.9,4,0.3,2,15,3.27,1.85,2.63,1,,,20,0,,,,6.24,7.23,0,,,5,9,0.534,0.111,7.431,55,1,6,2,keskin_bicakx1,5,0.045,45,4,12,9,0,0,2,0,3,,0,0,0,0,0,0,0,0,0,0,0.444,1.156,0.489,0,0,33,0,0,381,0,0,3,1,1,0,3,0,1,0,470,0,3,45,45.133,9.127,9.127,,,,,0,0,0,0,0,,,0,0,0,0,0,0,0,0,0,0,0,0,0,0,0,0,0,0,0,0.356,0.478,2.073,0.013,0,kalabalik
15,Run50_AlphaDengeV1,Dengeli,bahcivan,standart,102,önce ekonomi,6,,,22,21,0,0,0,1,19,3,0,0,0,33,121,75,33,25,72,0,0,73,12,0,601,7,6,12,1.25,1,2.689,0.9,4,0.3,2,20,2.25,1.83,2.33,,,,11,0,,,,3.73,7.18,,,,5,9,0.422,0,6.995,71,8,14,0,keskin_bicakx1,4,0.068,55,6,18,9,3,0,2,0,3,,0,0,0,0,0,0,0,0,0,0,0.556,0.6,0.4,1,0,41,0,0,22,0,0,3,1,1,6,3,0,1.0667,0,520,0,3,55,55.133,8.668,8.841,5.033,,,,1,0,0,0,0,,0.48,0,0,0,0,0,0,0,0,0,0,0,0,0,0,0,0,0,0,0,0.36,0.487,1.867,0.013,0,kalabalik
15,Run50_AlphaDengeV1,Dengeli,bahcivan,standart,102,önce ekonomi,7,,,40,38,0,0,0,2,29,10,1,0,0,87,87,190,0,0,137,4,0,150,16,0,1161,9,6,12,1.563,1,2.689,0.9,4,0.3,2,20,3.5,1.52,1.7,2,,,38,25,0,,,2.89,4.84,5.37,,,7,12,0.514,0.25,7.226,91,0,14,2,keskin_bicakx2,6,0,55,8,24,15,3,0,2,0,3,,0,0,0,0,0,0,0,0,0,0,0.667,1.582,0.727,2,0,54,0,0,103,0,0,3,2,1,6,3,0,1.0667,0,600,0,6,55,55.133,7.631,7.656,7.15,,,,6,0,0,0,0,,0.128,0,0,0,0,0,0,0,0,0,0,0,0,0,0,0,0,0,0,0,0.368,0.494,2.158,0.014,0,kalabalik
15,Run50_AlphaDengeV1,Dengeli,bahcivan,standart,102,önce ekonomi,8,,,47,42,0,0,0,5,34,8,5,0,0,132,219,190,0,0,142,20,0,152,36,0,1347,11,6,12,1.563,1,2.689,0.9,4,0.3,2,20,3.95,1.45,1.67,2.2,,,35,13,0,,,3.9,8.52,14.52,,,11,19,0.649,0.368,7.332,143,0,14,4,keskin_bicakx2,9,0,55,10,30,21,3,0,2,0,3,,0,0,0,0,0,0,0,0,0,0,0.579,2.4,0.855,5,0,49,0,0,210,0,0,3,3,3,6,4,0,1.0667,0,700,0,6,55,55.133,14.067,12.793,24.767,,,,17,0,0,0,0,,0.234,0,0,0,0,0,0,0,0,0,0,0,0,0,0,0,0,0,0,0,0.411,0.565,2.228,0.016,0,kalabalik
15,Run50_AlphaDengeV1,Dengeli,bahcivan,standart,102,önce ekonomi,9,,,49,44,2,0,0,3,37,10,1,1,0,117,336,190,0,0,161,4,2,164,10,2,1563,13,6,13.33,1.563,1,2.592,0.9,4,0.3,2,21,4,1.51,1.5,1,,,31,10,0,,,4.37,2.92,0,,,13,22,0.694,0.409,7.223,168,8,22,2,keskin_bicakx2,9,0,55,12,36,25,5,0,2,0,3,,0,0,0,0,0,0,0,0,0,0,0.727,2.127,0.891,5,0,62,0,0,323,0,0,3,3,3,24,7,0,1.2,0,810,0,6,55,55.133,14.209,13.187,23.2,,,,17,0,0,0,0,,0.183,0,0,0,0,0,0,0,0,0,0,0,0,0,0,0,0,0,0,0,0.41,0.544,2.686,0.014,0,kalabalik
15,Run50_AlphaDengeV1,Dengeli,bahcivan,standart,102,önce ekonomi,10,,,55,48,4,0,0,3,44,9,2,0,0,107,443,190,107,40,177,8,0,190,18,2,1834,15,6,14.67,1.563,1,2.5,0.9,4,0.3,2,21,4,1.44,1.4,1.5,,,38,17,0,,0,3.48,2.5,12.5,,,14,25,0.709,0.44,6.959,198,6,28,1,keskin_bicakx2,14,0,55,14,42,25,11,0,2,0,3,,0,0,0,0,0,0,0,0,0,0,0.8,1.945,1,7,0,64,0,0,467,0,0,3,3,3,36,7,0,1.2667,0,950,0,6,55,55.133,17.073,17.19,16.271,,,,21,0,0,0,0,,0.223,0,0,0,0,0,0,0,0,0,0,0,0,0,0,0,0,0,0,0,0.427,0.549,1.973,0.015,0,kalabalik
15,Run50_AlphaDengeV1,Dengeli,bahcivan,standart,102,önce ekonomi,10,durduruldu (ölçüm sınırı)
16,Run50_AlphaDengeV1,Dengeli,bahcivan,standart,100,önce üretim,1,,,13,13,0,0,0,0,12,1,0,0,0,15,15,40,0,0,28,0,0,28,0,0,270,1,0,10,1,1,3,0.9,4,0.3,2,13,2.08,1.83,3,,,,21,0,,,,2.5,6,,,,2,4,0.346,0,8,23,0,0,2,,3,0.205,45,0,0,0,0,0,0,0,0,,0,0,0,0,0,0,0,0,0,0,0.5,0.333,0.289,0,0,22,0,0,270,0,0,0,0,0,0,0,0,1,0,390,0,0,45,45.133,4.138,4.138,,,,,0,0,0,0,0,,,0,0,0,0,0,0,0,0,0,0,0,0,0,0,0,0,0,0,0,0.331,0.435,2.474,0.016,0,kalabalik
16,Run50_AlphaDengeV1,Dengeli,bahcivan,standart,100,önce üretim,2,,,14,14,0,0,0,0,13,1,0,0,0,16,31,40,0,0,30,0,0,34,0,0,290,2,3,10,1,1,3,0.9,4,0.3,2,13,2.23,2.08,2,,,,18,0,,,,3.23,3,,,,2,4,0.408,0,7.427,24,3,3,0,,4,0.129,45,1,3,0,0,0,0,0,0,,0,0,0,0,0,0,0,0,0,0,0.5,0.356,0.311,0,0,22,0,0,170,0,0,0,0,0,0,0,0,1,0,410,0,0,45,45.133,5.562,5.562,,,,,0,0,0,0,0,,,0,0,0,0,0,0,0,0,0,0,0,0,0,0,0,0,0,0,0,0.342,0.44,1.974,0.013,0,kalabalik
16,Run50_AlphaDengeV1,Dengeli,bahcivan,standart,100,önce üretim,3,,,13,13,0,0,0,0,11,2,0,0,0,17,48,40,17,10,30,0,0,34,0,0,280,3,3,10,1,1,3,0.9,4,0.3,2,13,2.46,2.27,3,,,,0,0,,,,3.82,6,,,,2,4,0.475,0,7.427,24,1,4,0,,4,0.16,45,2,6,3,0,0,2,0,3,,0,0,0,0,0,0,0,0,0,0,0.75,0.378,0.289,0,0,22,0,0,40,0,0,3,2,1,0,0,0,1,0,420,0,3,45,45.133,6.192,6.192,,,,,0,0,0,0,0,,,0,0,0,0,0,0,0,0,0,0,0,0,0,0,0,0,0,0,0,0.341,0.46,1.638,0.014,0,kalabalik
16,Run50_AlphaDengeV1,Dengeli,bahcivan,standart,100,önce üretim,4,,,17,16,1,0,0,0,14,3,0,0,0,23,23,75,0,0,40,0,0,40,0,0,370,3,0,10,1.25,1,2.892,0.9,4,0.3,2,15,2.13,1.77,2.33,,,,21,0,,,,2.88,5.78,,,,3,5,0.404,0,7.427,30,2,6,1,keskin_bicakx1,4,0.107,45,2,6,6,0,0,2,0,3,,0,0,0,0,0,0,0,0,0,0,0.2,0.511,0.378,1,0,28,0,0,410,0,0,3,3,2,0,0,0,1,0,420,0,3,45,45.133,5.616,5.496,7.533,,,,1,0,0,0,0,,0.043,0,0,0,0,0,0,0,0,0,0,0,0,0,0,0,0,0,0,0,0.346,0.463,2.242,0.014,0,kalabalik
16,Run50_AlphaDengeV1,Dengeli,bahcivan,standart,100,önce üretim,5,,,19,19,0,0,0,0,13,6,0,0,0,31,54,75,0,0,50,0,0,50,0,0,440,4,3,10,1.25,1,2.892,0.9,4,0.3,2,15,2.87,1.92,2.67,,,,15,0,,,,3.78,10.61,,,,4,7,0.623,0.143,6.745,47,0,6,1,keskin_bicakx1,5,0.038,45,3,9,6,0,0,2,0,3,,0,0,0,0,0,0,0,0,0,0,0.286,0.689,0.422,0,0,28,0,0,430,0,0,3,3,3,0,0,0,1,0,440,0,0,45,45.133,8.105,8.105,,,,,2,0,0,0,0,,,0,0,0,0,0,0,0,0,0,0,0,0,0,0,0,0,0,0,0,0.358,0.474,1.989,0.015,0,kalabalik
16,Run50_AlphaDengeV1,Dengeli,bahcivan,standart,100,önce üretim,6,,,21,21,0,0,0,0,16,4,1,0,0,38,92,75,38,25,48,4,0,48,4,0,480,6,6,11.33,1.25,1,2.789,0.9,4,0.3,2,19,2.32,1.88,2.25,3,,,13,0,0,,,3.84,7.68,5.6,,,5,8,0.545,0.25,6.603,67,4,10,1,keskin_bicakx1,4,0,55,5,15,9,0,0,2,0,3,,0,0,0,0,0,0,0,0,0,0,0.625,0.691,0.382,0,0,30,0,0,0,0,0,3,3,3,0,1,0,1,0,490,0,3,55,55.133,11.635,11.635,,,,,1,0,0,0,0,,,0,0,0,0,0,0,0,0,0,0,0,0,0,0,0,0,0,0,0,0.353,0.477,2.091,0.013,0,kalabalik
16,Run50_AlphaDengeV1,Dengeli,bahcivan,standart,100,önce üretim,7,,,37,34,3,0,0,0,31,6,0,0,0,49,49,190,0,0,86,0,0,88,4,0,1003,7,3,11.33,1.25,1,2.37,0.9,4,0.3,2,23,3,1.68,2.33,,,,23,0,,,,2.88,7.9,,,,6,10,0.588,0.1,6.74,82,1,11,1,keskin_bicakx1 hizli_bilekx1,7,0.005,55,6,18,15,0,0,2,0,3,,0,0,0,0,0,0,0,0,0,0,0.4,0.891,0.673,3,0,32,0,0,513,0,0,3,3,3,6,3,0,1.0667,0,520,0,6,55,55.133,7.264,6.901,11.378,,,,7,0,0,0,0,,0.084,0,0,0,0,0,0,0,0,0,0,0,0,0,0,0,0,0,0,0,0.377,0.52,2.335,0.014,0,kalabalik
16,Run50_AlphaDengeV1,Dengeli,bahcivan,standart,100,önce üretim,8,,,37,35,1,0,0,1,28,7,2,0,0,69,118,190,0,0,91,8,0,109,12,0,1042,9,6,12,1.25,1,2.286,0.9,4,0.3,2,24,3.13,1.81,2.5,2,,,12,0,0,,,2.45,6.47,2.28,,,7,12,0.611,0.333,6.471,102,3,14,1,keskin_bicakx1 hizli_bilekx1,7,0,55,8,24,18,0,0,2,0,3,,0,0,0,0,0,0,0,0,0,0,0.5,1.255,0.673,2,0,43,0,0,475,0,0,3,4,4,6,3,0,1.0667,0,600,0,3,55,55.133,9.119,9.204,7.633,,,,11,0,0,0,0,,0.075,0,0,0,0,0,0,0,0,0,0,0,0,0,0,0,0,0,0,0,0.38,0.522,2.337,0.015,0,kalabalik
16,Run50_AlphaDengeV1,Dengeli,bahcivan,standart,100,önce üretim,9,,,44,33,7,0,0,4,32,8,3,1,0,116,234,190,0,0,104,12,2,112,24,2,1371,11,6,12.67,1.25,1,2.286,0.9,4,0.3,2,24,3.25,1.71,1.83,2.67,,,29,14,0,,,1.62,4.19,10.66,,,8,14,0.597,0.286,6.59,117,4,18,1,keskin_bicakx1 hizli_bilekx1,9,0,55,10,30,24,0,0,2,0,3,,0,0,0,0,0,0,0,0,0,0,0.643,2.109,0.8,11,0,47,0,0,606,0,0,3,5,4,14,4,0,1.1333,0,700,0,6,55,55.133,6.227,6.001,6.906,,,,25,0,0,0,0,,0.251,0,0,0,0,0,0,0,0,0,0,0,0,0,0,0,0,0,0,0,0.412,0.575,2.355,0.017,0,kalabalik
16,Run50_AlphaDengeV1,Dengeli,bahcivan,standart,100,önce üretim,10,,,45,34,10,0,0,1,36,5,4,0,0,91,325,190,91,40,133,16,0,142,40,2,1443,13,6,13.33,1.25,1,2.125,0.9,4,0.3,2,25,3.48,1.59,1.67,2.25,,,32,17,0,,,3.23,5.67,10.63,,,9,16,0.636,0.313,6.644,132,5,23,1,keskin_bicakx1 hizli_bilekx1,10,0,55,12,36,25,5,0,2,0,3,,0,0,0,0,0,0,0,0,0,0,0.813,1.655,0.818,11,0,49,0,0,599,0,0,3,6,4,24,4,0,1.2,0,810,0,6,55,55.133,16.75,20.4,5.467,,,,25,0,0,0,0,,0.291,0,0,0,0,0,0,0,0,0,0,0,0,0,0,0,0,0,0,0,0.436,0.593,3.117,0.017,0,kalabalik
16,Run50_AlphaDengeV1,Dengeli,bahcivan,standart,100,önce üretim,10,durduruldu (ölçüm sınırı)
17,Run50_AlphaDengeV1,Dengeli,bahcivan,standart,101,önce üretim,1,,,13,13,0,0,0,0,12,1,0,0,0,15,15,40,0,0,28,0,0,28,0,0,270,1,0,10,1,1,3,0.9,4,0.3,2,12,2.25,2,3,,,,17,0,,,,3,6,,,,2,4,0.339,0,8,23,0,0,2,,4,0.351,45,0,0,0,0,0,0,0,0,,0,0,0,0,0,0,0,0,0,0,0.75,0.333,0.289,0,0,22,0,0,270,0,0,0,0,0,0,0,0,1,0,390,0,0,45,45.133,4.426,4.426,,,,,0,0,0,0,0,,,0,0,0,0,0,0,0,0,0,0,0,0,0,0,0,0,0,0,0,0.328,0.419,2.353,0.014,0,kalabalik
17,Run50_AlphaDengeV1,Dengeli,bahcivan,standart,101,önce üretim,2,,,13,13,0,0,0,0,9,3,1,0,0,28,43,40,0,0,30,4,0,34,4,0,310,2,3,10,1,1,3,0.9,4,0.3,2,12,2.58,2.22,2.33,4,,,11,0,0,,,3.67,4,9,,,2,4,0.466,0,7.427,24,3,3,0,,4,0.226,45,1,3,0,0,0,0,0,0,,0,0,0,0,0,0,0,0,0,0,0.75,0.622,0.289,0,0,22,0,0,190,0,0,0,0,0,0,0,0,1,0,410,0,0,45,45.133,6.295,6.295,,,,,0,0,0,0,0,,,0,0,0,0,0,0,0,0,0,0,0,0,0,0,0,0,0,0,0,0.334,0.442,1.913,0.013,0,kalabalik
17,Run50_AlphaDengeV1,Dengeli,bahcivan,standart,101,önce üretim,3,,,7,7,0,0,0,0,3,4,0,0,0,15,58,40,15,10,22,0,0,26,4,0,263,3,3,10,1,1,3,0.9,4,0.3,2,11,1.73,2.33,3,,,,0,0,,,,4,6,,,,2,4,0.319,0,7.427,24,1,4,0,,3,0.236,45,2,6,3,0,0,2,0,0,,0,0,0,0,0,0,0,0,0,0,0.25,0.333,0.156,0,0,22,0,0,43,0,0,0,1,0,0,1,0,1,0,420,0,3,45,45.133,8.529,8.529,,,,,0,0,0,0,0,,,0,0,0,0,0,0,0,0,0,0,0,0,0,0,0,0,0,0,0,0.339,0.456,1.703,0.013,0,kalabalik
17,Run50_AlphaDengeV1,Dengeli,bahcivan,standart,101,önce üretim,4,,,16,16,0,0,0,0,12,3,1,0,0,31,31,75,0,0,36,4,0,42,8,0,527,4,3,10,1,1,2.55,0.9,4,0.3,2,17,2.59,2.42,3,4,,,0,0,0,,,3.83,5.09,28.07,,,3,5,0.531,0.2,6.598,34,0,4,1,hizli_bilekx1,4,0,45,3,9,6,0,0,2,0,0,,0,0,0,0,0,0,0,0,0,0,0.4,0.689,0.356,0,0,22,0,0,150,0,0,0,3,0,0,1,0,1,0,440,0,3,45,45.133,7.044,7.044,,,,,0,0,0,0,0,,,0,0,0,0,0,0,0,0,0,0,0,0,0,0,0,0,0,0,0,0.345,0.459,2.251,0.013,0,kalabalik
17,Run50_AlphaDengeV1,Dengeli,bahcivan,standart,101,önce üretim,5,,,16,16,0,0,0,0,11,5,0,0,0,26,57,75,0,0,42,0,0,44,8,0,485,5,3,10,1,1,2.55,0.9,4,0.3,2,17,2.65,2.09,3,,,,8,0,0,,,4.87,9.18,,,,4,7,0.615,0.286,6.344,50,0,4,1,hizli_bilekx1,4,0,45,4,12,9,0,0,2,0,0,,0,0,0,0,0,0,0,0,0,0,0.714,0.578,0.356,0,0,26,0,0,195,0,0,0,3,0,0,1,0,1,0,470,0,3,45,45.133,9.588,9.588,,,,,0,0,0,0,0,,,0,0,0,0,0,0,0,0,0,0,0,0,0,0,0,0,0,0,0,0.359,0.478,2.066,0.013,0,kalabalik
17,Run50_AlphaDengeV1,Dengeli,bahcivan,standart,101,önce üretim,6,,,20,20,0,0,0,0,12,7,1,0,0,43,100,75,43,25,52,4,0,57,12,0,615,6,3,10.67,1,1,2.459,0.9,4,0.3,2,22,2.68,2.33,3.29,3,,,0,0,0,,,5.94,8.08,34.4,,,5,8,0.712,0.25,6.56,67,3,7,1,hizli_bilekx1,5,0,55,5,15,12,0,0,2,0,0,,0,0,0,0,0,0,0,0,0,0,0.625,0.782,0.364,0,0,28,0,0,340,0,0,0,3,0,0,1,0,1,0,490,0,3,55,55.133,15.652,15.652,,,,,0,0,0,0,0,,,0,0,0,0,0,0,0,0,0,0,0,0,0,0,0,0,0,0,0,0.363,0.488,1.683,0.013,0,kalabalik
17,Run50_AlphaDengeV1,Dengeli,bahcivan,standart,101,önce üretim,7,,,27,27,0,0,0,0,19,7,1,0,0,50,50,190,0,0,66,4,0,72,16,0,896,8,6,11.33,1,1,2.015,0.9,4,0.3,2,27,2.7,2.05,3.43,2,,,14,0,,,,3.82,7.48,2,,,6,9,0.619,0.333,6.705,74,4,11,1,hizli_bilekx2,4,0,55,7,21,15,0,0,2,0,0,,0,0,0,0,0,0,0,0,0,0,0.667,0.909,0.491,0,0,31,0,0,226,0,0,7,3,1,6,1,0,1.0667,0,560,0,3,55,55.133,9.049,9.049,,,,,0,0,0,0,0,,,0,0,0,0,0,0,0,0,0,0,0,0,0,0,0,0,0,0,0,0.375,0.489,1.941,0.013,0,kalabalik
17,Run50_AlphaDengeV1,Dengeli,bahcivan,standart,101,önce üretim,8,,,30,30,0,0,0,0,19,8,3,0,0,73,123,190,0,0,78,12,0,100,28,0,1014,10,6,12,1,1,1.943,0.9,4,0.3,2,28,2.96,2,2.88,4.67,,,19,0,0,,,2.76,10.93,22.67,,,7,10,0.622,0.4,6.808,81,3,14,1,hizli_bilekx2,5,0,55,9,27,21,0,0,2,0,8,,0,0,0,0,0,0,0,0,0,0,0.5,1.327,0.545,0,0,31,0,0,80,0,0,7,5,3,6,1,0,1.0667,0,640,0,6,55,55.133,12.942,12.942,,,,,3,0,0,0,0,,,0,0,0,0,0,0,0,0,0,0,0,0,0,0,0,0,0,0,0,0.376,0.508,2.518,0.014,0,kalabalik
17,Run50_AlphaDengeV1,Dengeli,bahcivan,standart,101,önce üretim,9,,,31,30,0,0,0,1,22,7,2,0,0,68,191,190,0,0,79,8,0,91,36,0,1025,11,3,12.67,1,1,1.943,0.9,4,0.3,2,28,2.93,2.29,2.57,2,,,4,0,,,,4.71,11.93,8.73,,,8,12,0.654,0.417,6.885,96,3,17,1,hizli_bilekx2,6,0,55,10,30,25,2,0,2,0,8,,0,0,0,0,0,0,0,0,0,0,0.583,1.236,0.564,1,0,33,0,0,465,0,0,7,7,3,14,1,0,1.1333,0,700,0,6,55,55.133,11.566,11.81,4.233,,,,4,0,0,0,0,,0.067,0,0,0,0,0,0,0,0,0,0,0,0,0,0,0,0,0,0,0,0.4,0.536,2.239,0.014,0,kalabalik
17,Run50_AlphaDengeV1,Dengeli,bahcivan,standart,101,önce üretim,10,,,30,29,0,0,0,1,19,8,3,0,0,86,277,190,86,40,78,12,0,83,18,0,1109,13,6,13.33,1,1,1.873,0.9,4,0.3,2,29,2.69,2.22,2.38,3.67,,,0,0,0,,,6.66,9.36,10,,,9,14,0.492,0.286,6.945,111,5,22,1,hizli_bilekx2,5,0,55,12,36,25,5,0,2,0,8,,0,0,0,0,0,0,0,0,0,0,0.429,1.564,0.545,1,0,33,0,0,124,0,0,7,7,3,24,1,0,1.2,0,810,0,3,55,55.133,15.958,16.244,7.667,,,,4,0,0,0,0,,0.194,0,0,0,0,0,0,0,0,0,0,0,0,0,0,0,0,0,0,0,0.413,0.559,2.171,0.016,0,kalabalik
17,Run50_AlphaDengeV1,Dengeli,bahcivan,standart,101,önce üretim,10,durduruldu (ölçüm sınırı)
18,Run50_AlphaDengeV1,Dengeli,bahcivan,standart,102,önce üretim,1,,,13,13,0,0,0,0,10,3,0,0,0,19,19,40,0,0,32,0,0,32,0,0,290,1,0,10,1,1,3,0.9,4,0.3,2,13,2.08,1.8,2.67,,,,36,0,,,,2.4,5,,,,2,4,0.346,0,8,23,0,0,2,,4,0.203,45,0,0,0,0,0,0,0,0,,0,0,0,0,0,0,0,0,0,0,1,0.422,0.289,0,0,22,0,0,290,0,0,0,0,0,0,0,0,1,0,390,0,0,45,45.133,4.215,4.215,,,,,0,0,0,0,0,,,0,0,0,0,0,0,0,0,0,0,0,0,0,0,0,0,0,0,0,0.336,0.425,2.61,0.014,0,kalabalik
18,Run50_AlphaDengeV1,Dengeli,bahcivan,standart,102,önce üretim,2,,,12,12,0,0,0,0,9,2,1,0,0,25,44,40,0,0,26,4,0,27,4,0,280,2,3,10,1,1,3,0.9,4,0.3,2,12,2.75,2.11,3.5,4,,,11,0,0,,,3.33,7.5,9,,,2,4,0.515,0,7.427,24,4,4,0,,4,0.195,45,1,3,0,0,0,0,0,0,,0,0,0,0,0,0,0,0,0,0,0.75,0.556,0.267,0,0,22,0,0,180,0,0,0,0,0,0,0,0,1,0,410,0,0,45,45.133,7.15,7.15,,,,,0,0,0,0,0,,,0,0,0,0,0,0,0,0,0,0,0,0,0,0,0,0,0,0,0,0.33,0.433,1.833,0.012,0,kalabalik
18,Run50_AlphaDengeV1,Dengeli,bahcivan,standart,102,önce üretim,3,,,16,16,0,0,0,0,12,4,0,0,0,26,70,40,26,10,40,0,0,40,4,0,360,3,3,10,1,1,2.892,0.9,4,0.3,2,15,2.53,2,3,,,,17,0,,,,3.13,8.68,,,,3,5,0.502,0.2,7.427,30,1,5,1,,4,0,45,2,6,3,0,0,2,0,3,,0,0,0,0,0,0,0,0,0,0,0.4,0.578,0.356,0,0,24,0,0,130,0,0,3,1,1,0,0,0,1,0,420,0,3,45,45.133,7.004,7.004,,,,,0,0,0,0,0,,,0,0,0,0,0,0,0,0,0,0,0,0,0,0,0,0,0,0,0,0.357,0.474,1.537,0.012,0,kalabalik
18,Run50_AlphaDengeV1,Dengeli,bahcivan,standart,102,önce üretim,4,,,18,18,0,0,0,0,14,3,1,0,0,48,48,75,0,0,40,4,0,45,8,0,410,4,3,10.67,1.25,1,2.892,0.9,4,0.3,2,15,2.33,1.64,2.33,3,,,31,0,0,,,1.85,3.86,11.57,,,3,5,0.428,0,7.108,32,2,7,0,keskin_bicakx1,4,0.071,45,3,9,6,0,0,2,0,3,,0,0,0,0,0,0,0,0,0,0,0.4,1.067,0.4,0,0,33,0,0,120,0,0,3,1,1,0,0,0,1,0,440,0,3,45,45.133,5.491,5.491,,,,,0,0,0,0,0,,,0,0,0,0,0,0,0,0,0,0,0,0,0,0,0,0,0,0,0,0.353,0.472,2.286,0.013,0,kalabalik
18,Run50_AlphaDengeV1,Dengeli,bahcivan,standart,102,önce üretim,5,,,18,18,0,0,0,0,13,4,1,0,0,46,94,75,0,0,42,4,0,47,12,0,528,5,3,10.67,1.25,1,2.892,0.9,4,0.3,2,15,2.8,1.92,2.5,2,,,13,0,,,,3.78,7.24,5.8,,,4,7,0.577,0.143,7.188,44,0,7,1,keskin_bicakx1,4,0.015,45,4,12,9,0,0,2,0,3,,0,0,0,0,0,0,0,0,0,0,0.571,1.022,0.4,0,0,33,0,0,208,0,0,3,1,1,0,2,0,1,0,470,0,3,45,45.133,8.53,8.53,,,,,1,0,0,0,0,,,0,0,0,0,0,0,0,0,0,0,0,0,0,0,0,0,0,0,0,0.358,0.477,2.013,0.012,0,kalabalik
18,Run50_AlphaDengeV1,Dengeli,bahcivan,standart,102,önce üretim,6,,,22,22,0,0,0,0,18,4,0,0,0,40,134,75,40,25,52,0,0,54,12,0,615,6,3,11.33,1.25,1,2.789,0.9,4,0.3,2,19,2.32,1.94,1.75,,,,18,0,0,,,4.34,2.08,,,,5,8,0.466,0.125,7.236,61,3,10,1,keskin_bicakx1,5,0.036,55,5,15,12,0,0,2,0,3,,0,0,0,0,0,0,0,0,0,0,0.625,0.727,0.4,0,0,33,0,0,353,0,0,3,3,1,0,2,0,1,0,490,0,3,55,55.133,8.556,8.556,,,,,1,0,0,0,0,,,0,0,0,0,0,0,0,0,0,0,0,0,0,0,0,0,0,0,0,0.363,0.475,2.004,0.012,0,kalabalik
18,Run50_AlphaDengeV1,Dengeli,bahcivan,standart,102,önce üretim,7,,,27,25,0,0,0,2,19,6,2,0,0,75,75,190,0,0,62,8,0,62,20,0,812,8,6,12,1.563,1,2.789,0.9,4,0.3,2,19,2.89,1.71,2.17,3,,,26,0,0,,,3.45,5.58,5.57,,,6,10,0.656,0.3,7.267,76,2,12,1,keskin_bicakx2,5,0,55,7,21,15,0,0,2,0,3,,0,0,0,0,0,0,0,0,0,0,0.8,1.364,0.491,2,0,43,0,0,155,0,0,3,3,2,6,3,0,1.0667,0,560,0,3,55,55.133,7.806,8.244,2.333,,,,3,0,0,0,0,,0.393,0,0,0,0,0,0,0,0,0,0,0,0,0,0,0,0,0,0,0,0.365,0.481,2.059,0.013,0,kalabalik
18,Run50_AlphaDengeV1,Dengeli,bahcivan,standart,102,önce üretim,8,,,37,34,0,0,0,3,27,8,2,0,0,92,167,190,0,0,94,8,0,114,28,0,1089,10,6,12,1.563,1,2.689,0.9,4,0.3,2,20,2.95,1.48,2,1,,,43,14,0,,,2.05,5.71,0,,,7,11,0.607,0.364,6.913,88,2,14,1,keskin_bicakx2,5,0,55,9,27,21,0,0,2,0,3,,0,0,0,0,0,0,0,0,0,0,0.455,1.673,0.673,3,0,46,0,0,84,0,0,3,5,3,6,3,0,1.0667,0,640,0,6,55,55.133,9.35,9.577,6.767,,,,11,0,0,0,0,,0.31,0,0,0,0,0,0,0,0,0,0,0,0,0,0,0,0,0,0,0,0.378,0.492,2.338,0.014,0,kalabalik
18,Run50_AlphaDengeV1,Dengeli,bahcivan,standart,102,önce üretim,9,,,37,32,0,0,0,5,28,7,2,0,0,101,268,190,0,0,91,8,0,92,36,0,1126,11,3,12.67,1.563,1,2.592,0.9,4,0.3,2,21,3.29,1.48,2.8,3,,,43,0,0,,,2.9,11.41,9.05,,,8,13,0.616,0.385,6.977,102,5,19,1,keskin_bicakx2,6,0,55,10,30,25,2,0,2,0,3,,0,0,0,0,0,0,0,0,0,0,0.615,1.836,0.673,5,0,44,0,0,570,0,0,3,6,3,14,3,0,1.1333,0,700,0,6,55,55.133,8.878,8.3,12.58,,,,9,0,0,0,0,,0.278,0,0,0,0,0,0,0,0,0,0,0,0,0,0,0,0,0,0,0,0.402,0.539,2.217,0.014,0,kalabalik
18,Run50_AlphaDengeV1,Dengeli,bahcivan,standart,102,önce üretim,10,,,40,35,0,0,0,5,30,5,5,0,0,130,398,190,130,40,115,20,0,116,26,0,1320,13,6,13.33,1.563,1,2.5,0.9,4,0.3,2,21,3.38,1.59,2.25,1.75,,,32,17,0,,,3.7,6.25,3.75,,,9,15,0.648,0.4,6.954,119,5,24,1,keskin_bicakx2,9,0,55,12,36,25,5,0,2,0,3,,0,0,0,0,0,0,0,0,0,0,0.667,2.364,0.727,5,0,52,0,0,440,0,0,3,6,4,24,3,0,1.2,0,810,0,3,55,55.133,13.178,13.837,8.567,,,,13,0,0,0,0,,0.22,0,0,0,0,0,0,0,0,0,0,0,0,0,0,0,0,0,0,0,0.424,0.569,1.929,0.015,0,kalabalik
18,Run50_AlphaDengeV1,Dengeli,bahcivan,standart,102,önce üretim,10,durduruldu (ölçüm sınırı)
19,Run50_AlphaDengeV1,Dengeli,bahcivan,standart,100,önce XP,1,,,13,13,0,0,0,0,12,1,0,0,0,15,15,40,0,0,28,0,0,28,0,0,270,1,0,10,1,1,3,0.9,4,0.3,2,13,2.08,1.83,3,,,,21,0,,,,2.5,6,,,,2,4,0.346,0,8,23,0,0,2,,3,0.205,45,0,0,0,0,0,0,0,0,,0,0,0,0,0,0,0,0,0,0,0.5,0.333,0.289,0,0,22,0,0,270,0,0,0,0,0,0,0,0,1,0,390,0,0,45,45.133,4.138,4.138,,,,,0,0,0,0,0,,,0,0,0,0,0,0,0,0,0,0,0,0,0,0,0,0,0,0,0,0.343,0.453,5.1,0.016,0,kalabalik
19,Run50_AlphaDengeV1,Dengeli,bahcivan,standart,100,önce XP,2,,,14,14,0,0,0,0,13,1,0,0,0,16,31,40,0,0,30,0,0,31,0,0,333,2,3,10,1,1,3,0.9,4,0.3,2,13,2.23,2.08,2,,,,18,0,,,,3.23,3,,,,2,4,0.377,0,7.804,23,4,4,0,,4,0.146,45,1,3,0,0,0,0,0,0,,0,0,0,0,0,0,0,0,0,0,0.5,0.356,0.311,0,0,22,0,0,213,0,0,0,0,0,14,0,0,1.1333,0,410,0,0,45,45.133,5.224,5.224,,,,,0,0,0,0,0,,,0,0,0,0,0,0,0,0,0,0,0,0,0,0,0,0,0,0,0,0.338,0.433,2.116,0.012,0,kalabalik
19,Run50_AlphaDengeV1,Dengeli,bahcivan,standart,100,önce XP,3,,,14,14,0,0,0,0,12,2,0,0,0,18,49,40,18,10,32,0,0,34,0,0,376,3,3,10,1,1,2.892,0.9,4,0.3,2,14,2.5,2.25,3,,,,0,0,,,,3.62,5.8,,,,2,4,0.426,0,7.804,23,3,7,0,,4,0.197,45,2,6,3,0,0,2,0,3,,0,0,0,0,0,0,0,0,0,0,0.5,0.4,0.311,0,0,22,0,0,179,0,0,3,2,1,36,0,0,1.2667,0,420,0,3,45,45.133,5.269,5.269,,,,,0,0,0,0,0,,,0,0,0,0,0,0,0,0,0,0,0,0,0,0,0,0,0,0,0,0.348,0.485,1.549,0.014,0,kalabalik
19,Run50_AlphaDengeV1,Dengeli,bahcivan,standart,100,önce XP,4,,,15,15,0,0,0,0,12,1,2,0,0,35,35,75,0,0,28,8,0,28,8,0,470,4,3,10,1.25,1,2.892,0.9,4,0.3,2,15,2.33,1.75,4,3.5,,,27,0,0,,,2.17,8.7,7.23,,,3,5,0.426,0,7.804,29,1,8,1,keskin_bicakx1,3,0.089,45,3,9,6,0,0,2,0,3,,0,0,0,0,0,0,0,0,0,0,0.4,0.778,0.333,0,0,28,0,0,229,0,0,3,3,2,50,0,0,1.3333,0,440,0,3,45,45.133,5.791,5.791,,,,,2,0,0,0,0,,,0,0,0,0,0,0,0,0,0,0,0,0,0,0,0,0,0,0,0,0.348,0.485,3.151,0.016,0,kalabalik
19,Run50_AlphaDengeV1,Dengeli,bahcivan,standart,100,önce XP,5,,,18,18,0,0,0,0,8,9,1,0,0,45,80,75,0,0,52,4,0,55,12,0,659,5,3,10.67,1.25,1,2.892,0.9,4,0.3,2,15,2.6,1.63,2.11,3,,,22,0,0,,,1.81,4.5,8.7,,,4,6,0.499,0,7.438,36,1,9,1,keskin_bicakx1,5,0.089,45,4,12,9,0,0,2,0,3,,0,0,0,0,0,0,0,0,0,0,0.5,1,0.4,0,0,30,0,0,448,0,0,3,3,2,50,1,0,1.3333,0,470,0,3,45,45.133,6.435,6.435,,,,,3,0,0,0,0,,,0,0,0,0,0,0,0,0,0,0,0,0,0,0,0,0,0,0,0,0.38,0.54,2.206,0.017,0,kalabalik
19,Run50_AlphaDengeV1,Dengeli,bahcivan,standart,100,önce XP,6,,,18,17,0,0,0,1,14,3,1,0,0,33,113,75,33,25,40,4,0,48,16,0,590,7,6,11.33,1.25,1,2.892,0.9,4,0.3,2,18,2.11,2,2,4,,,8,0,0,,,6.9,6.76,34.8,,,5,8,0.478,0,7.076,62,1,10,1,keskin_bicakx1,4,0.081,55,6,18,9,3,0,2,0,3,,0,0,0,0,0,0,0,0,0,0,0.125,0.6,0.327,1,0,30,0,0,78,0,0,3,3,2,50,1,0,1.3333,0,520,0,3,55,55.133,12.533,12.353,15.6,,,,5,0,0,0,0,,0.08,0,0,0,0,0,0,0,0,0,0,0,0,0,0,0,0,0,0,0,0.378,0.515,2.292,0.017,0,kalabalik
19,Run50_AlphaDengeV1,Dengeli,bahcivan,standart,100,önce XP,7,,,34,27,7,0,0,0,22,11,1,0,0,68,68,190,0,0,88,4,0,116,20,0,1126,9,6,11.33,1.25,1,2.459,0.9,4,0.3,2,22,2.95,1.56,2.18,,,,38,10,0,,,2,6.48,,,,6,9,0.544,0.111,6.911,72,0,10,1,keskin_bicakx1 hizli_bilekx1,8,0.001,55,8,24,9,9,0,2,0,3,,0,0,0,0,0,0,0,0,0,0,0.444,1.236,0.618,7,0,32,0,0,124,0,0,3,3,3,50,1,0,1.3333,0,600,0,6,55,55.133,7.494,7.033,9.271,,,,23,0,0,0,0,,0.095,0,0,0,0,0,0,0,0,0,0,0,0,0,0,0,0,0,0,0,0.4,0.579,3.149,0.018,0,kalabalik
19,Run50_AlphaDengeV1,Dengeli,bahcivan,standart,100,önce XP,8,,,33,32,1,0,0,0,21,8,4,0,0,105,173,190,0,0,82,16,0,90,36,0,1147,11,6,12,1.25,1,2.286,0.9,4,0.3,2,24,3.13,1.8,2.38,3.25,,,17,0,0,0,,3.89,7.14,5.15,,,6,9,0.541,0.111,6.911,72,7,17,0,keskin_bicakx1 hizli_bilekx1,6,0.017,55,10,30,9,15,0,2,0,3,,0,0,0,0,0,0,0,0,0,0,0.667,1.909,0.6,1,0,34,0,0,31,0,0,3,3,3,50,1,0,1.3333,0,700,0,6,55,55.133,7.934,7.396,25.167,,,,19,0,0,0,0,,0.071,0,0,0,0,0,0,0,0,0,0,0,0,0,0,0,0,0,0,0,0.39,0.55,2.478,0.017,0,kalabalik
19,Run50_AlphaDengeV1,Dengeli,bahcivan,standart,100,önce XP,9,,,37,30,7,0,0,0,20,8,6,3,0,205,378,190,0,0,80,24,6,80,30,6,1424,13,6,12,1.25,1,2.286,0.9,4,0.3,2,24,3.38,1.72,2,2.25,2,,28,0,0,0,,3.3,5.33,9.73,6.85,,8,13,0.667,0.385,6.284,114,1,18,2,keskin_bicakx1 hizli_bilekx1,7,0,55,12,36,15,15,0,2,0,3,,0,0,0,0,0,0,0,0,0,0,0.538,3.727,0.673,7,0,34,0,0,5,0,0,3,3,3,50,2,0,1.3333,0,810,0,6,55,55.133,11.037,9.806,16.314,,,,31,0,0,0,0,,0.098,0,0,0,0,0,0,0,0,0,0,0,0,0,0,0,0,0,0,0,0.416,0.591,2.311,0.017,0,kalabalik
19,Run50_AlphaDengeV1,Dengeli,bahcivan,standart,100,önce XP,10,,,36,34,2,0,0,0,18,11,5,2,0,167,545,190,167,40,91,20,4,100,50,10,1535,14,3,12.67,1.25,1,2.286,0.9,4,0.3,2,24,3.63,1.88,2.5,2.2,2,,6,0,0,0,,4.98,12.57,10.06,8,,9,15,0.701,0.467,6.295,131,3,21,1,keskin_bicakx1 hizli_bilekx1,7,0,55,13,39,21,15,0,2,0,3,,0,0,0,0,0,0,0,0,0,0,0.667,3.036,0.655,2,0,36,0,0,730,0,0,3,4,3,50,4,0,1.3333,0,880,0,6,55,55.133,15.121,14.661,22.95,,,,23,0,0,0,0,,0.193,0,0,0,0,0,0,0,0,0,0,0,0,0,0,0,0,0,0,0,0.448,0.631,2.695,0.018,0,kalabalik
19,Run50_AlphaDengeV1,Dengeli,bahcivan,standart,100,önce XP,10,durduruldu (ölçüm sınırı)
20,Run50_AlphaDengeV1,Dengeli,bahcivan,standart,101,önce XP,1,,,13,13,0,0,0,0,12,1,0,0,0,15,15,40,0,0,28,0,0,28,0,0,270,1,0,10,1,1,3,0.9,4,0.3,2,12,2.25,2,3,,,,17,0,,,,3,6,,,,2,4,0.339,0,8,23,0,0,2,,4,0.351,45,0,0,0,0,0,0,0,0,,0,0,0,0,0,0,0,0,0,0,0.75,0.333,0.289,0,0,22,0,0,270,0,0,0,0,0,0,0,0,1,0,390,0,0,45,45.133,4.426,4.426,,,,,0,0,0,0,0,,,0,0,0,0,0,0,0,0,0,0,0,0,0,0,0,0,0,0,0,0.335,0.436,2.398,0.015,0,kalabalik
20,Run50_AlphaDengeV1,Dengeli,bahcivan,standart,101,önce XP,2,,,13,13,0,0,0,0,9,3,1,0,0,28,43,40,0,0,30,4,0,31,4,0,354,2,3,10,1,1,3,0.9,4,0.3,2,12,2.58,2.22,2.33,4,,,11,0,0,,,3.67,4,9,,,2,4,0.437,0,7.804,23,4,4,0,,4,0.253,45,1,3,0,0,0,0,0,0,,0,0,0,0,0,0,0,0,0,0,0.75,0.622,0.289,0,0,22,0,0,234,0,0,0,0,0,14,0,0,1.1333,0,410,0,0,45,45.133,5.99,5.99,,,,,0,0,0,0,0,,,0,0,0,0,0,0,0,0,0,0,0,0,0,0,0,0,0,0,0,0.341,0.456,1.825,0.013,0,kalabalik
20,Run50_AlphaDengeV1,Dengeli,bahcivan,standart,101,önce XP,3,,,7,7,0,0,0,0,3,4,0,0,0,15,58,40,15,10,22,0,0,24,4,0,310,3,3,10,1,1,2.892,0.9,4,0.3,2,12,1.67,2.33,3,,,,0,0,,,,3.87,5.8,,,,2,4,0.272,0,7.804,23,3,7,0,,3,0.33,45,2,6,3,0,0,2,0,0,,0,0,0,0,0,0,0,0,0,0,0.25,0.333,0.156,0,0,22,0,0,134,0,0,0,1,0,36,1,0,1.2667,0,420,0,3,45,45.133,7.171,7.171,,,,,0,0,0,0,0,,,0,0,0,0,0,0,0,0,0,0,0,0,0,0,0,0,0,0,0,0.339,0.446,1.561,0.012,0,kalabalik
20,Run50_AlphaDengeV1,Dengeli,bahcivan,standart,101,önce XP,4,,,14,13,1,0,0,0,12,2,0,0,0,18,18,75,0,0,32,0,0,37,4,0,575,4,3,10.67,1,1,2.459,0.9,4,0.3,2,12,2.92,2.17,4,,,,8,0,,,,2.87,7.37,,,,2,4,0.458,0,7.804,23,2,9,0,hizli_bilekx1,4,0.355,45,3,9,6,0,0,2,0,4,,0,0,0,0,0,0,0,0,0,0,0.5,0.4,0.311,1,0,24,0,0,289,0,0,4,2,1,50,1,0,1.3333,0,440,0,3,45,45.133,5.452,5.528,4.467,,,,1,0,0,0,0,,0.194,0,0,0,0,0,0,0,0,0,0,0,0,0,0,0,0,0,0,0,0.343,0.456,2.315,0.012,0,kalabalik
20,Run50_AlphaDengeV1,Dengeli,bahcivan,standart,101,önce XP,5,,,15,15,0,0,0,0,9,5,1,0,0,34,52,75,0,0,38,4,0,48,8,0,889,6,6,11.33,1,1,2.459,0.9,4,0.3,2,18,2.28,2.33,2.8,4,,,0,0,0,,,3.82,4.92,7.37,,,3,5,0.472,0.2,7.804,29,1,10,1,hizli_bilekx1,3,0,45,5,15,9,0,0,2,0,4,,0,0,0,0,0,0,0,0,0,0,0.4,0.756,0.333,0,0,26,0,0,268,0,0,4,3,2,50,2,0,1.3333,0,490,0,3,45,45.133,7.056,7.056,,,,,1,0,0,0,0,,,0,0,0,0,0,0,0,0,0,0,0,0,0,0,0,0,0,0,0,0.359,0.483,2.376,0.013,0,kalabalik
20,Run50_AlphaDengeV1,Dengeli,bahcivan,standart,101,önce XP,6,,,19,17,2,0,0,0,13,5,1,0,0,38,90,75,38,25,46,4,0,54,12,0,1073,8,6,11.33,1,1,2.459,0.9,4,0.3,2,22,2.68,2.67,3,5,,,7,0,0,,,8.81,8.61,17.2,,,4,7,0.644,0.143,6.761,57,0,10,1,hizli_bilekx1,5,0.046,55,7,21,9,6,0,2,0,4,,0,0,0,0,0,0,0,0,0,0,1,0.691,0.345,2,0,26,0,0,331,0,0,4,3,2,50,2,0,1.3333,0,560,0,6,55,55.133,11.779,11.867,11.033,,,,7,0,0,0,0,,0.098,0,0,0,0,0,0,0,0,0,0,0,0,0,0,0,0,0,0,0,0.397,0.528,1.729,0.014,0,kalabalik
20,Run50_AlphaDengeV1,Dengeli,bahcivan,standart,101,önce XP,7,,,28,26,1,0,0,1,20,6,2,0,0,58,58,190,0,0,64,8,0,68,20,0,1635,11,9,11.33,1,1,2.459,0.9,4,0.3,2,22,3.41,2.16,3,3.5,,,6,0,0,,,5.05,7.87,18.43,,,5,8,0.662,0.25,5.769,76,1,11,1,hizli_bilekx1 bereketli_toprakx1,6,0,55,10,30,9,12,0,2,0,4,,0,0,0,0,0,0,0,0,0,0,0.75,1.055,0.509,2,0,26,0,0,166,0,0,4,3,2,50,2,0,1.3333,0,700,0,6,55,55.133,10.151,10.41,6.783,,,,11,0,0,0,0,,0.234,0,0,0,0,0,0,0,0,0,0,0,0,0,0,0,0,0,0,0,0.396,0.529,3.366,0.014,0,kalabalik
20,Run50_AlphaDengeV1,Dengeli,bahcivan,standart,101,önce XP,8,,,31,30,1,0,0,0,21,8,2,0,0,65,123,190,0,0,82,8,0,82,28,0,1875,13,6,12,1,1,2.286,0.9,4,0.3,2,24,3.25,1.95,3.13,3,,,5,0,0,,,4,8.57,5.73,,,6,9,0.658,0.444,5.913,84,5,16,1,hizli_bilekx1 bereketli_toprakx1,5,0,55,12,36,18,12,0,2,0,4,,0,0,0,0,0,0,0,0,0,0,0.556,1.182,0.564,1,0,28,0,0,591,0,0,4,3,2,50,6,0,1.3333,0,810,0,9,55,55.133,9.166,9.083,11.633,,,,7,0,0,0,0,,0.241,0,0,0,0,0,0,0,0,0,0,0,0,0,0,0,0,0,0,0,0.41,0.557,3.382,0.016,0,kalabalik
20,Run50_AlphaDengeV1,Dengeli,bahcivan,standart,101,önce XP,9,,,33,29,3,0,0,1,22,9,2,0,0,69,192,190,0,0,89,8,0,91,36,0,2009,15,6,12.67,1,1,2.286,0.9,4,0.3,2,24,3.54,2.28,2.89,3,,,9,0,0,,,6.73,8.63,11.43,,,7,11,0.685,0.364,6.016,101,2,18,1,hizli_bilekx1 bereketli_toprakx1,7,0,55,14,42,24,12,0,2,0,4,,0,0,0,0,0,0,0,0,0,0,0.455,1.255,0.6,4,0,32,0,0,910,0,0,4,4,2,50,8,0,1.3333,0,950,0,6,55,55.133,10.607,10.389,12.192,,,,13,0,0,0,0,,0.158,0,0,0,0,0,0,0,0,0,0,0,0,0,0,0,0,0,0,0,0.479,0.654,3.656,0.017,0,kalabalik
20,Run50_AlphaDengeV1,Dengeli,bahcivan,standart,101,önce XP,10,,,27,22,5,0,0,0,20,6,1,0,0,48,240,190,48,40,70,4,0,77,10,0,1601,17,6,13.33,1,1,2.204,0.9,4,0.3,2,24,2.92,2.41,2.75,4,,,0,0,0,,,7,8.81,17.63,,,8,13,0.595,0.308,5.724,125,5,23,1,hizli_bilekx1 bereketli_toprakx1,6,0,55,16,48,25,17,0,2,0,4,,0,0,0,0,0,0,0,0,0,0,0.538,0.873,0.491,5,0,32,0,0,561,0,0,4,4,2,50,8,0,1.3333,0,1100,0,6,55,55.133,12.151,13.411,6.607,,,,6,0,0,0,0,,0.158,0,0,0,0,0,0,0,0,0,0,0,0,0,0,0,0,0,0,0,0.404,0.549,3.218,0.015,0,kalabalik
20,Run50_AlphaDengeV1,Dengeli,bahcivan,standart,101,önce XP,10,durduruldu (ölçüm sınırı)
21,Run50_AlphaDengeV1,Dengeli,bahcivan,standart,102,önce XP,1,,,13,13,0,0,0,0,10,3,0,0,0,19,19,40,0,0,32,0,0,32,0,0,290,1,0,10,1,1,3,0.9,4,0.3,2,13,2.08,1.8,2.67,,,,36,0,,,,2.4,5,,,,2,4,0.346,0,8,23,0,0,2,,4,0.203,45,0,0,0,0,0,0,0,0,,0,0,0,0,0,0,0,0,0,0,1,0.422,0.289,0,0,22,0,0,290,0,0,0,0,0,0,0,0,1,0,390,0,0,45,45.133,4.215,4.215,,,,,0,0,0,0,0,,,0,0,0,0,0,0,0,0,0,0,0,0,0,0,0,0,0,0,0,0.34,0.444,2.344,0.017,0,kalabalik
21,Run50_AlphaDengeV1,Dengeli,bahcivan,standart,102,önce XP,2,,,12,12,0,0,0,0,9,2,1,0,0,25,44,40,0,0,26,4,0,28,4,0,336,2,3,10,1,1,3,0.9,4,0.3,2,12,2.75,2.11,3.5,4,,,11,0,0,,,3.33,7.5,9,,,2,4,0.491,0,7.804,23,4,4,0,,4,0.213,45,1,3,0,0,0,0,0,0,,0,0,0,0,0,0,0,0,0,0,0.75,0.556,0.267,0,0,22,0,0,236,0,0,0,0,0,24,0,0,1.2,0,410,0,0,45,45.133,6.883,6.883,,,,,0,0,0,0,0,,,0,0,0,0,0,0,0,0,0,0,0,0,0,0,0,0,0,0,0,0.336,0.435,2.151,0.013,0,kalabalik
21,Run50_AlphaDengeV1,Dengeli,bahcivan,standart,102,önce XP,3,,,13,13,0,0,0,0,12,1,0,0,0,15,59,40,15,10,28,0,0,30,4,0,364,3,3,10,1,1,3,0.9,4,0.3,2,12,2.58,2,2,,,,8,0,,,,3,3,,,,2,4,0.437,0,7.804,23,2,6,0,,4,0.253,45,2,6,3,0,0,2,0,3,,0,0,0,0,0,0,0,0,0,0,0.75,0.333,0.289,0,0,24,0,0,190,0,0,3,1,1,50,0,0,1.3333,0,420,0,3,45,45.133,5.574,5.574,,,,,0,0,0,0,0,,,0,0,0,0,0,0,0,0,0,0,0,0,0,0,0,0,0,0,0,0.353,0.454,1.56,0.012,0,kalabalik
21,Run50_AlphaDengeV1,Dengeli,bahcivan,standart,102,önce XP,4,,,17,16,0,0,0,1,13,3,1,0,0,32,32,75,0,0,38,4,0,41,8,0,524,4,3,10,1.25,1,3,0.9,4,0.3,2,14,2.14,1.54,2,2,,,33,0,0,,,2.08,3,3,,,3,5,0.386,0,7.804,29,1,7,1,keskin_bicakx1,4,0.14,45,3,9,6,0,0,2,0,3,,0,0,0,0,0,0,0,0,0,0,0.8,0.711,0.378,1,0,30,0,0,294,0,0,3,1,1,50,2,0,1.3333,0,440,0,3,45,45.133,5.543,5.123,12.267,,,,2,0,0,0,0,,0.222,0,0,0,0,0,0,0,0,0,0,0,0,0,0,0,0,0,0,0,0.351,0.457,2.104,0.013,0,kalabalik
21,Run50_AlphaDengeV1,Dengeli,bahcivan,standart,102,önce XP,5,,,22,22,0,0,0,0,18,3,1,0,0,40,72,75,0,0,48,4,0,49,12,0,674,6,6,10,1.25,1,3,0.9,4,0.3,2,14,3.29,1.61,2.67,3,,,30,0,,,,2.5,16,9,,,4,7,0.609,0.143,6.511,48,0,7,1,keskin_bicakx1,5,0.04,45,5,15,9,0,0,2,0,3,,0,0,0,0,0,0,0,0,0,0,0.571,0.889,0.489,0,0,28,0,0,58,0,0,3,1,1,50,3,0,1.3333,0,490,0,3,45,45.133,7.245,7.245,,,,,2,0,0,0,0,,,0,0,0,0,0,0,0,0,0,0,0,0,0,0,0,0,0,0,0,0.362,0.473,2.245,0.016,0,kalabalik
21,Run50_AlphaDengeV1,Dengeli,bahcivan,standart,102,önce XP,6,,,26,26,0,0,0,0,19,5,2,0,0,67,139,75,67,25,58,8,0,68,20,0,888,7,3,11.33,1.25,1,2.892,0.9,4,0.3,2,19,2.68,1.68,2.2,3.5,,,18,0,0,,,3.5,5.79,13.02,,,5,8,0.439,0,6.142,72,3,10,1,keskin_bicakx1,5,0.125,55,6,18,9,6,0,2,0,3,,0,0,0,0,0,0,0,0,0,0,0.125,1.218,0.473,0,0,37,0,0,456,0,0,3,1,1,50,3,0,1.3333,0,520,0,6,55,55.133,8.883,8.883,,,,,0,0,0,0,0,,,0,0,0,0,0,0,0,0,0,0,0,0,0,0,0,0,0,0,0,0.378,0.528,2.578,0.017,0,kalabalik
21,Run50_AlphaDengeV1,Dengeli,bahcivan,standart,102,önce XP,7,,,36,36,0,0,0,0,30,6,0,0,0,55,55,190,0,0,84,0,0,84,20,0,1125,9,6,11.33,1.563,1,2.789,0.9,4,0.3,2,19,3.53,1.67,2.33,,,,30,14,,,,3.62,7.9,,,,6,9,0.618,0.111,6.419,77,3,13,1,keskin_bicakx2,6,0.001,55,8,24,9,9,0,2,0,3,,0,0,0,0,0,0,0,0,0,0,0.556,1,0.655,0,0,51,0,0,501,0,0,3,1,1,50,3,0,1.3333,0,600,0,3,55,55.133,7.583,7.583,,,,,0,0,0,0,0,,,0,0,0,0,0,0,0,0,0,0,0,0,0,0,0,0,0,0,0,0.375,0.495,2.398,0.013,0,kalabalik
21,Run50_AlphaDengeV1,Dengeli,bahcivan,standart,102,önce XP,8,,,38,36,0,0,0,2,25,9,4,0,0,108,163,190,0,0,95,16,0,109,36,0,1339,11,6,12,1.563,1,2.689,0.9,4,0.3,2,20,3.6,1.75,1.89,2.33,,,21,11,0,,,3.92,4.79,16.13,,,7,11,0.649,0.273,6.617,91,3,16,1,keskin_bicakx2,6,0,55,10,30,15,9,0,2,0,3,,0,0,0,0,0,0,0,0,0,0,0.545,1.964,0.691,2,0,56,0,0,600,0,0,3,1,1,50,3,0,1.3333,0,700,0,6,55,55.133,9.936,9.775,12.833,,,,4,0,0,0,0,,0.061,0,0,0,0,0,0,0,0,0,0,0,0,0,0,0,0,0,0,0,0.377,0.505,2.253,0.016,0,kalabalik
21,Run50_AlphaDengeV1,Dengeli,bahcivan,standart,102,önce XP,9,,,42,39,0,0,0,3,34,5,3,0,0,95,258,190,0,0,93,12,0,101,18,0,1434,13,6,12.67,1.563,1,2.689,0.9,4,0.3,2,20,3.75,1.73,1.8,3,,,23,20,0,,,4.81,5.38,10.73,,,8,13,0.652,0.385,6.6,108,5,21,1,keskin_bicakx2,7,0,55,12,36,21,9,0,2,0,3,,0,0,0,0,0,0,0,0,0,0,0.692,1.727,0.764,3,0,53,0,0,584,0,0,3,2,1,50,4,0,1.3333,0,810,0,6,55,55.133,10.934,10.687,14.144,,,,6,0,0,0,0,,0.192,0,0,0,0,0,0,0,0,0,0,0,0,0,0,0,0,0,0,0,0.386,0.523,2.178,0.017,0,kalabalik
21,Run50_AlphaDengeV1,Dengeli,bahcivan,standart,102,önce XP,10,,,43,38,1,0,0,4,29,11,3,0,0,123,381,190,123,40,142,12,0,150,30,0,1562,15,6,13.33,1.563,1,2.5,0.9,4,0.3,2,21,3.81,1.85,1.9,3,,,14,11,0,,,6.48,5.25,22.5,,,9,15,0.693,0.333,6.712,123,4,25,1,keskin_bicakx2,9,0,55,14,42,25,11,0,2,0,3,,0,0,0,0,0,0,0,0,0,0,0.6,2.236,0.782,5,0,61,0,0,456,0,0,3,4,3,50,5,0,1.3333,0,950,0,6,55,55.133,12.907,12.929,12.74,,,,17,0,0,0,0,,0.185,0,0,0,0,0,0,0,0,0,0,0,0,0,0,0,0,0,0,0,0.401,0.567,2.918,0.018,0,kalabalik
21,Run50_AlphaDengeV1,Dengeli,bahcivan,standart,102,önce XP,10,durduruldu (ölçüm sınırı)
