run,profile,policy,farmer,scythe,seed,label,outcome,round,score,level,levels,choices,cardsTaken,cardTiles,cardUpgrades,cardBase,cardXpBase,cardWater,firstBehavior,firstEffective,firstTrigger,firstUpgrade,firstBase,xpSpent,xpGlobal,xpCardGroup,levelCost,storedXp,levelHalted,saturated,invalidNumbers,maxRoundChoices,maxRoundChoicesRound,maxWaitFrames,totalWaitFrames,remainingShownOk,tailGrowth,clockActiveGame,clockActiveReal,roundsTimed,clockLevelWork,clockCards,clockRoundChoice,clockShop,clockPrep,clockOther,clockPaused,chainMaxPending,aim
1,Run50_AlphaDengeV1,Hasar-alan,bahcivan,standart,100,son,KAZANDI,50,1355697,134,133,399,399,121,221,57,8,11,2,3,4,5,36,9055,2.926,0.33,130000,33252,0,0,0,15,17,0,0,1,0.05,3100,3108,50,0,253.8,5.5,0,8.6,0.7,0,0,kalabalik
2,Run50_AlphaDengeV1,Hasar-alan,bahcivan,standart,101,son,KAZANDI,50,1239606,150,149,447,447,121,253,73,9,21,2,3,10,5,37,9055,3.102,0.41,225000,161792,0,0,0,15,16,0,0,1,0.05,3100,3108,50,0,303.7,5.4,0,9.2,0.7,0,0,kalabalik
3,Run50_AlphaDengeV1,Hasar-alan,bahcivan,standart,102,son,KAZANDI,50,1140094,127,126,378,378,121,210,47,6,11,2,3,3,4,35,9055,3.465,0.26,110000,65904,0,0,0,12,11,0,0,1,0.05,3100,3108,50,0,249.8,5.4,0,10.7,0.7,0,0,kalabalik
4,Run50_AlphaDengeV1,Hasar-alan,bahcivan,standart,103,son,KAZANDI,50,2154976,156,155,465,465,121,245,99,9,12,2,3,3,5,33,9055,2.97,0.35,270000,68229,0,0,0,21,19,0,0,1,0.05,3100,3108,50,0,295.1,5,0,11.6,0.7,0,0,kalabalik
5,Run50_AlphaDengeV1,Hasar-alan,bahcivan,standart,104,son,KAZANDI,50,806432,113,112,336,336,121,202,13,2,12,2,3,3,5,40,9055,2.398,0.09,82000,81650,0,0,0,9,12,0,0,1,0.05,3100,3108,50,0,230.9,5.5,0,8.2,0.7,0,6,kalabalik
6,Run50_AlphaDengeV1,Hasar-alan,bahcivan,standart,105,son,KAZANDI,50,768422,101,100,300,300,121,179,0,0,12,2,3,5,5,0,9055,2.2,0,60000,24228,0,0,0,9,13,0,0,1,0.05,3100,3108,50,0,209.5,5.7,0,8.5,0.7,0,0,kalabalik
7,Run50_AlphaDengeV1,Hasar-alan,bahcivan,standart,106,son,KAZANDI,50,436338,101,100,300,300,120,179,1,0,17,2,3,3,5,41,9055,2.2,0,60000,4523,0,0,0,12,16,0,0,1,0.05,3100,3108,50,0,223.9,6,0,11.3,0.7,0,0,kalabalik
8,Run50_AlphaDengeV1,Hasar-alan,bahcivan,standart,107,son,KAZANDI,50,985961,126,125,375,375,121,220,34,5,16,2,4,4,5,37,9055,2.618,0.19,110000,80307,0,0,0,12,18,0,0,1,0.05,3100,3108,50,0,244,5,0,10.6,0.6,0,0,kalabalik
9,Run50_AlphaDengeV1,Hasar-alan,bahcivan,standart,108,son,BOSS,20,9035,38,37,111,105,49,56,0,0,9,2,5,5,5,0,125,1.6,0,5000,211,0,0,0,9,11,0,0,1,0.05,1150,1153,20,0,88.4,2.9,0,7,0.2,0,0,kalabalik
10,Run50_AlphaDengeV1,Hasar-alan,bahcivan,standart,109,son,KAZANDI,50,888550,119,118,354,354,121,191,42,5,10,2,3,3,5,35,9055,2.684,0.22,94000,36720,0,0,0,15,17,0,0,1,0.05,3100,3108,50,0,221,5.7,0,8.3,0.8,0,5,kalabalik
11,Run50_AlphaDengeV1,Patlama yolu,bahcivan,standart,100,son,KAZANDI,50,715135,119,118,354,354,121,208,25,5,12,2,3,4,5,39,9055,2.662,0.21,94000,59568,0,0,0,12,15,0,0,1,0.05,3100,3108,50,0,239.3,5.9,0,10.8,0.7,0,0,kalabalik
12,Run50_AlphaDengeV1,Patlama yolu,bahcivan,standart,101,son,KOTA,16,1958,24,23,69,63,49,14,0,0,2,2,3,4,5,0,84,1.4667,0,1900,29,0,0,0,6,7,0,0,1,0.05,890,892.333,16,0,53.5,2.3,0,7.1,3.6,0,0,kalabalik
13,Run50_AlphaDengeV1,Patlama yolu,bahcivan,standart,102,son,KAZANDI,50,925849,124,123,369,369,121,223,25,6,13,2,3,3,4,38,9055,2.706,0.23,110000,39034,0,0,0,12,15,0,0,1,0.05,3100,3108,50,0,243.1,5.4,0,10.4,0.7,0,0,kalabalik
14,Run50_AlphaDengeV1,Patlama yolu,bahcivan,standart,103,son,KAZANDI,50,834483,127,126,378,378,121,227,30,6,11,2,3,3,5,38,9055,3.52,0.28,110000,101603,0,0,0,12,18,0,0,1,0.05,3100,3108,50,0,237.4,5.5,0,8.3,0.7,0,0,kalabalik
15,Run50_AlphaDengeV1,Patlama yolu,bahcivan,standart,104,son,KAZANDI,50,708144,112,111,333,333,121,199,13,1,13,2,3,3,5,40,9055,2.31,0.05,80000,55708,0,0,0,12,17,0,0,1,0.05,3100,3108,50,0,214.4,5.3,0,10.4,0.7,0,0,kalabalik
16,Run50_AlphaDengeV1,Patlama yolu,bahcivan,standart,105,son,KOTA,16,2101,25,24,72,66,49,17,0,0,5,2,3,5,5,0,84,1.4667,0,2100,866,0,0,0,6,7,0,0,1,0.05,890,892.333,16,0,54.6,2.1,0,4.2,2.3,0,0,kalabalik
17,Run50_AlphaDengeV1,Patlama yolu,bahcivan,standart,106,son,KOTA,13,1080,16,15,45,42,31,11,0,0,1,2,3,3,5,0,24,1.2,0,1000,692,0,0,0,6,8,0,0,1,0.05,695,696.833,13,0,34.1,1.7,0,6.5,3.4,0,0,kalabalik
18,Run50_AlphaDengeV1,Patlama yolu,bahcivan,standart,107,son,KOTA,16,2234,23,22,66,60,49,11,0,0,5,2,3,4,9,0,50,1.3333,0,1800,1406,0,0,0,6,7,0,0,1,0.05,890,892.333,16,0,57.3,2.3,0,6.7,3.3,0,0,kalabalik
19,Run50_AlphaDengeV1,Patlama yolu,bahcivan,standart,108,son,KAZANDI,50,817874,122,121,363,363,121,230,12,5,15,2,3,4,5,40,9055,2.684,0.22,100000,43927,0,0,0,12,29,0,0,1,0.05,3100,3108,50,0,241.5,5.5,0,10.7,0.8,0,0,kalabalik
20,Run50_AlphaDengeV1,Patlama yolu,bahcivan,standart,109,son,KAZANDI,50,1067500,132,131,393,393,121,224,48,11,13,2,3,3,5,36,9055,3.19,0.45,130000,37920,0,0,0,15,15,0,0,1,0.05,3100,3108,50,0,252,5.4,0,10.2,0.7,0,0,kalabalik
21,Run50_AlphaDengeV1,Elektrik yolu,bahcivan,standart,100,son,KAZANDI,50,1066778,153,152,456,456,121,229,106,30,18,2,3,4,5,37,9055,5.148,1.34,247500,228869,0,0,0,24,42,0,0,1,0.05,3100,3108,50,0,279.5,5.9,0,8.9,0.7,0,0,kalabalik
22,Run50_AlphaDengeV1,Elektrik yolu,bahcivan,standart,101,son,BOSS,13,1101,18,17,51,48,31,17,0,0,1,2,3,5,5,0,24,1.2,0,1200,1034,0,0,0,6,7,0,0,1,0.05,695,696.833,13,0,46.6,1.7,0,4.2,2.6,0,0,kalabalik
23,Run50_AlphaDengeV1,Elektrik yolu,bahcivan,standart,102,son,KAZANDI,50,622313,114,113,339,339,121,200,18,4,14,2,3,3,4,39,9055,2.574,0.17,84000,33953,0,0,0,15,21,0,0,1,0.05,3100,3108,50,0,220.8,5.3,0,10.2,0.7,0,0,kalabalik
24,Run50_AlphaDengeV1,Elektrik yolu,bahcivan,standart,103,son,KOTA,13,839,18,17,51,42,28,14,0,0,0,2,3,3,5,0,36,1.2667,0,1200,69,0,0,0,6,8,0,0,1,0.05,695,696.833,13,0,39.5,1.6,0,4.3,4,0,0,kalabalik
25,Run50_AlphaDengeV1,Elektrik yolu,bahcivan,standart,104,son,KOTA,13,977,16,15,45,39,31,8,0,0,1,2,3,4,10,0,36,1.2667,0,1000,129,0,0,0,6,10,0,0,1,0.05,695,696.833,13,0,37.1,1.7,0,4.4,2.8,0,0,kalabalik
26,Run50_AlphaDengeV1,Elektrik yolu,bahcivan,standart,105,son,KAZANDI,50,480707,100,99,297,297,121,173,3,0,14,2,3,4,5,41,9055,2.2,0,58000,7507,0,0,0,12,17,0,0,1,0.05,3100,3108,50,0,208.4,5.8,0,8.4,0.7,0,0,kalabalik
27,Run50_AlphaDengeV1,Elektrik yolu,bahcivan,standart,106,son,KAZANDI,50,699052,135,134,402,402,121,231,50,15,15,2,3,3,5,37,9055,3.762,0.71,130000,50182,0,0,0,18,42,0,0,1,0.05,3100,3108,50,0,263.2,5.9,0,11.1,0.7,0,0,kalabalik
28,Run50_AlphaDengeV1,Elektrik yolu,bahcivan,standart,107,son,BOSS,16,2334,23,22,66,60,49,11,0,0,5,2,3,5,9,0,50,1.3333,0,1800,549,0,0,0,6,9,0,0,1,0.05,890,892.333,16,0,51.2,2.2,0,7.2,3.9,0,0,kalabalik
29,Run50_AlphaDengeV1,Elektrik yolu,bahcivan,standart,108,son,KOTA,13,869,17,16,48,45,31,14,0,0,1,2,3,5,5,0,36,1.2667,0,1100,447,0,0,0,6,4,0,0,1,0.05,695,696.833,13,0,45.1,3.4,0,7.3,1.4,0,0,kalabalik
30,Run50_AlphaDengeV1,Elektrik yolu,bahcivan,standart,109,son,KAZANDI,50,844261,106,105,315,315,121,194,0,0,14,2,3,3,5,0,9055,2.2,0,69000,29265,0,0,0,12,15,0,0,1,0.05,3100,3108,50,0,217.2,5.4,0,10.2,0.7,0,0,kalabalik
31,Run50_AlphaDengeV1,Davranış yönü,bahcivan,standart,100,son,KAZANDI,50,755028,117,116,348,348,121,195,32,0,11,2,3,4,5,37,9055,2.2,0,90000,65179,0,0,0,12,18,0,0,1,0.05,3100,3108,50,0,228.5,5.7,0,7.9,0.7,0,18,kalabalik
32,Run50_AlphaDengeV1,Davranış yönü,bahcivan,standart,101,son,KOTA,16,2108,26,25,75,69,40,29,0,0,7,2,3,4,5,0,104,1.5333,0,2200,1310,0,0,0,9,14,0,0,1,0.05,890,892.333,16,0,62.4,2.4,0,4.2,1.6,0,0,kalabalik
33,Run50_AlphaDengeV1,Davranış yönü,bahcivan,standart,102,son,KAZANDI,50,1402722,129,128,384,384,121,216,47,7,9,2,3,3,4,36,9055,2.86,0.3,120000,28973,0,0,0,15,42,0,0,1,0.05,3100,3108,50,0,251.3,5.7,0,9.7,0.7,0,105,kalabalik
34,Run50_AlphaDengeV1,Davranış yönü,bahcivan,standart,103,son,KAZANDI,50,776749,121,120,360,360,121,212,27,5,10,2,3,3,5,38,9055,2.728,0.24,99000,65365,0,0,0,12,11,0,0,1,0.05,3100,3108,50,0,236,5.4,0,7.7,0.7,0,15,kalabalik
35,Run50_AlphaDengeV1,Davranış yönü,bahcivan,standart,104,son,KOTA,16,2375,26,25,75,69,40,29,0,0,4,2,3,3,5,0,125,1.6,0,2200,1876,0,0,0,9,12,0,0,1,0.05,890,892.333,16,0,63.7,2.3,0,4.2,1.6,0,0,kalabalik
36,Run50_AlphaDengeV1,Davranış yönü,bahcivan,standart,105,son,KAZANDI,50,524941,107,106,318,318,121,184,13,2,12,2,3,4,5,39,9055,2.376,0.08,70000,31472,0,0,0,12,17,0,0,1,0.05,3100,3108,50,0,208.7,5.5,0,10.7,0.7,0,15,kalabalik
37,Run50_AlphaDengeV1,Davranış yönü,bahcivan,standart,106,son,KOTA,13,920,17,16,48,45,25,20,0,0,3,2,3,3,5,0,36,1.2667,0,1100,812,0,0,0,6,7,0,0,1,0.05,695,696.833,13,0,42.6,1.7,0,6.3,2.9,0,0,kalabalik
38,Run50_AlphaDengeV1,Davranış yönü,bahcivan,standart,107,son,KOTA,16,2284,28,27,81,75,34,41,0,0,2,2,3,4,5,0,125,1.6,0,2600,4,0,0,0,9,11,0,0,1,0.05,890,892.333,16,0,64.3,2.2,0,6.9,0.1,0,0,kalabalik
39,Run50_AlphaDengeV1,Davranış yönü,bahcivan,standart,108,son,KOTA,16,2088,26,25,75,66,37,29,0,0,6,2,3,5,5,0,104,1.5333,0,2200,6,0,0,0,6,4,0,0,1,0.05,890,892.333,16,0,58.3,3.6,0,4.6,1.5,0,0,kalabalik
40,Run50_AlphaDengeV1,Davranış yönü,bahcivan,standart,109,son,KAZANDI,50,687730,105,104,312,312,121,187,4,0,7,2,3,3,5,40,9055,2.2,0,67000,55729,0,0,0,12,19,0,0,1,0.05,3100,3108,50,0,207.7,5.5,0,10.1,0.7,0,15,kalabalik
