seed,arm,repeat,round,attacks,directHits,directRaw,directApplied,behaviorHits,behaviorRaw,behaviorApplied,explosionRaw,electricRaw,tornadoRaw,boomerangRaw,harvests,harvestDirect,harvestExplosion,harvestElectric,harvestTornado,harvestBoomerang,xp,levelStart,levelEnd,levels,choicesPerLevelAtStart,choicesGranted,cardScreens,cardsTaken,pendingAfter,score
1,odulsuz,0,27,24,136,4519,3900,17,373,315,75,250,48,0,37,33,1,2,1,0,1880,24,24,0,3,0,0,0,0,125
1,odulsuz,0,28,25,144,4706,3875,10,223,199,125,50,0,48,49,46,2,1,0,0,2580,24,26,2,3,6,6,6,0,146
1,odulsuz,0,29,25,146,4543,3995,2,50,48,0,50,0,0,39,38,0,1,0,0,2078,26,27,1,3,3,3,3,0,152
1,ogrenim,0,27,24,137,3684,3209,8,200,182,100,100,0,0,28,26,2,0,0,0,1480,24,24,0,4,0,0,0,0,107
1,ogrenim,0,28,25,145,3744,3304,6,106,104,50,0,24,32,37,36,0,0,0,1,2020,24,25,1,4,4,4,4,0,131
1,ogrenim,0,29,25,146,3815,3422,25,625,520,225,400,0,0,36,28,2,6,0,0,1920,25,26,1,4,4,4,4,0,132
1,adanis,0,27,24,133,4328,3744,24,898,650,456,418,0,24,40,30,6,3,0,1,2160,24,25,1,2,2,2,2,0,149
1,adanis,0,28,25,142,4681,4078,17,546,401,114,342,90,0,48,41,1,5,1,0,2500,25,26,1,2,2,2,2,0,156
1,adanis,0,29,25,140,4402,3629,15,374,282,0,152,126,96,45,40,0,3,2,0,2160,26,27,1,2,2,2,2,0,91
2,odulsuz,0,27,24,133,4214,3764,8,200,195,75,125,0,0,40,38,1,1,0,0,1900,24,25,1,3,3,3,3,0,90
2,odulsuz,0,28,25,148,4742,4102,12,300,266,175,125,0,0,45,41,3,1,0,0,2500,25,26,1,3,3,3,3,0,232
2,odulsuz,0,29,25,145,4864,4007,5,125,86,75,50,0,0,41,39,1,1,0,0,2111,26,27,1,3,3,3,3,0,101
2,ogrenim,0,27,24,137,3568,3131,9,225,198,150,75,0,0,32,30,1,1,0,0,1520,24,24,0,4,0,0,0,0,61
2,ogrenim,0,28,25,143,3686,3217,18,372,310,150,150,72,0,36,32,1,2,1,0,1900,24,25,1,4,4,4,4,0,140
2,ogrenim,0,29,25,148,3856,3454,17,269,259,0,125,144,0,34,32,0,1,1,0,1880,25,26,1,4,4,4,4,0,147
2,adanis,0,27,24,133,4214,3773,8,304,273,114,190,0,0,41,39,1,1,0,0,1980,24,25,1,2,2,2,2,0,100
2,adanis,0,28,25,140,4286,3675,13,406,278,0,304,54,48,44,39,0,4,1,0,2320,25,26,1,2,2,2,2,0,181
2,adanis,0,29,25,145,4607,3964,20,660,583,190,380,90,0,44,39,0,4,1,0,2280,26,27,1,2,2,2,2,0,111
3,odulsuz,0,27,24,134,4365,3879,7,148,105,0,100,0,48,36,33,0,2,0,1,1900,24,25,1,3,3,3,3,0,117
3,odulsuz,0,28,25,140,4467,3871,27,584,555,100,400,84,0,50,44,0,5,1,0,2480,25,26,1,3,3,3,3,0,155
3,odulsuz,0,29,25,143,4618,3942,9,225,182,150,75,0,0,40,37,3,0,0,0,2040,26,27,1,3,3,3,3,0,122
3,ogrenim,0,27,24,136,3556,3151,14,311,279,75,200,36,0,31,27,0,3,1,0,1640,24,24,0,4,0,0,0,0,101
3,ogrenim,0,28,25,144,3854,3214,14,311,311,0,275,36,0,41,41,0,0,0,0,1940,24,25,1,4,4,4,4,0,86
3,ogrenim,0,29,25,148,4017,3605,9,147,147,0,75,72,0,30,30,0,0,0,0,1688,25,26,1,4,4,4,4,0,136
3,adanis,0,27,24,133,4272,3859,20,578,416,0,380,126,72,40,31,0,4,3,2,2060,24,25,1,2,2,2,2,0,121
3,adanis,0,28,25,143,4619,3926,11,278,257,152,0,126,0,44,43,1,0,0,0,2240,25,26,1,2,2,2,2,0,181
3,adanis,0,29,25,145,4858,4106,11,418,287,304,114,0,0,51,45,5,1,0,0,2560,26,27,1,2,2,2,2,0,199
4,odulsuz,0,27,24,132,4277,3726,18,323,265,0,175,84,64,41,37,0,2,0,2,1980,24,25,1,3,3,3,3,0,123
4,odulsuz,0,28,25,140,4710,4023,5,125,123,0,125,0,0,44,43,0,1,0,0,2260,25,26,1,3,3,3,3,0,142
4,odulsuz,0,29,25,145,4646,3838,21,480,459,200,200,0,80,40,37,0,1,0,2,2080,26,27,1,3,3,3,3,0,141
4,ogrenim,0,27,24,134,3581,3134,12,209,202,0,125,84,0,30,29,0,0,1,0,1380,24,24,0,4,0,0,0,0,58
4,ogrenim,0,28,25,143,3597,3014,14,272,198,0,200,72,0,41,37,0,4,0,0,2080,24,25,1,4,4,4,4,0,128
4,ogrenim,0,29,25,146,3876,3550,4,100,88,100,0,0,0,35,33,2,0,0,0,1694,25,26,1,4,4,4,4,0,98
4,adanis,0,27,24,133,4264,3663,15,430,415,0,304,126,0,37,36,0,1,0,0,1900,24,25,1,2,2,2,2,0,150
4,adanis,0,28,25,139,4452,3828,18,542,468,114,266,90,72,46,41,1,2,1,1,2400,25,26,1,2,2,2,2,0,174
4,adanis,0,29,25,138,4451,3759,21,636,464,190,266,108,72,48,39,4,3,1,1,2520,26,27,1,2,2,2,2,0,218
5,odulsuz,0,27,24,132,4238,3716,18,378,359,150,100,0,128,39,35,3,1,0,0,1860,24,24,0,3,0,0,0,0,94
5,odulsuz,0,28,25,142,4692,3944,16,361,323,75,250,36,0,44,41,1,2,0,0,2400,24,26,2,3,6,6,6,0,194
5,odulsuz,0,29,25,143,4191,3719,19,475,417,200,275,0,0,41,34,1,6,0,0,2240,26,27,1,3,3,3,3,0,164
5,ogrenim,0,27,24,137,3505,3128,21,421,393,75,250,96,0,32,29,1,2,0,0,1600,24,24,0,4,0,0,0,0,89
5,ogrenim,0,28,25,142,3919,3325,23,539,462,275,200,0,64,45,38,4,2,0,1,2240,24,25,1,4,4,4,4,0,129
5,ogrenim,0,29,25,148,3807,3257,15,239,214,0,75,84,80,36,33,0,1,1,1,1700,25,26,1,4,4,4,4,0,95
5,adanis,0,27,24,127,4238,3785,18,600,442,228,228,0,144,40,31,3,4,0,2,2020,24,25,1,2,2,2,2,0,107
5,adanis,0,28,25,146,4568,3868,14,532,455,152,380,0,0,46,42,1,3,0,0,2380,25,26,1,2,2,2,2,0,148
5,adanis,0,29,25,143,4559,3851,17,546,429,266,190,90,0,47,38,5,3,1,0,2360,26,27,1,2,2,2,2,0,139
6,odulsuz,0,27,24,136,4462,3882,8,135,135,0,75,60,0,37,37,0,0,0,0,1780,24,24,0,3,0,0,0,0,123
6,odulsuz,0,28,25,145,4818,4107,7,175,138,0,175,0,0,48,45,0,3,0,0,2420,24,26,2,3,6,6,6,0,177
6,odulsuz,0,29,25,145,4763,4081,13,260,228,0,200,60,0,43,39,0,4,0,0,2392,26,27,1,3,3,3,3,0,195
6,ogrenim,0,27,24,133,3448,3076,28,608,567,300,200,60,48,33,28,1,2,0,2,1480,24,24,0,4,0,0,0,0,59
6,ogrenim,0,28,25,140,3676,3091,3,75,75,75,0,0,0,41,41,0,0,0,0,2020,24,25,1,4,4,4,4,0,99
6,ogrenim,0,29,25,145,3576,3208,10,172,163,100,0,72,0,34,32,0,0,2,0,1761,25,26,1,4,4,4,4,0,86
6,adanis,0,27,24,134,4579,4004,20,504,475,0,228,180,96,44,38,0,1,5,0,2220,24,25,1,2,2,2,2,0,169
6,adanis,0,28,25,144,4498,3983,14,384,361,0,228,108,48,42,40,0,1,0,1,2300,25,26,1,2,2,2,2,0,162
6,adanis,0,29,25,143,4238,3650,12,300,269,114,0,90,96,37,34,0,0,1,2,2020,26,27,1,2,2,2,2,0,139
7,odulsuz,0,27,24,136,4355,3853,7,175,155,0,175,0,0,36,34,0,2,0,0,1780,24,24,0,3,0,0,0,0,90
7,odulsuz,0,28,25,143,4597,3997,10,175,163,75,0,36,64,47,44,1,0,1,1,2300,24,26,2,3,6,6,6,0,142
7,odulsuz,0,29,25,144,4523,3785,6,150,131,150,0,0,0,41,39,2,0,0,0,2449,26,27,1,3,3,3,3,0,232
7,ogrenim,0,27,24,136,3450,3054,5,125,125,0,125,0,0,29,29,0,0,0,0,1400,24,24,0,4,0,0,0,0,68
7,ogrenim,0,28,25,144,3621,3155,9,173,147,50,75,48,0,38,35,1,0,2,0,1820,24,25,1,4,4,4,4,0,83
7,ogrenim,0,29,25,147,3620,3290,8,200,172,75,125,0,0,34,32,1,1,0,0,1780,25,26,1,4,4,4,4,0,96
7,adanis,0,27,24,134,4132,3812,10,352,243,190,114,0,48,34,27,4,2,0,1,1720,24,24,0,2,0,0,0,0,90
7,adanis,0,28,25,139,4519,3762,16,468,406,76,266,126,0,52,48,1,3,0,0,2660,24,26,2,2,4,4,4,0,176
7,adanis,0,29,25,141,4627,3968,27,866,678,266,456,144,0,48,37,4,5,2,0,2520,26,27,1,2,2,2,2,0,184
8,odulsuz,0,27,24,135,4503,3824,20,409,397,200,125,84,0,43,39,0,3,1,0,2060,24,25,1,3,3,3,3,0,87
8,odulsuz,0,28,25,140,4703,3895,22,459,397,75,300,84,0,50,44,1,5,0,0,2589,25,26,1,3,3,3,3,0,160
8,odulsuz,0,29,25,143,4631,3954,28,561,532,300,125,120,16,46,42,3,1,0,0,2306,26,27,1,3,3,3,3,0,154
8,ogrenim,0,27,24,135,3581,3051,9,225,202,125,100,0,0,32,30,1,1,0,0,1600,24,24,0,4,0,0,0,0,79
8,ogrenim,0,28,25,147,3696,3178,2,50,50,50,0,0,0,34,34,0,0,0,0,1660,24,25,1,4,4,4,4,0,84
8,ogrenim,0,29,25,145,3767,3364,16,382,315,100,250,0,32,38,33,1,3,0,1,2015,25,26,1,4,4,4,4,0,107
8,adanis,0,27,24,134,4546,3922,18,604,499,380,152,72,0,44,38,2,1,3,0,2180,24,25,1,2,2,2,2,0,101
8,adanis,0,28,25,145,4657,3965,8,276,237,76,152,0,48,47,45,0,2,0,0,2220,25,26,1,2,2,2,2,0,119
8,adanis,0,29,25,145,4961,4154,12,336,309,76,152,108,0,42,40,1,0,1,0,2240,26,27,1,2,2,2,2,0,174
9,odulsuz,0,27,24,133,4509,3998,20,446,395,75,275,0,96,43,37,2,3,0,1,2080,24,25,1,3,3,3,3,0,122
9,odulsuz,0,28,25,140,4619,3672,21,369,349,150,75,144,0,46,44,2,0,0,0,2230,25,26,1,3,3,3,3,0,132
9,odulsuz,0,29,25,146,4697,3972,9,216,199,50,150,0,16,45,43,1,0,0,1,2232,26,27,1,3,3,3,3,0,103
9,ogrenim,0,27,24,138,3509,3117,11,197,194,0,125,72,0,31,29,0,0,2,0,1500,24,24,0,4,0,0,0,0,77
9,ogrenim,0,28,25,145,3581,3071,18,323,272,0,175,84,64,38,32,0,2,3,1,1900,24,25,1,4,4,4,4,0,124
9,ogrenim,0,29,25,147,3893,3429,23,458,417,125,225,108,0,40,37,1,1,1,0,1980,25,26,1,4,4,4,4,0,121
9,adanis,0,27,24,136,4291,3726,11,362,318,76,190,0,96,39,37,0,2,0,0,1920,24,25,1,2,2,2,2,0,123
9,adanis,0,28,25,144,4716,3897,11,318,258,0,228,90,0,48,46,0,2,0,0,2280,25,26,1,2,2,2,2,0,117
9,adanis,0,29,25,139,4464,3764,14,430,323,0,304,54,72,44,39,0,4,0,1,2096,26,27,1,2,2,2,2,0,91
10,odulsuz,0,27,24,127,4380,3772,24,504,447,225,175,72,32,42,38,2,2,0,0,1980,24,25,1,3,3,3,3,0,82
10,odulsuz,0,28,25,143,4838,4142,12,222,222,150,0,72,0,46,46,0,0,0,0,2460,25,26,1,3,3,3,3,0,225
10,odulsuz,0,29,25,143,4397,3642,18,346,325,150,100,96,0,40,38,1,0,1,0,2060,26,27,1,3,3,3,3,0,129
10,ogrenim,0,27,24,134,3686,3218,10,250,219,175,75,0,0,32,29,2,1,0,0,1560,24,24,0,4,0,0,0,0,70
10,ogrenim,0,28,25,144,3776,3196,9,189,166,50,75,0,64,34,33,0,1,0,0,1720,24,25,1,4,4,4,4,0,90
10,ogrenim,0,29,25,145,3610,3146,18,414,356,150,200,0,64,39,33,4,1,0,1,2040,25,26,1,4,4,4,4,0,140
10,adanis,0,27,24,128,4323,3841,18,584,464,380,114,90,0,40,31,4,2,3,0,1980,24,25,1,2,2,2,2,0,98
10,adanis,0,28,25,144,4828,3942,10,300,300,38,190,72,0,48,48,0,0,0,0,2540,25,26,1,2,2,2,2,0,158
10,adanis,0,29,25,147,4854,4016,2,76,70,76,0,0,0,40,39,1,0,0,0,2180,26,27,1,2,2,2,2,0,174
11,odulsuz,0,27,24,136,4542,3982,11,275,265,75,200,0,0,40,38,0,2,0,0,2060,24,25,1,3,3,3,3,0,134
11,odulsuz,0,28,25,144,4534,3855,6,123,111,50,25,0,48,37,35,1,0,0,1,2060,25,26,1,3,3,3,3,0,148
11,odulsuz,0,29,25,143,4584,3879,28,561,503,250,175,120,16,48,43,1,2,1,1,2720,26,27,1,3,3,3,3,0,209
11,ogrenim,0,27,24,139,3761,3350,4,100,100,0,100,0,0,31,31,0,0,0,0,1580,24,24,0,4,0,0,0,0,103
11,ogrenim,0,28,25,144,3683,3182,5,99,99,75,0,24,0,32,32,0,0,0,0,1780,24,25,1,4,4,4,4,0,140
11,ogrenim,0,29,25,142,3862,3347,23,522,433,150,300,24,48,42,34,2,5,0,1,2080,25,26,1,4,4,4,4,0,120
11,adanis,0,27,24,135,4460,3813,15,550,497,228,304,18,0,41,38,1,2,0,0,2120,24,25,1,2,2,2,2,0,142
11,adanis,0,28,25,142,4530,3749,16,608,523,190,418,0,0,43,39,2,2,0,0,2420,25,26,1,2,2,2,2,0,153
11,adanis,0,29,25,142,4797,4069,15,570,502,228,342,0,0,49,45,1,3,0,0,2345,26,27,1,2,2,2,2,0,110
12,odulsuz,0,27,24,134,3909,3427,13,307,280,200,75,0,32,39,35,2,2,0,0,1920,24,25,1,3,3,3,3,0,113
12,odulsuz,0,28,25,142,4674,3997,19,397,375,0,325,72,0,47,43,0,2,2,0,2280,25,26,1,3,3,3,3,0,133
12,odulsuz,0,29,25,142,4709,3785,24,522,494,175,275,72,0,47,43,1,2,1,0,2311,26,27,1,3,3,3,3,0,130
12,ogrenim,0,27,24,138,3387,3034,0,0,0,0,0,0,0,28,28,0,0,0,0,1360,24,24,0,4,0,0,0,0,85
12,ogrenim,0,28,25,142,3792,3315,12,300,286,100,200,0,0,36,35,0,1,0,0,1860,24,25,1,4,4,4,4,0,167
12,ogrenim,0,29,25,146,3620,3233,6,150,142,150,0,0,0,34,33,1,0,0,0,1820,25,26,1,4,4,4,4,0,140
12,adanis,0,27,24,135,4111,3586,15,514,462,342,76,0,96,38,35,3,0,0,0,1940,24,25,1,2,2,2,2,0,118
12,adanis,0,28,25,140,4569,3818,15,528,392,0,456,0,72,45,39,0,5,0,1,2320,25,26,1,2,2,2,2,0,168
12,adanis,0,29,25,144,4828,4102,0,0,0,0,0,0,0,44,44,0,0,0,0,2097,26,27,1,2,2,2,2,0,119
1,odulsuz,1,27,24,136,4519,3900,17,373,315,75,250,48,0,37,33,1,2,1,0,1880,24,24,0,3,0,0,0,0,125
1,odulsuz,1,28,25,144,4706,3875,10,223,199,125,50,0,48,49,46,2,1,0,0,2580,24,26,2,3,6,6,6,0,146
1,odulsuz,1,29,25,146,4543,3995,2,50,48,0,50,0,0,39,38,0,1,0,0,2078,26,27,1,3,3,3,3,0,152
1,ogrenim,1,27,24,137,3684,3209,8,200,182,100,100,0,0,28,26,2,0,0,0,1480,24,24,0,4,0,0,0,0,107
1,ogrenim,1,28,25,145,3744,3304,6,106,104,50,0,24,32,37,36,0,0,0,1,2020,24,25,1,4,4,4,4,0,131
1,ogrenim,1,29,25,146,3815,3422,25,625,520,225,400,0,0,36,28,2,6,0,0,1920,25,26,1,4,4,4,4,0,132
1,adanis,1,27,24,133,4328,3744,24,898,650,456,418,0,24,40,30,6,3,0,1,2160,24,25,1,2,2,2,2,0,149
1,adanis,1,28,25,142,4681,4078,17,546,401,114,342,90,0,48,41,1,5,1,0,2500,25,26,1,2,2,2,2,0,156
1,adanis,1,29,25,140,4402,3629,15,374,282,0,152,126,96,45,40,0,3,2,0,2160,26,27,1,2,2,2,2,0,91
