run,profile,policy,farmer,scythe,seed,label,round,outcome,boss,kills,direct,explosion,tornado,boomerang,electric,kCommon,kUncommon,kRare,kEpic,kLegendary,score,segScore,segTarget,bossScore,bossTarget,gold,iron,stone,bankGold,bankIron,bankStone,xp,level,cards,damage,directMult,behaviorMult,interval,radius,reachCells,crit,critMult,attacks,hitsPerAttack,htkCommon,htkUncommon,htkRare,htkEpic,htkLegendary,osCommon,osUncommon,osRare,osEpic,osLegendary,ttkCommon,ttkUncommon,ttkRare,ttkEpic,ttkLegendary,planters,points,fill,minFill,spawnInterval,capacity,tiersBought,treeTiers,plantersBought,rewards,best5s,emptyShare,duration
1,Run50_DengeV1,Dengeli,bahcivan,standart,100,hiçbir şey almaz,1,,,0,0,0,0,0,0,0,0,0,0,0,0,0,45,0,0,0,0,0,80,0,0,0,1,0,10,1,1,3,1,5,0.3,2,0,0,,,,,,,,,,,,,,,,0,0,0,0,0,0,0,0,0,,0,1,45
1,Run50_DengeV1,Dengeli,bahcivan,standart,100,hiçbir şey almaz,2,,,0,0,0,0,0,0,0,0,0,0,0,0,0,45,0,0,0,0,0,80,0,0,0,1,0,10,1,1,3,1,5,0.3,2,0,0,,,,,,,,,,,,,,,,0,0,0,0,0,0,0,0,0,,0,1,45
1,Run50_DengeV1,Dengeli,bahcivan,standart,100,hiçbir şey almaz,3,,,0,0,0,0,0,0,0,0,0,0,0,0,0,45,0,0,0,0,0,80,0,0,0,1,0,10,1,1,3,1,5,0.3,2,0,0,,,,,,,,,,,,,,,,0,0,0,0,0,0,0,0,0,,0,1,45
1,Run50_DengeV1,Dengeli,bahcivan,standart,100,hiçbir şey almaz,4,,,0,0,0,0,0,0,0,0,0,0,0,0,0,45,0,0,0,0,0,80,0,0,0,1,0,10,1,1,3,1,5,0.3,2,0,0,,,,,,,,,,,,,,,,0,0,0,0,0,0,0,0,0,,0,1,45
1,Run50_DengeV1,Dengeli,bahcivan,standart,100,hiçbir şey almaz,5,,,0,0,0,0,0,0,0,0,0,0,0,0,0,45,0,8,0,0,0,80,0,0,0,1,0,10,1,1,3,1,5,0.3,2,0,0,,,,,,,,,,,,,,,,0,0,0,0,0,0,0,0,0,,0,1,45
1,Run50_DengeV1,Dengeli,bahcivan,standart,100,hiçbir şey almaz,5,KOTA
2,Run50_DengeV1,Dengeli,bahcivan,standart,101,hiçbir şey almaz,1,,,0,0,0,0,0,0,0,0,0,0,0,0,0,45,0,0,0,0,0,80,0,0,0,1,0,10,1,1,3,1,5,0.3,2,0,0,,,,,,,,,,,,,,,,0,0,0,0,0,0,0,0,0,,0,1,45
2,Run50_DengeV1,Dengeli,bahcivan,standart,101,hiçbir şey almaz,2,,,0,0,0,0,0,0,0,0,0,0,0,0,0,45,0,0,0,0,0,80,0,0,0,1,0,10,1,1,3,1,5,0.3,2,0,0,,,,,,,,,,,,,,,,0,0,0,0,0,0,0,0,0,,0,1,45
2,Run50_DengeV1,Dengeli,bahcivan,standart,101,hiçbir şey almaz,3,,,0,0,0,0,0,0,0,0,0,0,0,0,0,45,0,0,0,0,0,80,0,0,0,1,0,10,1,1,3,1,5,0.3,2,0,0,,,,,,,,,,,,,,,,0,0,0,0,0,0,0,0,0,,0,1,45
2,Run50_DengeV1,Dengeli,bahcivan,standart,101,hiçbir şey almaz,4,,,0,0,0,0,0,0,0,0,0,0,0,0,0,45,0,0,0,0,0,80,0,0,0,1,0,10,1,1,3,1,5,0.3,2,0,0,,,,,,,,,,,,,,,,0,0,0,0,0,0,0,0,0,,0,1,45
2,Run50_DengeV1,Dengeli,bahcivan,standart,101,hiçbir şey almaz,5,,,0,0,0,0,0,0,0,0,0,0,0,0,0,45,0,8,0,0,0,80,0,0,0,1,0,10,1,1,3,1,5,0.3,2,0,0,,,,,,,,,,,,,,,,0,0,0,0,0,0,0,0,0,,0,1,45
2,Run50_DengeV1,Dengeli,bahcivan,standart,101,hiçbir şey almaz,5,KOTA
3,Run50_DengeV1,Dengeli,bahcivan,standart,102,hiçbir şey almaz,1,,,0,0,0,0,0,0,0,0,0,0,0,0,0,45,0,0,0,0,0,80,0,0,0,1,0,10,1,1,3,1,5,0.3,2,0,0,,,,,,,,,,,,,,,,0,0,0,0,0,0,0,0,0,,0,1,45
3,Run50_DengeV1,Dengeli,bahcivan,standart,102,hiçbir şey almaz,2,,,0,0,0,0,0,0,0,0,0,0,0,0,0,45,0,0,0,0,0,80,0,0,0,1,0,10,1,1,3,1,5,0.3,2,0,0,,,,,,,,,,,,,,,,0,0,0,0,0,0,0,0,0,,0,1,45
3,Run50_DengeV1,Dengeli,bahcivan,standart,102,hiçbir şey almaz,3,,,0,0,0,0,0,0,0,0,0,0,0,0,0,45,0,0,0,0,0,80,0,0,0,1,0,10,1,1,3,1,5,0.3,2,0,0,,,,,,,,,,,,,,,,0,0,0,0,0,0,0,0,0,,0,1,45
3,Run50_DengeV1,Dengeli,bahcivan,standart,102,hiçbir şey almaz,4,,,0,0,0,0,0,0,0,0,0,0,0,0,0,45,0,0,0,0,0,80,0,0,0,1,0,10,1,1,3,1,5,0.3,2,0,0,,,,,,,,,,,,,,,,0,0,0,0,0,0,0,0,0,,0,1,45
3,Run50_DengeV1,Dengeli,bahcivan,standart,102,hiçbir şey almaz,5,,,0,0,0,0,0,0,0,0,0,0,0,0,0,45,0,8,0,0,0,80,0,0,0,1,0,10,1,1,3,1,5,0.3,2,0,0,,,,,,,,,,,,,,,,0,0,0,0,0,0,0,0,0,,0,1,45
3,Run50_DengeV1,Dengeli,bahcivan,standart,102,hiçbir şey almaz,5,KOTA
4,Run50_DengeV1,Dengeli,bahcivan,standart,100,yalnız saksı,1,,,13,13,0,0,0,0,12,1,0,0,0,15,15,45,0,0,28,0,0,28,0,0,270,1,0,10,1,1,3,1,5,0.3,2,13,2.08,1.83,3,,,,21,0,,,,2.5,6,,,,2,4,0.346,0,8,23,0,0,2,,3,0.205,45
4,Run50_DengeV1,Dengeli,bahcivan,standart,100,yalnız saksı,2,,,13,13,0,0,0,0,10,3,0,0,0,19,34,45,0,0,32,0,0,40,0,0,290,2,1,10,1,1,3,1,5,0.3,2,14,2.86,2.3,4,,,,0,0,,0,,4.5,9,,,,3,5,0.527,0,8,28,0,0,1,,3,0.044,45
4,Run50_DengeV1,Dengeli,bahcivan,standart,100,yalnız saksı,3,,,16,16,0,0,0,0,12,2,1,1,0,58,92,45,0,0,32,4,2,32,4,2,422,3,1,10,1,1,3,1,5,0.3,2,14,3.36,2.42,3,4,1,,0,0,0,0,,5.25,10.5,9,0,,4,7,0.555,0,8,39,0,0,1,,6,0.111,45
4,Run50_DengeV1,Dengeli,bahcivan,standart,100,yalnız saksı,4,,,15,15,0,0,0,0,11,3,0,1,0,50,142,45,0,0,34,0,2,66,4,4,413,4,1,10,1,1,3,1,5,0.3,2,14,3.21,2.27,2.67,,2,,0,0,0,,,4.09,8,,12,,4,7,0.613,0.143,8,39,0,0,0,,4,0.044,45
4,Run50_DengeV1,Dengeli,bahcivan,standart,100,yalnız saksı,5,,,18,18,0,0,0,0,15,2,1,0,0,31,173,45,31,8,38,4,0,64,8,4,451,5,1,10,1,1,3,1,5,0.3,2,14,3.71,2.13,3,3,,,0,0,0,,,6.2,7.5,9,,,6,9,0.671,0.333,7.695,53,0,0,2,,4,0,45
4,Run50_DengeV1,Dengeli,bahcivan,standart,100,yalnız saksı,5,durduruldu (ölçüm sınırı)
5,Run50_DengeV1,Dengeli,bahcivan,standart,101,yalnız saksı,1,,,13,13,0,0,0,0,12,1,0,0,0,15,15,45,0,0,28,0,0,28,0,0,270,1,0,10,1,1,3,1,5,0.3,2,12,2.25,2,3,,,,17,0,,,,3,6,,,,2,4,0.339,0,8,23,0,0,2,,4,0.351,45
5,Run50_DengeV1,Dengeli,bahcivan,standart,101,yalnız saksı,2,,,14,14,0,0,0,0,11,2,1,0,0,27,42,45,0,0,30,4,0,38,4,0,320,2,1,10,1,1,3,1,5,0.3,2,14,2.71,2.36,2,5,,,0,0,0,,,4.64,3,21,,,3,5,0.501,0.2,8,28,0,0,1,,4,0,45
5,Run50_DengeV1,Dengeli,bahcivan,standart,101,yalnız saksı,3,,,15,15,0,0,0,0,10,4,1,0,0,32,74,45,0,0,36,4,0,54,8,0,360,3,1,10,1,1,3,1,5,0.3,2,14,3.14,2.6,2.75,3,,,0,0,0,,,6.3,6.75,6,,,4,6,0.569,0,8,34,0,0,1,,5,0.044,45
5,Run50_DengeV1,Dengeli,bahcivan,standart,101,yalnız saksı,4,,,15,15,0,0,0,0,8,4,3,0,0,54,128,45,0,0,32,12,0,66,20,0,400,4,1,10,1,1,3,1,5,0.3,2,14,3.36,2.25,3,3.33,,,0,0,0,,,5.25,11.25,8,,,5,7,0.593,0.143,8,39,0,0,1,,4,0.044,45
5,Run50_DengeV1,Dengeli,bahcivan,standart,101,yalnız saksı,5,,,14,14,0,0,0,0,7,5,2,0,0,50,178,45,50,8,34,8,0,60,28,0,374,5,1,10,1,1,3,1,5,0.3,2,14,2.93,2.29,2.4,4.5,,,0,0,0,,,5.57,8.4,19.5,,,7,9,0.484,0.222,8,51,0,0,2,,4,0,45
5,Run50_DengeV1,Dengeli,bahcivan,standart,101,yalnız saksı,5,durduruldu (ölçüm sınırı)
6,Run50_DengeV1,Dengeli,bahcivan,standart,102,yalnız saksı,1,,,13,13,0,0,0,0,10,3,0,0,0,19,19,45,0,0,32,0,0,32,0,0,290,1,0,10,1,1,3,1,5,0.3,2,13,2.08,1.8,2.67,,,,36,0,,,,2.4,5,,,,2,4,0.346,0,8,23,0,0,2,,4,0.203,45
6,Run50_DengeV1,Dengeli,bahcivan,standart,102,yalnız saksı,2,,,14,14,0,0,0,0,9,4,1,0,0,31,50,45,0,0,34,4,0,46,4,0,340,2,1,10,1,1,3,1,5,0.3,2,14,2.64,2,3,3,,,11,0,0,,,3,6.75,12,,,3,5,0.481,0.2,8,28,0,0,1,,3,0,45
6,Run50_DengeV1,Dengeli,bahcivan,standart,102,yalnız saksı,3,,,18,18,0,0,0,0,12,6,0,0,0,30,80,45,0,0,48,0,0,54,4,0,420,3,1,10,1,1,3,1,5,0.3,2,14,3.29,1.92,3.17,,,,15,0,,,,2.75,9,,,,4,7,0.535,0.143,8,39,0,0,1,,4,0.044,45
6,Run50_DengeV1,Dengeli,bahcivan,standart,102,yalnız saksı,4,,,19,19,0,0,0,0,16,3,0,0,0,25,105,45,0,0,44,0,0,58,4,0,410,4,1,10,1,1,3,1,5,0.3,2,14,3.64,2.31,2.67,,,,0,0,,,,6.56,6,,,,5,9,0.608,0.333,7.77,52,0,0,1,,4,0,45
6,Run50_DengeV1,Dengeli,bahcivan,standart,102,yalnız saksı,5,,,17,17,0,0,0,0,13,4,0,0,0,25,130,45,25,8,42,0,0,100,4,0,380,5,1,10,1,1,3,1,5,0.3,2,14,3.79,2.31,3.5,,,,0,0,,,,5.31,12,,,,5,9,0.68,0.222,7.77,52,0,0,0,,5,0,45
6,Run50_DengeV1,Dengeli,bahcivan,standart,102,yalnız saksı,5,durduruldu (ölçüm sınırı)
7,Run50_DengeV1,Dengeli,bahcivan,standart,100,önce hasar,1,,,13,13,0,0,0,0,12,1,0,0,0,15,15,45,0,0,28,0,0,28,0,0,270,1,0,10,1,1,3,1,5,0.3,2,13,2.08,1.83,3,,,,21,0,,,,2.5,6,,,,2,4,0.346,0,8,23,0,0,2,,3,0.205,45
7,Run50_DengeV1,Dengeli,bahcivan,standart,100,önce hasar,2,,,16,16,0,0,0,0,13,2,1,0,0,29,44,45,0,0,34,4,0,35,4,0,360,2,1,12,1,1,3,1,5,0.3,2,13,2.23,1.46,3,4,,,45,0,0,,,1.38,6,9,,,2,4,0.333,0,8,23,4,4,0,,4,0.244,45
7,Run50_DengeV1,Dengeli,bahcivan,standart,100,önce hasar,3,,,16,16,0,0,0,0,12,2,2,0,0,50,94,45,0,0,32,8,0,33,12,0,380,3,1,13.33,1,1,2.892,1,5,0.3,2,14,1.93,1.33,2.5,2.5,,,62,0,0,,,0.97,4.35,4.35,,,2,4,0.265,0,7.804,23,4,8,0,,4,0.332,45
7,Run50_DengeV1,Dengeli,bahcivan,standart,100,önce hasar,4,,,15,15,0,0,0,0,11,2,2,0,0,52,146,45,0,0,30,8,0,37,20,0,381,4,1,13.33,1,1,2.892,1,5,0.3,2,15,2.07,1.73,2.5,3.5,,,20,0,0,,,2.11,4.35,7.22,,,3,5,0.472,0.2,7.804,29,1,9,1,,3,0,45
7,Run50_DengeV1,Dengeli,bahcivan,standart,100,önce hasar,5,,,18,18,0,0,0,0,15,2,1,0,0,43,189,45,43,8,38,4,0,55,24,0,422,5,1,13.33,1,1,2.892,1,5,0.3,2,15,2.47,1.8,3,2,,,40,0,0,,,3.66,8.68,2.9,,,4,6,0.48,0,7.804,35,0,9,1,,5,0.045,45
7,Run50_DengeV1,Dengeli,bahcivan,standart,100,önce hasar,5,durduruldu (ölçüm sınırı)
8,Run50_DengeV1,Dengeli,bahcivan,standart,101,önce hasar,1,,,13,13,0,0,0,0,12,1,0,0,0,15,15,45,0,0,28,0,0,28,0,0,270,1,0,10,1,1,3,1,5,0.3,2,12,2.25,2,3,,,,17,0,,,,3,6,,,,2,4,0.339,0,8,23,0,0,2,,4,0.351,45
8,Run50_DengeV1,Dengeli,bahcivan,standart,101,önce hasar,2,,,15,15,0,0,0,0,11,3,1,0,0,30,45,45,0,0,34,4,0,35,4,0,350,2,1,12,1,1,3,1,5,0.3,2,13,2.31,1.64,2.33,3,,,33,0,0,,,1.91,4,6,,,2,4,0.378,0,8,23,4,4,0,,4,0.2,45
8,Run50_DengeV1,Dengeli,bahcivan,standart,101,önce hasar,3,,,16,16,0,0,0,0,10,6,0,0,0,28,73,45,0,0,44,0,0,45,4,0,380,3,1,13.33,1,1,2.892,1,5,0.3,2,15,2.07,1.8,2,,,,10,0,,,,2.31,2.9,,,,2,4,0.34,0,7.804,23,4,8,0,,3,0.177,45
8,Run50_DengeV1,Dengeli,bahcivan,standart,101,önce hasar,4,,,22,22,0,0,0,0,19,3,0,0,0,28,101,45,0,0,50,0,0,55,4,0,470,4,1,13.33,1,1,2.892,1,5,0.3,2,15,2.73,1.68,2.33,,,,26,0,,,,2.74,4.81,,,,3,6,0.398,0,6.934,39,0,8,1,,5,0.099,45
8,Run50_DengeV1,Dengeli,bahcivan,standart,101,önce hasar,5,,,21,21,0,0,0,0,16,4,1,0,0,38,139,45,38,8,48,4,0,57,8,0,507,5,1,13.33,1,1,2.892,1,5,0.3,2,15,2.73,1.69,2,2,,,29,0,0,,,2.35,2.9,2.9,,,4,8,0.378,0,6.232,58,1,9,1,,4,0.166,45
8,Run50_DengeV1,Dengeli,bahcivan,standart,101,önce hasar,5,durduruldu (ölçüm sınırı)
9,Run50_DengeV1,Dengeli,bahcivan,standart,102,önce hasar,1,,,13,13,0,0,0,0,10,3,0,0,0,19,19,45,0,0,32,0,0,32,0,0,290,1,0,10,1,1,3,1,5,0.3,2,13,2.08,1.8,2.67,,,,36,0,,,,2.4,5,,,,2,4,0.346,0,8,23,0,0,2,,4,0.203,45
9,Run50_DengeV1,Dengeli,bahcivan,standart,102,önce hasar,2,,,15,15,0,0,0,0,12,2,1,0,0,28,47,45,0,0,32,4,0,34,4,0,340,2,1,12.67,1,1,3,1,5,0.3,2,13,2.31,1.67,2.5,3,,,27,0,0,,,2,4.5,6,,,2,4,0.39,0,8,23,4,4,0,,4,0.244,45
9,Run50_DengeV1,Dengeli,bahcivan,standart,102,önce hasar,3,,,16,16,0,0,0,0,12,3,1,0,0,31,78,45,0,0,36,4,0,39,8,0,400,3,1,13.33,1,1,3,1,5,0.3,2,13,2.38,1.75,1.67,3,,,23,0,0,,,2.5,3,12,,,3,5,0.401,0,8,28,1,5,1,,5,0.111,45
9,Run50_DengeV1,Dengeli,bahcivan,standart,102,önce hasar,4,,,22,22,0,0,0,0,17,4,1,0,0,39,117,45,0,0,50,4,0,55,12,0,534,4,1,13.33,1,1,2.892,1,5,0.3,2,15,2.67,1.71,2.25,2,,,25,0,,,,2.39,6.5,2.9,,,4,6,0.419,0,7.571,36,2,7,1,,5,0.043,45
9,Run50_DengeV1,Dengeli,bahcivan,standart,102,önce hasar,5,,,21,21,0,0,0,0,16,3,2,0,0,45,162,45,45,8,44,8,0,47,20,0,552,5,1,13.33,1,1,2.892,1,5,0.3,2,15,3.4,2.06,2.67,3.5,,,6,0,0,,,5.6,6.76,8.68,,,5,8,0.559,0.25,7.469,48,2,9,1,,5,0,45
9,Run50_DengeV1,Dengeli,bahcivan,standart,102,önce hasar,5,durduruldu (ölçüm sınırı)
10,Run50_DengeV1,Dengeli,bahcivan,standart,100,önce hız,1,,,13,13,0,0,0,0,12,1,0,0,0,15,15,45,0,0,28,0,0,28,0,0,270,1,0,10,1,1,3,1,5,0.3,2,13,2.08,1.83,3,,,,21,0,,,,2.5,6,,,,2,4,0.346,0,8,23,0,0,2,,3,0.205,45
10,Run50_DengeV1,Dengeli,bahcivan,standart,100,önce hız,2,,,16,16,0,0,0,0,15,1,0,0,0,18,33,45,0,0,34,0,0,35,0,0,330,2,1,10,1,1,2.689,1,5,0.3,2,15,2.33,2.07,2,,,,13,0,,,,2.87,2.7,,,,2,4,0.317,0,8,23,3,3,0,,4,0.175,45
10,Run50_DengeV1,Dengeli,bahcivan,standart,100,önce hız,3,,,12,12,0,0,0,0,11,1,0,0,0,14,47,45,0,0,26,0,0,28,0,0,250,3,1,10,1,1,2.5,1,5,0.3,2,17,1.82,2.45,3,,,,0,0,,,,3.64,5,,,,2,4,0.419,0,8,23,3,6,0,,3,0.056,45
10,Run50_DengeV1,Dengeli,bahcivan,standart,100,önce hız,4,,,17,17,0,0,0,0,15,2,0,0,0,22,69,45,0,0,38,0,0,41,0,0,360,3,0,10.67,1,1,2.5,1,5,0.3,2,15,2.33,1.73,3,,,,29,0,0,,,2,8.75,,,,3,5,0.422,0,8,28,1,7,1,,5,0.133,45
10,Run50_DengeV1,Dengeli,bahcivan,standart,100,önce hız,5,,,17,17,0,0,0,0,12,3,2,0,0,49,118,45,49,8,36,8,0,37,8,0,410,4,1,10.67,1,1,2.5,1,5,0.3,2,17,2.71,2.17,2.67,4.5,,,7,0,0,,,5.42,5.83,12.5,,,4,7,0.517,0.143,8,39,0,7,1,,4,0.011,45
10,Run50_DengeV1,Dengeli,bahcivan,standart,100,önce hız,5,durduruldu (ölçüm sınırı)
11,Run50_DengeV1,Dengeli,bahcivan,standart,101,önce hız,1,,,13,13,0,0,0,0,12,1,0,0,0,15,15,45,0,0,28,0,0,28,0,0,270,1,0,10,1,1,3,1,5,0.3,2,12,2.25,2,3,,,,17,0,,,,3,6,,,,2,4,0.339,0,8,23,0,0,2,,4,0.351,45
11,Run50_DengeV1,Dengeli,bahcivan,standart,101,önce hız,2,,,13,13,0,0,0,0,9,3,1,0,0,28,43,45,0,0,30,4,0,31,4,0,310,2,1,10,1,1,2.689,1,5,0.3,2,14,2.71,2.22,2.33,4,,,8,0,0,,,3.29,3.58,8.07,,,2,4,0.412,0,8,23,3,3,0,,4,0.293,45
11,Run50_DengeV1,Dengeli,bahcivan,standart,101,önce hız,3,,,12,12,0,0,0,0,9,3,0,0,0,18,61,45,0,0,30,0,0,35,4,0,270,3,1,10,1,1,2.5,1,5,0.3,2,10,3.2,1.89,2.67,,,,0,0,,,,2.22,4.17,,,,2,4,0.468,0,8,23,2,5,0,,4,0.421,45
11,Run50_DengeV1,Dengeli,bahcivan,standart,101,önce hız,4,,,17,17,0,0,0,0,13,4,0,0,0,25,86,45,0,0,42,0,0,45,4,0,416,4,1,10.67,1,1,2.5,1,5,0.3,2,17,2.29,2,3,,,,10,0,0,,,2.5,5,,,,3,5,0.438,0,8,28,2,7,1,,4,0.033,45
11,Run50_DengeV1,Dengeli,bahcivan,standart,101,önce hız,5,,,14,14,0,0,0,0,11,0,3,0,0,46,132,45,46,8,22,12,0,27,16,0,387,4,0,10.67,1,1,2.5,1,5,0.3,2,17,2.29,2.45,,3.67,,,0,,0,,,5.68,,7.5,,,4,7,0.392,0,8,39,0,7,1,,4,0.29,45
11,Run50_DengeV1,Dengeli,bahcivan,standart,101,önce hız,5,durduruldu (ölçüm sınırı)
12,Run50_DengeV1,Dengeli,bahcivan,standart,102,önce hız,1,,,13,13,0,0,0,0,10,3,0,0,0,19,19,45,0,0,32,0,0,32,0,0,290,1,0,10,1,1,3,1,5,0.3,2,13,2.08,1.8,2.67,,,,36,0,,,,2.4,5,,,,2,4,0.346,0,8,23,0,0,2,,4,0.203,45
12,Run50_DengeV1,Dengeli,bahcivan,standart,102,önce hız,2,,,16,16,0,0,0,0,12,3,1,0,0,31,50,45,0,0,36,4,0,41,4,0,370,2,1,10,1,1,2.689,1,5,0.3,2,14,2.71,2.08,3,4,,,18,0,0,,,2.91,5.37,8.07,,,2,4,0.392,0,8,23,3,3,0,,4,0.281,45
12,Run50_DengeV1,Dengeli,bahcivan,standart,102,önce hız,3,,,12,12,0,0,0,0,9,1,2,0,0,32,82,45,0,0,22,8,0,25,12,0,290,3,1,10.67,1,1,2.5,1,5,0.3,2,16,1.94,2.11,2,4,,,11,0,0,,,2.78,2.5,7.5,,,2,4,0.398,0,8,23,4,7,0,,3,0.096,45
12,Run50_DengeV1,Dengeli,bahcivan,standart,102,önce hız,4,,,14,14,0,0,0,0,9,4,1,0,0,39,121,45,0,0,34,4,0,39,16,0,340,4,1,10.67,1,1,2.5,1,5,0.3,2,17,2.35,2.44,2.5,4,,,0,0,0,,,3.89,3.75,10,,,3,5,0.471,0.2,8,28,0,7,1,,4,0,45
12,Run50_DengeV1,Dengeli,bahcivan,standart,102,önce hız,5,,,14,14,0,0,0,0,13,0,1,0,0,30,151,45,30,8,26,4,0,26,20,0,316,4,0,11.33,1,1,2.5,1,5,0.3,2,17,2.47,2.15,,4,,,8,0,0,,,3.46,,7.5,,,4,6,0.6,0.167,7.804,35,3,10,1,,4,0,45
12,Run50_DengeV1,Dengeli,bahcivan,standart,102,önce hız,5,durduruldu (ölçüm sınırı)
13,Run50_DengeV1,Dengeli,bahcivan,standart,100,önce ekonomi,1,,,13,13,0,0,0,0,12,1,0,0,0,15,15,45,0,0,28,0,0,28,0,0,270,1,0,10,1,1,3,1,5,0.3,2,13,2.08,1.83,3,,,,21,0,,,,2.5,6,,,,2,4,0.346,0,8,23,0,0,2,,3,0.205,45
13,Run50_DengeV1,Dengeli,bahcivan,standart,100,önce ekonomi,2,,,14,14,0,0,0,0,13,1,0,0,0,16,31,45,0,0,31,0,0,32,0,0,290,2,1,10,1,1,3,1,5,0.3,2,13,2.23,2.08,2,,,,18,0,,,,3.23,3,,,,2,4,0.361,0,8,23,3,3,0,,4,0.155,45
13,Run50_DengeV1,Dengeli,bahcivan,standart,100,önce ekonomi,3,,,12,12,0,0,0,0,11,1,0,0,0,14,45,45,0,0,38,0,0,41,0,0,250,3,1,10,1,1,3,1,5,0.3,2,14,2.36,2.36,3,,,,8,0,,,,4.09,6,,,,2,4,0.456,0,8,23,2,5,0,,3,0.044,45
13,Run50_DengeV1,Dengeli,bahcivan,standart,100,önce ekonomi,4,,,16,16,0,0,0,0,9,7,0,0,0,33,78,45,0,0,62,0,0,63,0,0,390,3,0,10,1,1,3,1,5,0.3,2,14,3.07,2.11,2.86,,,,0,0,,,,4.33,7.29,,,,3,6,0.508,0.167,8,34,0,5,1,,3,0,45
13,Run50_DengeV1,Dengeli,bahcivan,standart,100,önce ekonomi,5,,,16,16,0,0,0,0,14,2,0,0,0,20,98,45,20,8,52,0,0,55,0,0,340,4,1,10,1,1,3,1,5,0.3,2,14,3.64,2.14,2.5,,,,0,0,0,,,4.71,4.5,,,,5,9,0.645,0.444,8,51,0,5,2,,4,0,45
13,Run50_DengeV1,Dengeli,bahcivan,standart,100,önce ekonomi,5,durduruldu (ölçüm sınırı)
14,Run50_DengeV1,Dengeli,bahcivan,standart,101,önce ekonomi,1,,,13,13,0,0,0,0,12,1,0,0,0,15,15,45,0,0,28,0,0,28,0,0,270,1,0,10,1,1,3,1,5,0.3,2,12,2.25,2,3,,,,17,0,,,,3,6,,,,2,4,0.339,0,8,23,0,0,2,,4,0.351,45
14,Run50_DengeV1,Dengeli,bahcivan,standart,101,önce ekonomi,2,,,13,13,0,0,0,0,9,3,1,0,0,28,43,45,0,0,33,4,0,34,4,0,310,2,1,10,1,1,3,1,5,0.3,2,12,2.58,2.22,2.33,4,,,11,0,0,,,3.67,4,9,,,2,4,0.423,0,8,23,3,3,0,,4,0.266,45
14,Run50_DengeV1,Dengeli,bahcivan,standart,101,önce ekonomi,3,,,12,12,0,0,0,0,10,2,0,0,0,16,59,45,0,0,40,0,0,45,4,0,260,3,1,10,1,1,3,1,5,0.3,2,13,2.54,2.5,3,,,,0,0,,,,4.5,6,,,,2,4,0.467,0,8,23,2,5,0,,4,0.2,45
14,Run50_DengeV1,Dengeli,bahcivan,standart,101,önce ekonomi,4,,,14,14,0,0,0,0,11,3,0,0,0,20,79,45,0,0,48,0,0,53,4,0,310,3,0,10,1,1,3,1,5,0.3,2,14,2.93,2.09,3.33,,,,0,0,0,,,4.09,10,,,,3,6,0.594,0.167,7.629,35,0,5,1,,3,0,45
14,Run50_DengeV1,Dengeli,bahcivan,standart,101,önce ekonomi,5,,,16,16,0,0,0,0,10,4,2,0,0,42,121,45,42,8,50,8,0,52,12,0,424,4,1,11.33,1,1,2.892,1,5,0.3,2,14,2.5,2.2,2.25,2,,,11,0,0,,,5.21,5.78,2.9,,,4,7,0.371,0,7.311,43,5,10,1,,4,0.271,45
14,Run50_DengeV1,Dengeli,bahcivan,standart,101,önce ekonomi,5,durduruldu (ölçüm sınırı)
15,Run50_DengeV1,Dengeli,bahcivan,standart,102,önce ekonomi,1,,,13,13,0,0,0,0,10,3,0,0,0,19,19,45,0,0,32,0,0,32,0,0,290,1,0,10,1,1,3,1,5,0.3,2,13,2.08,1.8,2.67,,,,36,0,,,,2.4,5,,,,2,4,0.346,0,8,23,0,0,2,,4,0.203,45
15,Run50_DengeV1,Dengeli,bahcivan,standart,102,önce ekonomi,2,,,12,12,0,0,0,0,9,2,1,0,0,25,44,45,0,0,28,4,0,33,4,0,280,2,1,10,1,1,3,1,5,0.3,2,12,2.75,2.11,3.5,4,,,11,0,0,,,3.33,7.5,9,,,2,4,0.479,0,8,23,3,3,0,,4,0.222,45
15,Run50_DengeV1,Dengeli,bahcivan,standart,102,önce ekonomi,3,,,13,13,0,0,0,0,11,2,0,0,0,17,61,45,0,0,43,0,0,47,4,0,280,3,1,10,1,1,3,1,5,0.3,2,13,2.54,2.18,2.5,,,,0,0,,,,3.55,4.5,,,,2,4,0.45,0,8,23,2,5,0,,4,0.155,45
15,Run50_DengeV1,Dengeli,bahcivan,standart,102,önce ekonomi,4,,,19,19,0,0,0,0,17,2,0,0,0,23,84,45,0,0,61,0,0,61,4,0,400,4,1,10,1,1,2.892,1,5,0.3,2,15,3.13,2.18,2,,,,0,0,,,,4.08,2.9,,,,3,6,0.453,0,7.227,37,1,6,1,,5,0.049,45
15,Run50_DengeV1,Dengeli,bahcivan,standart,102,önce ekonomi,5,,,20,20,0,0,0,0,15,4,1,0,0,38,122,45,38,8,65,4,0,66,8,0,460,5,1,10,1,1,2.892,1,5,0.3,2,15,4,2.27,3,4,,,0,0,0,,,5,7.97,23.13,,,5,9,0.688,0.222,6.724,60,0,6,2,,5,0,45
15,Run50_DengeV1,Dengeli,bahcivan,standart,102,önce ekonomi,5,durduruldu (ölçüm sınırı)
16,Run50_DengeV1,Dengeli,bahcivan,standart,100,önce üretim,1,,,13,13,0,0,0,0,12,1,0,0,0,15,15,45,0,0,28,0,0,28,0,0,270,1,0,10,1,1,3,1,5,0.3,2,13,2.08,1.83,3,,,,21,0,,,,2.5,6,,,,2,4,0.346,0,8,23,0,0,2,,3,0.205,45
16,Run50_DengeV1,Dengeli,bahcivan,standart,100,önce üretim,2,,,14,14,0,0,0,0,13,1,0,0,0,16,31,45,0,0,30,0,0,34,0,0,290,2,1,10,1,1,3,1,5,0.3,2,13,2.23,2.08,2,,,,18,0,,,,3.23,3,,,,2,4,0.408,0,7.427,24,3,3,0,,4,0.129,45
16,Run50_DengeV1,Dengeli,bahcivan,standart,100,önce üretim,3,,,12,12,0,0,0,0,11,1,0,0,0,14,45,45,0,0,26,0,0,30,0,0,250,3,1,10,1,1,3,1,5,0.3,2,14,2.36,2.36,3,,,,8,0,,,,4.09,6,,,,2,4,0.499,0,7.427,24,1,4,0,,3,0.031,45
16,Run50_DengeV1,Dengeli,bahcivan,standart,100,önce üretim,4,,,13,13,0,0,0,0,9,3,1,0,0,31,76,45,0,0,30,4,0,33,4,0,310,3,0,10,1,1,3,1,5,0.3,2,14,2.64,2.11,3,4,,,0,0,0,,,4.67,6,18,,,3,5,0.551,0.2,7.427,30,1,5,1,,3,0,45
16,Run50_DengeV1,Dengeli,bahcivan,standart,100,önce üretim,5,,,14,14,0,0,0,0,10,3,1,0,0,30,106,45,30,8,32,4,0,37,8,0,330,4,1,11.33,1,1,2.892,1,5,0.3,2,15,2.73,2.2,3.33,2,,,0,0,,,,4.34,7.72,2.9,,,3,5,0.585,0,7.427,30,4,9,0,,4,0.035,45
16,Run50_DengeV1,Dengeli,bahcivan,standart,100,önce üretim,5,durduruldu (ölçüm sınırı)
17,Run50_DengeV1,Dengeli,bahcivan,standart,101,önce üretim,1,,,13,13,0,0,0,0,12,1,0,0,0,15,15,45,0,0,28,0,0,28,0,0,270,1,0,10,1,1,3,1,5,0.3,2,12,2.25,2,3,,,,17,0,,,,3,6,,,,2,4,0.339,0,8,23,0,0,2,,4,0.351,45
17,Run50_DengeV1,Dengeli,bahcivan,standart,101,önce üretim,2,,,13,13,0,0,0,0,9,3,1,0,0,28,43,45,0,0,30,4,0,34,4,0,310,2,1,10,1,1,3,1,5,0.3,2,12,2.58,2.22,2.33,4,,,11,0,0,,,3.67,4,9,,,2,4,0.466,0,7.427,24,3,3,0,,4,0.226,45
17,Run50_DengeV1,Dengeli,bahcivan,standart,101,önce üretim,3,,,12,12,0,0,0,0,10,2,0,0,0,16,59,45,0,0,28,0,0,32,4,0,260,3,1,10,1,1,3,1,5,0.3,2,13,2.54,2.5,3,,,,0,0,,,,4.5,6,,,,2,4,0.507,0,7.427,24,1,4,0,,4,0.16,45
17,Run50_DengeV1,Dengeli,bahcivan,standart,101,önce üretim,4,,,15,15,0,0,0,0,9,4,2,0,0,41,100,45,0,0,34,8,0,39,12,0,380,4,1,10,1,1,3,1,5,0.3,2,14,2.71,1.89,2.5,4.5,,,0,0,0,,,2.67,4.5,10.5,,,3,5,0.542,0,7.082,32,1,5,1,,4,0.008,45
17,Run50_DengeV1,Dengeli,bahcivan,standart,101,önce üretim,5,,,10,10,0,0,0,0,6,3,1,0,0,25,125,45,25,8,24,4,0,24,16,0,250,4,0,11.33,1,1,2.892,1,5,0.3,2,15,1.93,2,3,5,,,0,0,0,,,2.89,5.79,23.13,,,4,6,0.396,0,6.957,39,3,8,1,,3,0.026,45
17,Run50_DengeV1,Dengeli,bahcivan,standart,101,önce üretim,5,durduruldu (ölçüm sınırı)
18,Run50_DengeV1,Dengeli,bahcivan,standart,102,önce üretim,1,,,13,13,0,0,0,0,10,3,0,0,0,19,19,45,0,0,32,0,0,32,0,0,290,1,0,10,1,1,3,1,5,0.3,2,13,2.08,1.8,2.67,,,,36,0,,,,2.4,5,,,,2,4,0.346,0,8,23,0,0,2,,4,0.203,45
18,Run50_DengeV1,Dengeli,bahcivan,standart,102,önce üretim,2,,,12,12,0,0,0,0,9,2,1,0,0,25,44,45,0,0,26,4,0,27,4,0,280,2,1,10,1,1,3,1,5,0.3,2,12,2.75,2.11,3.5,4,,,11,0,0,,,3.33,7.5,9,,,2,4,0.515,0,7.427,24,4,4,0,,4,0.195,45
18,Run50_DengeV1,Dengeli,bahcivan,standart,102,önce üretim,3,,,15,15,0,0,0,0,12,2,1,0,0,28,72,45,0,0,32,4,0,32,8,0,340,3,1,10,1,1,2.892,1,5,0.3,2,15,2.73,2.25,2.5,5,,,0,0,0,,,4.58,4.33,11.57,,,3,5,0.534,0,7.427,30,1,5,1,,4,0.058,45
18,Run50_DengeV1,Dengeli,bahcivan,standart,102,önce üretim,4,,,14,14,0,0,0,0,7,5,2,0,0,50,122,45,0,0,34,8,0,36,16,0,370,4,1,10,1,1,2.892,1,5,0.3,2,15,2.6,2.57,2.4,4,,,0,0,0,,,4.54,4.05,13,,,3,5,0.539,0.2,7.427,30,1,6,0,,3,0,45
18,Run50_DengeV1,Dengeli,bahcivan,standart,102,önce üretim,5,,,15,15,0,0,0,0,11,3,1,0,0,31,153,45,31,8,34,4,0,38,20,0,350,4,0,11.33,1,1,2.892,1,5,0.3,2,15,3,2.45,2.67,5,,,0,0,0,,,5.53,6.76,11.57,,,4,6,0.542,0.167,7.427,36,2,8,1,,4,0,45
18,Run50_DengeV1,Dengeli,bahcivan,standart,102,önce üretim,5,durduruldu (ölçüm sınırı)
19,Run50_DengeV1,Yeni,bahcivan,standart,100,yeni oyuncu,1,,,8,8,0,0,0,0,5,1,2,0,0,28,28,45,0,0,14,8,0,16,8,0,210,1,0,10.67,1,1,2.892,1,5,0.3,2,14,1.21,1.4,2,3,,,43,0,0,,,3.47,2.9,7.22,,,2,3,0.458,0,7.804,17,3,3,2,,2,0.115,45
19,Run50_DengeV1,Yeni,bahcivan,standart,100,yeni oyuncu,2,,,9,9,0,0,0,0,8,1,0,0,0,11,39,45,0,0,20,0,0,23,8,0,200,2,1,10.67,1,1,2.892,1,5,0.3,2,14,1.29,2,2,,,,17,0,,,,4.7,2.9,,,,2,3,0.483,0,7.804,17,2,5,0,,2,0.118,45
19,Run50_DengeV1,Yeni,bahcivan,standart,100,yeni oyuncu,3,,,8,8,0,0,0,0,4,3,1,0,0,23,62,45,0,0,20,4,0,27,12,0,223,2,0,11.33,1,1,2.789,1,5,0.3,2,16,1.31,2,3,3,,,0,0,0,,,4.88,5.57,8.37,,,2,3,0.557,0,7.804,17,2,7,0,,2,0.05,45
19,Run50_DengeV1,Yeni,bahcivan,standart,100,yeni oyuncu,4,,,10,10,0,0,0,0,6,2,2,0,0,32,94,45,0,0,20,8,0,27,20,0,276,3,1,11.33,1,1,2.789,1,5,0.3,2,16,1.56,2.17,1.5,3.5,,,29,0,0,0,,4.64,1.4,8.35,,,3,4,0.539,0.25,7.804,23,0,7,1,,2,0,45
19,Run50_DengeV1,Yeni,bahcivan,standart,100,yeni oyuncu,5,,,10,10,0,0,0,0,7,2,0,1,0,43,137,45,43,8,22,0,2,22,20,2,264,3,0,12,1,1,2.689,1,5,0.3,2,16,1.44,1.86,2.5,,2,,14,0,,0,,4.6,5.38,,5.37,,3,4,0.586,0.25,7.613,24,3,10,0,,2,0,45
19,Run50_DengeV1,Yeni,bahcivan,standart,100,yeni oyuncu,5,durduruldu (ölçüm sınırı)
20,Run50_DengeV1,Yeni,bahcivan,standart,101,yeni oyuncu,1,,,6,6,0,0,0,0,4,2,0,0,0,10,10,45,0,0,16,0,0,18,0,0,140,1,0,11.33,1,1,3,1,5,0.3,2,13,1.23,2,2.5,,,,0,0,,,,6.75,4.5,,,,2,3,0.545,0,7.804,17,3,3,2,,2,0.13,45
20,Run50_DengeV1,Yeni,bahcivan,standart,101,yeni oyuncu,2,,,9,9,0,0,0,0,8,1,0,0,0,11,21,45,0,0,20,0,0,24,0,0,218,1,0,11.33,1,1,3,1,5,0.3,2,12,1.5,1.88,1,,,,14,0,,,,3.75,0,,,,2,3,0.507,0,7.804,17,2,5,0,,3,0.213,45
20,Run50_DengeV1,Yeni,bahcivan,standart,101,yeni oyuncu,3,,,10,10,0,0,0,0,7,2,1,0,0,23,44,45,0,0,22,4,0,23,4,0,274,2,1,11.33,1,1,2.789,1,5,0.3,2,15,1.4,2,2,3,,,29,0,0,,,3.99,6.97,5.57,,,2,3,0.476,0,7.804,17,3,8,0,,3,0.122,45
20,Run50_DengeV1,Yeni,bahcivan,standart,101,yeni oyuncu,4,,,7,7,0,0,0,0,4,3,0,0,0,13,57,45,0,0,20,0,0,27,4,0,194,3,1,12,1,1,2.789,1,5,0.3,2,16,1.25,2.25,2.67,,,,25,0,,0,,7.68,4.63,,,,2,3,0.582,0,7.613,18,2,10,0,,2,0.126,45
20,Run50_DengeV1,Yeni,bahcivan,standart,101,yeni oyuncu,5,,,8,8,0,0,0,0,4,3,0,1,0,43,100,45,43,8,20,0,2,27,4,2,251,3,0,12,1,1,2.789,1,5,0.3,2,16,1.13,2,3,,1,,25,0,,,,4.18,13.01,,0,,3,4,0.472,0,7.613,24,0,10,1,,2,0.09,45
20,Run50_DengeV1,Yeni,bahcivan,standart,101,yeni oyuncu,5,durduruldu (ölçüm sınırı)
21,Run50_DengeV1,Yeni,bahcivan,standart,102,yeni oyuncu,1,,,9,9,0,0,0,0,5,3,1,0,0,24,24,45,0,0,22,4,0,22,4,0,230,1,0,10,1,1,3,1,5,0.3,2,14,1.36,1.2,2.67,3,,,67,0,0,,,1.2,7,6,,,4,4,0.551,0,8,23,0,0,4,,2,0.003,45
21,Run50_DengeV1,Yeni,bahcivan,standart,102,yeni oyuncu,2,,,9,9,0,0,0,0,4,3,2,0,0,33,57,45,0,0,20,8,0,22,12,0,250,2,1,10,1,1,3,1,5,0.3,2,14,1.79,2,2.67,3.5,,,33,0,0,,,6,11,13.5,,,5,5,0.627,0.2,8,28,0,0,1,,3,0,45
21,Run50_DengeV1,Yeni,bahcivan,standart,102,yeni oyuncu,3,,,12,12,0,0,0,0,10,2,0,0,0,16,73,45,0,0,28,0,0,32,12,0,260,2,0,10.67,1,1,2.892,1,5,0.3,2,15,1.6,1.7,2,,,,27,0,,,,5.21,11.57,,,,5,5,0.637,0.2,7.573,30,3,3,0,,3,0,45
21,Run50_DengeV1,Yeni,bahcivan,standart,102,yeni oyuncu,4,,,10,10,0,0,0,0,7,3,0,0,0,16,89,45,0,0,26,0,0,37,12,0,243,3,1,10.67,1,1,2.892,1,5,0.3,2,15,1.73,2.29,2.67,,,,0,0,0,,,5.38,9.64,,,,5,5,0.654,0.2,7.388,30,3,6,0,,3,0,45
21,Run50_DengeV1,Yeni,bahcivan,standart,102,yeni oyuncu,5,,,7,7,0,0,0,0,4,2,1,0,0,20,109,45,20,8,16,4,0,18,16,0,205,3,0,11.33,1,1,2.892,1,5,0.3,2,15,1.8,2.5,3,3,,,0,0,,,,13.74,11.57,23.13,,,6,6,0.78,0.5,7.425,36,2,8,1,,3,0,45
21,Run50_DengeV1,Yeni,bahcivan,standart,102,yeni oyuncu,5,durduruldu (ölçüm sınırı)
22,Run50_DengeV1,Yeni,bahcivan,dar_kesim,100,yeni oyuncu · Dar Kesim,1,,,8,8,0,0,0,0,6,1,1,0,0,19,19,45,0,0,16,4,0,16,4,0,190,1,0,10,1.4,1,3,0.75,4,0.3,2,13,1,1.33,2,3,,,67,0,0,,,3,9,9,,,3,4,0.567,0,8,23,0,0,3,,2,0.072,45
22,Run50_DengeV1,Yeni,bahcivan,dar_kesim,100,yeni oyuncu · Dar Kesim,2,,,7,7,0,0,0,0,5,2,0,0,0,11,30,45,0,0,18,0,0,22,4,0,160,1,0,10.67,1.4,1,2.892,0.75,4,0.3,2,15,1,1.6,2,,,,40,25,,,,4.63,13.02,,,,3,4,0.688,0.5,8,23,2,2,0,,2,0,45
22,Run50_DengeV1,Yeni,bahcivan,dar_kesim,100,yeni oyuncu · Dar Kesim,3,,,7,7,0,0,0,0,3,4,0,0,0,15,45,45,0,0,22,0,0,24,4,0,180,2,1,10.67,1.4,1,2.892,0.75,4,0.3,2,15,1,1.67,1.5,,,,33,0,,,,2.89,2.18,,,,4,5,0.722,0.2,8,28,0,2,1,,2,0,45
22,Run50_DengeV1,Yeni,bahcivan,dar_kesim,100,yeni oyuncu · Dar Kesim,4,,,9,9,0,0,0,0,5,3,0,1,0,44,89,45,0,0,22,0,2,26,4,2,240,2,0,10.67,1.4,1,2.892,0.75,4,0.3,2,15,1,1.4,1.67,,2,,50,,,0,,7.52,8.68,,2.9,,5,6,0.705,0.5,8,34,0,2,1,,2,0,45
22,Run50_DengeV1,Yeni,bahcivan,dar_kesim,100,yeni oyuncu · Dar Kesim,5,,,7,7,0,0,0,0,5,1,1,0,0,19,108,45,19,8,14,4,0,20,8,2,170,3,1,10.67,1.4,1,2.892,0.75,4,0.3,2,15,1,1.2,2,2,,,60,0,0,0,,1.15,8.67,5.8,,,6,7,0.787,0.571,8,39,0,2,1,,2,0,45
22,Run50_DengeV1,Yeni,bahcivan,dar_kesim,100,yeni oyuncu · Dar Kesim,5,durduruldu (ölçüm sınırı)
23,Run50_DengeV1,Yeni,bahcivan,dar_kesim,101,yeni oyuncu · Dar Kesim,1,,,8,8,0,0,0,0,8,0,0,0,0,8,8,45,0,0,16,0,0,16,0,0,160,1,0,10,1.4,1,3,0.75,4,0.3,2,14,1,1.75,,,,,25,,,,,5.63,,,,,2,4,0.588,0,8,23,0,0,2,,2,0.041,45
23,Run50_DengeV1,Yeni,bahcivan,dar_kesim,101,yeni oyuncu · Dar Kesim,2,,,8,8,0,0,0,0,8,0,0,0,0,8,16,45,0,0,16,0,0,32,0,0,160,1,0,10,1.4,1,3,0.75,4,0.3,2,14,1,1.63,,,,,33,,,,,4.88,,,,,2,4,0.617,0.25,8,23,0,0,0,,2,0,45
23,Run50_DengeV1,Yeni,bahcivan,dar_kesim,101,yeni oyuncu · Dar Kesim,3,,,8,8,0,0,0,0,7,1,0,0,0,10,26,45,0,0,18,0,0,18,0,0,170,2,1,11.33,1.4,1,3,0.75,4,0.3,2,14,1,1.71,2,,,,17,0,,,,5.57,6,,,,3,5,0.702,0.6,8,28,2,2,1,,2,0,45
23,Run50_DengeV1,Yeni,bahcivan,dar_kesim,101,yeni oyuncu · Dar Kesim,4,,,7,7,0,0,0,0,6,1,0,0,0,9,35,45,0,0,16,0,0,21,0,0,150,2,0,11.33,1.4,1,3,0.75,4,0.3,2,14,1,1.5,3,,,,43,0,,,,3.5,18,,,,3,5,0.749,0.4,7.804,29,2,4,0,,2,0,45
23,Run50_DengeV1,Yeni,bahcivan,dar_kesim,101,yeni oyuncu · Dar Kesim,5,,,7,7,0,0,0,0,4,2,1,0,0,20,55,45,20,8,16,4,0,17,4,0,180,3,1,11.33,1.4,1,3,0.75,4,0.3,2,14,1,1.25,2,3,,,50,0,0,,,0.75,4.5,21,,,4,6,0.496,0,7.804,35,0,4,1,,2,0.033,45
23,Run50_DengeV1,Yeni,bahcivan,dar_kesim,101,yeni oyuncu · Dar Kesim,5,durduruldu (ölçüm sınırı)
24,Run50_DengeV1,Yeni,bahcivan,dar_kesim,102,yeni oyuncu · Dar Kesim,1,,,8,8,0,0,0,0,7,1,0,0,0,10,10,45,0,0,18,0,0,18,0,0,170,1,0,10,1.4,1,3,0.75,4,0.3,2,14,1,1.43,3,,,,50,0,,,,1.71,18,,,,2,4,0.596,0,8,23,0,0,2,,2,0.003,45
24,Run50_DengeV1,Yeni,bahcivan,dar_kesim,102,yeni oyuncu · Dar Kesim,2,,,9,9,0,0,0,0,9,0,0,0,0,9,19,45,0,0,18,0,0,18,0,0,180,1,0,11.33,1.4,1,3,0.75,4,0.3,2,14,1,1.44,,,,,44,,,,,3,,,,,2,4,0.62,0.25,7.804,23,3,3,0,,2,0,45
24,Run50_DengeV1,Yeni,bahcivan,dar_kesim,102,yeni oyuncu · Dar Kesim,3,,,7,7,0,0,0,0,6,1,0,0,0,9,28,45,0,0,16,0,0,20,0,0,172,2,1,11.33,1.4,1,3,0.75,4,0.3,2,14,1,1.83,1,,,,0,100,,,,7.5,0,,,,2,4,0.67,0.5,7.804,23,2,5,0,,2,0,45
24,Run50_DengeV1,Yeni,bahcivan,dar_kesim,102,yeni oyuncu · Dar Kesim,4,,,9,9,0,0,0,0,7,2,0,0,0,13,41,45,0,0,22,0,0,28,0,0,229,2,0,11.33,1.4,1,2.892,0.75,4,0.3,2,15,1,1.29,2,,,,43,0,,,,1.24,4.33,,,,2,4,0.618,0.25,7.804,23,2,7,0,,2,0,45
24,Run50_DengeV1,Yeni,bahcivan,dar_kesim,102,yeni oyuncu · Dar Kesim,5,,,8,8,0,0,0,0,6,1,1,0,0,19,60,45,19,8,16,4,0,16,4,0,217,3,1,11.33,1.4,1,2.892,0.75,4,0.3,2,15,1,1.33,2,2,,,33,0,0,,,2.41,5.8,8.67,,,3,5,0.708,0.4,7.613,30,1,8,1,,2,0,45
24,Run50_DengeV1,Yeni,bahcivan,dar_kesim,102,yeni oyuncu · Dar Kesim,5,durduruldu (ölçüm sınırı)
