mode,round,layout,seed,arm,repeat,realtime,boss,frames,attacks,fill,directHits,directRaw,directApplied,behaviorRaw,behaviorApplied,echoHits,echoHitsNewArea,echoRaw,echoApplied,echoCells,harvests,harvestDirect,harvestExplosion,harvestTornado,harvestBoomerang,harvestElectric,echoHarvests,echoHarvestsNewArea,score,trigExplosion,trigTornado,trigBoomerang,trigElectric,echoPlanned,echoExecuted,echoDropped,pendingMax,echoWaitMin,echoWaitMax,skipExplosionVisual,skipElectricVisual,skipElectricBolts,skipBoomerang,wallMs,maxFrameMs,gc0,allocBytes,areaPlayed,areaSkipped,killsDirect,killsNormal,killsEcho,killsGen1,killsGen2,attempts1,attempts2,triggers1,triggers2,fired1,fired2,rejRepeat,rejGeneration,rejBudget,rejInvalid,rejRoundEnd,rejExcluded,chainHits,newTargetHits,maxPending,delayFramesMax,delayFramesTotal,poolWaitJobs,poolWaitFrames,chainPlayed,chainSkipped
zincir30,30,Patlama,1,zincirsiz,0,0,SERT KABUK,1354,23,0.887,132,7704,6630,3388,3087,0,0,0,0,0,71,46,25,0,0,0,0,0,195,19,0,0,0,0,0,0,0,0,0,0,0,0,0,625,18.3,0,405504,0,0,46,25,0,0,0,0,0,0,0,0,0,0,0,0,0,0,0,0,0,0,0,0,0,0,0,0
zincir30,30,Patlama,1,zincir,0,0,SERT KABUK,1354,23,0.879,133,7956,6618,4015,3687,0,0,0,0,0,75,52,23,0,0,0,0,0,204,17,0,0,0,0,0,0,0,0,0,0,0,0,0,606,5.3,0,544768,0,0,52,20,0,3,0,11,1,4,0,4,0,3,0,0,0,0,0,15,14,2,1,4,0,0,4,0
zincir30,30,Patlama,2,zincirsiz,0,0,SERT KABUK,1354,23,0.915,136,7572,6605,1980,1860,0,0,0,0,0,42,34,8,0,0,0,0,0,107,8,0,0,0,0,0,0,0,0,0,0,0,0,0,548,3.2,0,352256,0,0,34,8,0,0,0,0,0,0,0,0,0,0,0,0,0,0,0,0,0,0,0,0,0,0,0,0
zincir30,30,Patlama,2,zincir,0,0,SERT KABUK,1354,23,0.915,136,7572,6605,1980,1860,0,0,0,0,0,42,34,8,0,0,0,0,0,107,8,0,0,0,0,0,0,0,0,0,0,0,0,0,546,3.2,0,499712,0,0,34,8,0,0,0,5,0,0,0,0,0,1,0,0,0,0,0,0,0,0,0,0,0,0,0,0
zincir30,30,Patlama,3,zincirsiz,0,0,DON CEPHESİ,1354,23,0.72,133,7863,6765,2024,1873,0,0,0,0,0,69,55,14,0,0,0,0,0,165,12,0,0,0,0,0,0,0,0,0,0,0,0,0,560,2.8,0,385024,0,0,55,14,0,0,0,0,0,0,0,0,0,0,0,0,0,0,0,0,0,0,0,0,0,0,0,0
zincir30,30,Patlama,3,zincir,0,0,DON CEPHESİ,1354,23,0.722,133,7868,6657,2178,1945,0,0,0,0,0,70,53,17,0,0,0,0,0,166,11,0,0,0,0,0,0,0,0,0,0,0,0,0,564,3.3,0,548864,0,0,53,13,0,4,0,8,2,2,0,2,0,1,0,0,0,0,0,6,6,1,1,2,0,0,2,0
zincir30,30,Patlama,4,zincirsiz,0,0,DON CEPHESİ,1354,23,0.719,135,8142,6789,2816,2487,0,0,0,0,0,74,51,23,0,0,0,0,0,313,13,0,0,0,0,0,0,0,0,0,0,0,0,0,587,7.1,0,393216,0,0,51,23,0,0,0,0,0,0,0,0,0,0,0,0,0,0,0,0,0,0,0,0,0,0,0,0
zincir30,30,Patlama,4,zincir,0,0,DON CEPHESİ,1354,23,0.709,136,8201,7010,2607,2298,0,0,0,0,0,70,48,22,0,0,0,0,0,293,11,0,0,0,0,0,0,0,0,0,0,0,0,0,590,6.2,0,548864,0,0,48,19,0,3,0,11,1,5,0,5,0,5,0,0,0,0,0,15,11,1,1,5,0,0,5,0
zincir30,30,Patlama,5,zincirsiz,0,0,SERT KABUK,1354,23,0.907,133,7784,6739,2860,2660,0,0,0,0,0,48,35,13,0,0,0,0,0,201,13,0,0,0,0,0,0,0,0,0,0,0,0,0,550,3.3,0,393216,0,0,35,13,0,0,0,0,0,0,0,0,0,0,0,0,0,0,0,0,0,0,0,0,0,0,0,0
zincir30,30,Patlama,5,zincir,0,0,SERT KABUK,1354,23,0.918,135,7800,6774,2607,2479,0,0,0,0,0,42,34,8,0,0,0,0,0,180,10,0,0,0,0,0,0,0,0,0,0,0,0,0,560,8.7,0,548864,0,0,34,7,0,1,0,3,0,1,0,1,0,1,0,0,0,0,0,7,0,1,1,1,0,0,1,0
zincir30,30,Patlama,6,zincirsiz,0,0,SİS,1354,23,0.9,91,5366,4583,2464,2242,0,0,0,0,0,57,39,18,0,0,0,0,0,142,11,0,0,0,0,0,0,0,0,0,0,0,0,0,580,3.7,0,1683456,0,0,39,18,0,0,0,0,0,0,0,0,0,0,0,0,0,0,0,0,0,0,0,0,0,0,0,0
zincir30,30,Patlama,6,zincir,0,0,SİS,1354,23,0.9,91,5366,4550,2530,2308,0,0,0,0,0,57,39,18,0,0,0,0,0,142,11,0,0,0,0,0,0,0,0,0,0,0,0,0,555,4.0,0,552960,0,0,39,18,0,0,0,6,0,1,0,1,0,2,0,0,0,0,0,2,1,1,1,1,0,0,1,0
zincir30,30,Patlama,7,zincirsiz,0,0,SİS,1354,23,0.904,87,5097,4214,2860,2620,0,0,0,0,0,54,34,20,0,0,0,0,0,188,13,0,0,0,0,0,0,0,0,0,0,0,0,0,551,2.6,0,397312,0,0,34,20,0,0,0,0,0,0,0,0,0,0,0,0,0,0,0,0,0,0,0,0,0,0,0,0
zincir30,30,Patlama,7,zincir,0,0,SİS,1354,23,0.901,90,5253,4526,2882,2631,0,0,0,0,0,56,34,22,0,0,0,0,0,225,11,0,0,0,0,0,0,0,0,0,0,0,0,0,554,3.8,0,561152,0,0,34,19,0,3,0,9,0,3,0,3,0,2,0,0,0,0,0,10,8,1,1,3,0,0,3,0
zincir30,30,Patlama,8,zincirsiz,0,0,DON CEPHESİ,1354,23,0.738,127,7528,6655,3916,3473,0,0,0,0,0,82,50,32,0,0,0,0,0,306,19,0,0,0,0,0,0,0,0,0,0,0,0,0,599,4.4,0,393216,0,0,50,32,0,0,0,0,0,0,0,0,0,0,0,0,0,0,0,0,0,0,0,0,0,0,0,0
zincir30,30,Patlama,8,zincir,0,0,DON CEPHESİ,1354,23,0.742,126,7218,6352,4213,3789,0,0,0,0,0,80,47,33,0,0,0,0,0,315,20,0,0,0,0,0,0,0,0,0,0,0,0,0,601,4.7,0,552960,0,0,47,33,0,0,0,13,0,1,0,1,0,3,0,0,0,0,0,1,1,1,1,1,0,0,1,0
zincir30,30,Patlama,9,zincirsiz,0,0,SİS,1354,23,0.909,89,4874,4071,2112,1922,0,0,0,0,0,49,30,19,0,0,0,0,0,105,9,0,0,0,0,0,0,0,0,0,0,0,0,0,545,2.6,0,385024,0,0,30,19,0,0,0,0,0,0,0,0,0,0,0,0,0,0,0,0,0,0,0,0,0,0,0,0
zincir30,30,Patlama,9,zincir,0,0,SİS,1354,23,0.908,89,4928,4113,2541,2322,0,0,0,0,0,51,30,21,0,0,0,0,0,111,10,0,0,0,0,0,0,0,0,0,0,0,0,0,550,5.1,0,540672,0,0,30,21,0,0,0,8,0,1,0,1,0,2,0,0,0,0,0,5,5,1,1,1,0,0,1,0
zincir30,30,Patlama,10,zincirsiz,0,0,DON CEPHESİ,1354,23,0.706,132,7558,6498,3344,3009,0,0,0,0,0,77,51,26,0,0,0,0,0,232,17,0,0,0,0,0,0,0,0,0,0,0,0,0,588,2.7,0,393216,0,0,51,26,0,0,0,0,0,0,0,0,0,0,0,0,0,0,0,0,0,0,0,0,0,0,0,0
zincir30,30,Patlama,10,zincir,0,0,DON CEPHESİ,1354,23,0.706,135,7728,6703,3267,2932,0,0,0,0,0,80,50,30,0,0,0,0,0,229,16,0,0,0,0,0,0,0,0,0,0,0,0,0,603,8.1,0,548864,0,0,50,26,0,4,0,12,2,4,1,4,1,6,0,0,0,0,0,11,9,2,1,5,0,0,5,0
zincir30,30,Elektrik,1,zincirsiz,0,0,SERT KABUK,1354,23,0.897,138,7869,6848,2244,2168,0,0,0,0,0,59,51,0,0,0,8,0,0,173,0,0,0,16,0,0,0,0,0,0,0,0,0,0,552,3.9,0,389120,0,0,51,8,0,0,0,0,0,0,0,0,0,0,0,0,0,0,0,0,0,0,0,0,0,0,0,0
zincir30,30,Elektrik,1,zincir,0,0,SERT KABUK,1354,23,0.899,137,7671,6469,1848,1734,0,0,0,0,0,59,50,0,0,0,9,0,0,137,0,0,0,13,0,0,0,0,0,0,0,0,0,0,549,3.0,0,524288,0,0,50,9,0,0,0,6,0,2,0,2,0,1,0,0,0,0,0,8,7,1,1,2,0,0,2,0
zincir30,30,Elektrik,2,zincirsiz,0,0,SERT KABUK,1354,23,0.921,138,7785,6843,1056,1017,0,0,0,0,0,38,35,0,0,0,3,0,0,66,0,0,0,7,0,0,0,0,0,0,0,0,0,0,528,2.1,0,331776,0,0,35,3,0,0,0,0,0,0,0,0,0,0,0,0,0,0,0,0,0,0,0,0,0,0,0,0
zincir30,30,Elektrik,2,zincir,0,0,SERT KABUK,1354,23,0.921,138,7785,6843,1056,1017,0,0,0,0,0,38,35,0,0,0,3,0,0,66,0,0,0,7,0,0,0,0,0,0,0,0,0,0,530,2.9,0,479232,0,0,35,3,0,0,0,3,0,0,0,0,0,0,0,0,0,0,0,0,0,0,0,0,0,0,0,0
zincir30,30,Elektrik,3,zincirsiz,0,0,DON CEPHESİ,1354,23,0.742,136,7368,6540,1936,1752,0,0,0,0,0,62,50,0,0,0,12,0,0,179,0,0,0,12,0,0,0,0,0,0,0,0,0,0,553,3.1,0,393216,0,0,50,12,0,0,0,0,0,0,0,0,0,0,0,0,0,0,0,0,0,0,0,0,0,0,0,0
zincir30,30,Elektrik,3,zincir,0,0,DON CEPHESİ,1354,23,0.742,136,7368,6540,1936,1752,0,0,0,0,0,62,50,0,0,0,12,0,0,179,0,0,0,12,0,0,0,0,0,0,0,0,0,0,556,3.7,0,548864,0,0,50,12,0,0,0,6,0,1,0,1,0,1,0,0,0,0,0,0,0,1,1,1,0,0,1,0
zincir30,30,Elektrik,4,zincirsiz,0,0,DON CEPHESİ,1354,23,0.75,135,7635,6558,1628,1540,0,0,0,0,0,60,50,0,0,0,10,0,0,157,0,0,0,13,0,0,0,0,0,0,0,0,0,0,553,2.4,0,372736,0,0,50,10,0,0,0,0,0,0,0,0,0,0,0,0,0,0,0,0,0,0,0,0,0,0,0,0
zincir30,30,Elektrik,4,zincir,0,0,DON CEPHESİ,1354,23,0.751,136,7819,6667,1760,1614,0,0,0,0,0,63,50,0,0,0,13,0,0,151,0,0,0,11,0,0,0,0,0,0,0,0,0,0,551,4.2,0,528384,0,0,50,12,0,1,0,5,1,4,0,4,0,1,0,0,0,0,0,12,11,3,1,4,0,0,4,0
zincir30,30,Elektrik,5,zincirsiz,0,0,SERT KABUK,1354,23,0.924,138,8378,7412,616,614,0,0,0,0,0,35,34,0,0,0,1,0,0,122,0,0,0,5,0,0,0,0,0,0,0,0,0,0,525,2.3,0,385024,0,0,34,1,0,0,0,0,0,0,0,0,0,0,0,0,0,0,0,0,0,0,0,0,0,0,0,0
zincir30,30,Elektrik,5,zincir,0,0,SERT KABUK,1354,23,0.924,138,8378,7412,616,614,0,0,0,0,0,35,34,0,0,0,1,0,0,122,0,0,0,5,0,0,0,0,0,0,0,0,0,0,526,3.0,0,532480,0,0,34,1,0,0,0,1,0,0,0,0,0,0,0,0,0,0,0,0,0,0,0,0,0,0,0,0
zincir30,30,Elektrik,6,zincirsiz,0,0,SİS,1354,23,0.907,92,5246,4421,2288,2177,0,0,0,0,0,50,39,0,0,0,11,0,0,116,0,0,0,11,0,0,0,0,0,0,0,0,0,0,537,2.8,0,385024,0,0,39,11,0,0,0,0,0,0,0,0,0,0,0,0,0,0,0,0,0,0,0,0,0,0,0,0
zincir30,30,Elektrik,6,zincir,0,0,SİS,1354,23,0.907,92,5246,4421,2288,2177,0,0,0,0,0,50,39,0,0,0,11,0,0,116,0,0,0,11,0,0,0,0,0,0,0,0,0,0,536,3.6,0,532480,0,0,39,11,0,0,0,9,0,0,0,0,0,0,0,0,0,0,0,0,0,0,0,0,0,0,0,0
zincir30,30,Elektrik,7,zincirsiz,0,0,SİS,1354,23,0.912,92,5222,4457,1848,1662,0,0,0,0,0,48,33,0,0,0,15,0,0,110,0,0,0,9,0,0,0,0,0,0,0,0,0,0,525,2.6,0,397312,0,0,33,15,0,0,0,0,0,0,0,0,0,0,0,0,0,0,0,0,0,0,0,0,0,0,0,0
zincir30,30,Elektrik,7,zincir,0,0,SİS,1354,23,0.912,92,5222,4457,1848,1662,0,0,0,0,0,48,33,0,0,0,15,0,0,110,0,0,0,9,0,0,0,0,0,0,0,0,0,0,529,3.6,0,544768,0,0,33,15,0,0,0,7,0,0,0,0,0,4,0,0,0,0,0,0,0,0,0,0,0,0,0,0
zincir30,30,Elektrik,8,zincirsiz,0,0,DON CEPHESİ,1354,23,0.75,137,8269,6946,2244,2001,0,0,0,0,0,80,63,0,0,0,17,0,0,272,0,0,0,18,0,0,0,0,0,0,0,0,0,0,562,2.2,0,372736,0,0,63,17,0,0,0,0,0,0,0,0,0,0,0,0,0,0,0,0,0,0,0,0,0,0,0,0
zincir30,30,Elektrik,8,zincir,0,0,DON CEPHESİ,1354,23,0.778,136,7535,6606,1562,1384,0,0,0,0,0,63,47,0,0,0,16,0,0,147,0,0,0,11,0,0,0,0,0,0,0,0,0,0,573,3.4,0,528384,0,0,47,15,0,1,0,10,0,3,0,3,0,3,0,0,0,0,0,10,9,1,1,3,0,0,3,0
zincir30,30,Elektrik,9,zincirsiz,0,0,SİS,1354,23,0.916,92,5707,4909,1320,1222,0,0,0,0,0,44,35,0,0,0,9,0,0,96,0,0,0,8,0,0,0,0,0,0,0,0,0,0,537,2.4,0,352256,0,0,35,9,0,0,0,0,0,0,0,0,0,0,0,0,0,0,0,0,0,0,0,0,0,0,0,0
zincir30,30,Elektrik,9,zincir,0,0,SİS,1354,23,0.91,92,5237,4485,1958,1811,0,0,0,0,0,48,34,0,0,0,14,0,0,100,0,0,0,10,0,0,0,0,0,0,0,0,0,0,544,3.5,0,507904,0,0,34,14,0,0,0,9,0,1,0,1,0,2,0,0,0,0,0,2,2,1,1,1,0,0,1,0
zincir30,30,Elektrik,10,zincirsiz,0,0,DON CEPHESİ,1354,23,0.722,136,8510,6932,1892,1760,0,0,0,0,0,72,60,0,0,0,12,0,0,191,0,0,0,13,0,0,0,0,0,0,0,0,0,0,555,2.4,0,393216,0,0,60,12,0,0,0,0,0,0,0,0,0,0,0,0,0,0,0,0,0,0,0,0,0,0,0,0
zincir30,30,Elektrik,10,zincir,0,0,DON CEPHESİ,1354,23,0.725,136,8294,6922,2057,1883,0,0,0,0,0,69,57,0,0,0,12,0,0,179,0,0,0,13,0,0,0,0,0,0,0,0,0,0,564,4.1,0,552960,0,0,57,11,0,1,0,7,0,3,0,3,0,2,0,0,0,0,0,9,4,3,1,3,0,0,3,0
zincir30,30,KasirgaBumerang,1,zincirsiz,0,0,SERT KABUK,1354,23,0.912,138,7743,6418,1144,1101,0,0,0,0,0,47,44,0,1,2,0,0,0,123,0,5,7,0,0,0,0,0,0,0,0,0,0,0,587,4.0,0,376832,0,0,44,3,0,0,0,0,0,0,0,0,0,0,0,0,0,0,0,0,0,0,0,0,0,0,0,0
zincir30,30,KasirgaBumerang,1,zincir,0,0,SERT KABUK,1354,23,0.912,138,7743,6418,1144,1101,0,0,0,0,0,47,44,0,1,2,0,0,0,123,0,5,7,0,0,0,0,0,0,0,0,0,0,0,588,3.1,0,516096,0,0,44,3,0,0,0,0,0,0,0,0,0,2,0,0,0,0,0,0,0,0,0,0,0,0,0,0
zincir30,30,KasirgaBumerang,2,zincirsiz,0,0,SERT KABUK,1354,23,0.921,138,7813,6744,733,701,0,0,0,0,0,37,35,0,1,1,0,0,0,85,0,5,2,0,0,0,0,0,0,0,0,0,0,0,556,2.6,0,339968,0,0,35,2,0,0,0,0,0,0,0,0,0,0,0,0,0,0,0,0,0,0,0,0,0,0,0,0
zincir30,30,KasirgaBumerang,2,zincir,0,0,SERT KABUK,1354,23,0.921,138,7813,6744,733,701,0,0,0,0,0,37,35,0,1,1,0,0,0,85,0,5,2,0,0,0,0,0,0,0,0,0,0,0,554,2.9,0,491520,0,0,35,2,0,0,0,1,0,0,0,0,0,1,0,0,0,0,0,0,0,0,0,0,0,0,0,0
zincir30,30,KasirgaBumerang,3,zincirsiz,0,0,DON CEPHESİ,1354,23,0.751,137,7629,6484,626,528,0,0,0,0,0,54,47,0,1,6,0,0,0,140,0,4,7,0,0,0,0,0,0,0,0,0,0,0,570,2.3,0,385024,0,0,47,7,0,0,0,0,0,0,0,0,0,0,0,0,0,0,0,0,0,0,0,0,0,0,0,0
zincir30,30,KasirgaBumerang,3,zincir,0,0,DON CEPHESİ,1354,23,0.751,137,7629,6484,626,528,0,0,0,0,0,54,47,0,1,6,0,0,0,140,0,4,7,0,0,0,0,0,0,0,0,0,0,0,575,3.4,0,544768,0,0,47,7,0,0,0,0,0,0,0,0,0,2,0,0,0,0,0,0,0,0,0,0,0,0,0,0
zincir30,30,KasirgaBumerang,4,zincirsiz,0,0,DON CEPHESİ,1354,23,0.754,137,7902,6525,1689,1601,0,0,0,0,0,58,49,0,5,4,0,0,0,252,0,9,6,0,0,0,0,0,0,0,0,0,0,0,598,2.4,0,405504,0,0,49,9,0,0,0,0,0,0,0,0,0,0,0,0,0,0,0,0,0,0,0,0,0,0,0,0
zincir30,30,KasirgaBumerang,4,zincir,0,0,DON CEPHESİ,1354,23,0.751,137,7769,6498,1893,1802,0,0,0,0,0,61,52,0,5,4,0,0,0,255,0,11,7,0,0,0,0,0,0,0,0,0,0,0,609,3.3,0,569344,0,0,52,9,0,0,0,4,0,1,0,1,0,2,0,0,0,0,0,5,5,1,1,1,0,0,1,0
zincir30,30,KasirgaBumerang,5,zincirsiz,0,0,SERT KABUK,1354,23,0.917,138,8187,7055,894,859,0,0,0,0,0,41,37,0,4,0,0,0,0,168,0,6,1,0,0,0,0,0,0,0,0,0,0,0,560,2.3,0,389120,0,0,37,4,0,0,0,0,0,0,0,0,0,0,0,0,0,0,0,0,0,0,0,0,0,0,0,0
zincir30,30,KasirgaBumerang,5,zincir,0,0,SERT KABUK,1354,23,0.916,138,8336,7238,1075,1022,0,0,0,0,0,42,38,0,3,1,0,0,0,158,0,5,2,0,0,0,0,0,0,0,0,0,0,0,562,2.9,0,540672,0,0,38,4,0,0,0,3,0,1,0,1,0,0,0,0,0,0,0,2,0,1,1,1,0,0,1,0
zincir30,30,KasirgaBumerang,6,zincirsiz,0,0,SİS,1354,23,0.915,92,5432,4198,1578,1552,0,0,0,0,0,44,39,0,5,0,0,0,0,94,0,7,4,0,0,0,0,0,0,0,0,0,0,0,567,2.5,0,352256,0,0,39,5,0,0,0,0,0,0,0,0,0,0,0,0,0,0,0,0,0,0,0,0,0,0,0,0
zincir30,30,KasirgaBumerang,6,zincir,0,0,SİS,1354,23,0.915,92,5432,4198,1578,1552,0,0,0,0,0,44,39,0,5,0,0,0,0,94,0,7,4,0,0,0,0,0,0,0,0,0,0,0,576,3.5,0,499712,0,0,39,5,0,0,0,2,0,0,0,0,0,3,0,0,0,0,0,0,0,0,0,0,0,0,0,0
zincir30,30,KasirgaBumerang,7,zincirsiz,0,0,SİS,1354,23,0.925,92,5283,4268,922,854,0,0,0,0,0,38,34,0,3,1,0,0,0,56,0,5,2,0,0,0,0,0,0,0,0,0,0,0,553,2.8,0,323584,0,0,34,4,0,0,0,0,0,0,0,0,0,0,0,0,0,0,0,0,0,0,0,0,0,0,0,0
zincir30,30,KasirgaBumerang,7,zincir,0,0,SİS,1354,23,0.925,92,5283,4268,922,854,0,0,0,0,0,38,34,0,3,1,0,0,0,56,0,5,2,0,0,0,0,0,0,0,0,0,0,0,555,3.5,0,471040,0,0,34,4,0,0,0,1,0,0,0,0,0,3,0,0,0,0,0,0,0,0,0,0,0,0,0,0
zincir30,30,KasirgaBumerang,8,zincirsiz,0,0,DON CEPHESİ,1354,23,0.778,138,7701,6278,1701,1574,0,0,0,0,0,63,55,0,4,4,0,0,0,154,0,10,9,0,0,0,0,0,0,0,0,0,0,0,612,2.5,0,389120,0,0,55,8,0,0,0,0,0,0,0,0,0,0,0,0,0,0,0,0,0,0,0,0,0,0,0,0
zincir30,30,KasirgaBumerang,8,zincir,0,0,DON CEPHESİ,1354,23,0.778,138,7701,6278,1701,1574,0,0,0,0,0,63,55,0,4,4,0,0,0,154,0,10,9,0,0,0,0,0,0,0,0,0,0,0,618,3.1,0,544768,0,0,55,8,0,0,0,4,0,2,0,2,0,2,0,0,0,0,0,0,0,1,1,2,0,0,2,0
zincir30,30,KasirgaBumerang,9,zincirsiz,0,0,SİS,1354,23,0.922,92,5396,4572,896,857,0,0,0,0,0,39,34,0,2,3,0,0,0,114,0,3,5,0,0,0,0,0,0,0,0,0,0,0,553,2.7,0,405504,0,0,34,5,0,0,0,0,0,0,0,0,0,0,0,0,0,0,0,0,0,0,0,0,0,0,0,0
zincir30,30,KasirgaBumerang,9,zincir,0,0,SİS,1354,23,0.922,92,5396,4572,896,857,0,0,0,0,0,39,34,0,2,3,0,0,0,114,0,3,5,0,0,0,0,0,0,0,0,0,0,0,557,3.5,0,557056,0,0,34,5,0,0,0,3,0,0,0,0,0,1,0,0,0,0,0,0,0,0,0,0,0,0,0,0
zincir30,30,KasirgaBumerang,10,zincirsiz,0,0,DON CEPHESİ,1354,23,0.767,138,7788,6805,526,487,0,0,0,0,0,49,46,0,1,2,0,0,0,150,0,5,3,0,0,0,0,0,0,0,0,0,0,0,570,2.4,0,372736,0,0,46,3,0,0,0,0,0,0,0,0,0,0,0,0,0,0,0,0,0,0,0,0,0,0,0,0
zincir30,30,KasirgaBumerang,10,zincir,0,0,DON CEPHESİ,1354,23,0.767,138,7788,6805,526,487,0,0,0,0,0,49,46,0,1,2,0,0,0,150,0,5,3,0,0,0,0,0,0,0,0,0,0,0,573,3.9,0,520192,0,0,46,3,0,0,0,0,0,0,0,0,0,0,0,0,0,0,0,0,0,0,0,0,0,0,0,0
zincir30,30,Karma,1,zincirsiz,0,0,SERT KABUK,1354,23,0.898,133,7441,6602,2244,2023,0,0,0,0,0,61,41,16,4,0,0,0,0,203,8,3,0,0,0,0,0,0,0,0,0,0,0,0,578,3.0,0,389120,0,0,41,20,0,0,0,0,0,0,0,0,0,0,0,0,0,0,0,0,0,0,0,0,0,0,0,0
zincir30,30,Karma,1,zincir,0,0,SERT KABUK,1354,23,0.908,133,7758,6646,1861,1690,0,0,0,0,0,54,41,9,2,2,0,0,0,243,6,2,3,1,0,0,0,0,0,0,0,0,0,0,580,3.1,0,544768,0,0,41,13,0,0,0,5,0,2,0,2,0,2,0,0,0,0,0,4,2,1,1,2,0,0,2,0
zincir30,30,Karma,2,zincirsiz,0,0,SERT KABUK,1354,23,0.912,138,7878,6771,1530,1455,0,0,0,0,0,44,37,4,2,1,0,0,0,109,2,3,3,1,0,0,0,0,0,0,0,0,0,0,563,2.5,0,389120,0,0,37,7,0,0,0,0,0,0,0,0,0,0,0,0,0,0,0,0,0,0,0,0,0,0,0,0
zincir30,30,Karma,2,zincir,0,0,SERT KABUK,1354,23,0.912,138,7878,6771,1530,1455,0,0,0,0,0,44,37,4,2,1,0,0,0,109,2,3,3,1,0,0,0,0,0,0,0,0,0,0,566,3.1,0,499712,0,0,37,7,0,0,0,3,0,0,0,0,0,3,0,0,0,0,0,0,0,0,0,0,0,0,0,0
zincir30,30,Karma,3,zincirsiz,0,0,DON CEPHESİ,1354,23,0.724,134,7370,5984,2404,2233,0,0,0,0,0,68,55,8,0,0,5,0,0,163,6,5,4,4,0,0,0,0,0,0,0,0,0,0,590,3.4,0,401408,0,0,55,13,0,0,0,0,0,0,0,0,0,0,0,0,0,0,0,0,0,0,0,0,0,0,0,0
zincir30,30,Karma,3,zincir,0,0,DON CEPHESİ,1354,23,0.727,137,7581,6253,2264,2123,0,0,0,0,0,67,56,5,0,1,5,0,0,146,6,3,3,3,0,0,0,0,0,0,0,0,0,0,589,3.5,0,540672,0,0,56,11,0,0,0,3,0,1,0,1,0,2,0,0,0,0,0,2,2,1,1,1,0,0,1,0
zincir30,30,Karma,4,zincirsiz,0,0,DON CEPHESİ,1354,23,0.714,133,7512,6572,2600,2337,0,0,0,0,0,72,52,17,2,1,0,0,0,266,10,5,2,1,0,0,0,0,0,0,0,0,0,0,593,2.5,0,376832,0,0,52,20,0,0,0,0,0,0,0,0,0,0,0,0,0,0,0,0,0,0,0,0,0,0,0,0
zincir30,30,Karma,4,zincir,0,0,DON CEPHESİ,1354,23,0.729,134,7631,6525,2303,2155,0,0,0,0,0,67,54,8,2,1,2,0,0,259,7,4,2,1,0,0,0,0,0,0,0,0,0,0,588,3.3,0,548864,0,0,54,11,0,2,0,6,0,2,0,2,0,2,0,0,0,0,0,9,7,1,1,2,0,0,2,0
zincir30,30,Karma,5,zincirsiz,0,0,SERT KABUK,1354,23,0.918,138,8545,7638,1282,1205,0,0,0,0,0,42,36,6,0,0,0,0,0,155,3,2,2,0,0,0,0,0,0,0,0,0,0,0,550,2.5,0,393216,0,0,36,6,0,0,0,0,0,0,0,0,0,0,0,0,0,0,0,0,0,0,0,0,0,0,0,0
zincir30,30,Karma,5,zincir,0,0,SERT KABUK,1354,23,0.912,138,8355,7573,1662,1577,0,0,0,0,0,45,36,3,1,2,3,0,0,178,2,3,3,1,0,0,0,0,0,0,0,0,0,0,571,3.0,0,548864,0,0,36,7,0,2,0,4,1,1,0,1,0,2,0,0,0,0,0,8,6,1,1,1,0,0,1,0
zincir30,30,Karma,6,zincirsiz,0,0,SİS,1354,23,0.924,92,5274,4346,431,417,0,0,0,0,0,35,34,0,0,1,0,0,0,73,0,2,2,0,0,0,0,0,0,0,0,0,0,0,532,2.5,0,344064,0,0,34,1,0,0,0,0,0,0,0,0,0,0,0,0,0,0,0,0,0,0,0,0,0,0,0,0
zincir30,30,Karma,6,zincir,0,0,SİS,1354,23,0.924,92,5274,4346,431,417,0,0,0,0,0,35,34,0,0,1,0,0,0,73,0,2,2,0,0,0,0,0,0,0,0,0,0,0,547,3.6,0,491520,0,0,34,1,0,0,0,1,0,0,0,0,0,0,0,0,0,0,0,0,0,0,0,0,0,0,0,0
zincir30,30,Karma,7,zincirsiz,0,0,SİS,1354,23,0.918,89,5151,4247,930,824,0,0,0,0,0,44,37,7,0,0,0,0,0,80,3,2,3,0,0,0,0,0,0,0,0,0,0,0,535,2.7,0,344064,0,0,37,7,0,0,0,0,0,0,0,0,0,0,0,0,0,0,0,0,0,0,0,0,0,0,0,0
zincir30,30,Karma,7,zincir,0,0,SİS,1354,23,0.918,89,5151,4247,930,824,0,0,0,0,0,44,37,7,0,0,0,0,0,80,3,2,3,0,0,0,0,0,0,0,0,0,0,0,535,3.6,0,491520,0,0,37,7,0,0,0,2,0,0,0,0,0,1,0,0,0,0,0,0,0,0,0,0,0,0,0,0
zincir30,30,Karma,8,zincirsiz,0,0,DON CEPHESİ,1354,23,0.777,137,7738,6533,1157,1043,0,0,0,0,0,63,53,4,2,3,1,0,0,190,2,5,2,2,0,0,0,0,0,0,0,0,0,0,582,2.4,0,397312,0,0,53,10,0,0,0,0,0,0,0,0,0,0,0,0,0,0,0,0,0,0,0,0,0,0,0,0
zincir30,30,Karma,8,zincir,0,0,DON CEPHESİ,1354,23,0.777,137,7738,6533,1157,1043,0,0,0,0,0,63,53,4,2,3,1,0,0,190,2,5,2,2,0,0,0,0,0,0,0,0,0,0,591,3.1,0,540672,0,0,53,10,0,0,0,2,0,0,0,0,0,5,0,0,0,0,0,0,0,0,0,0,0,0,0,0
zincir30,30,Karma,9,zincirsiz,0,0,SİS,1354,23,0.919,91,5186,4341,1258,1137,0,0,0,0,0,42,36,6,0,0,0,0,0,85,5,0,3,0,0,0,0,0,0,0,0,0,0,0,539,2.9,0,344064,0,0,36,6,0,0,0,0,0,0,0,0,0,0,0,0,0,0,0,0,0,0,0,0,0,0,0,0
zincir30,30,Karma,9,zincir,0,0,SİS,1354,23,0.919,91,5186,4341,1258,1137,0,0,0,0,0,42,36,6,0,0,0,0,0,85,5,0,3,0,0,0,0,0,0,0,0,0,0,0,537,3.4,0,491520,0,0,36,6,0,0,0,3,0,0,0,0,0,1,0,0,0,0,0,0,0,0,0,0,0,0,0,0
zincir30,30,Karma,10,zincirsiz,0,0,DON CEPHESİ,1354,23,0.717,136,8312,7084,2256,2046,0,0,0,0,0,73,57,9,1,2,4,0,0,290,7,3,2,4,0,0,0,0,0,0,0,0,0,0,582,3.6,0,393216,0,0,57,16,0,0,0,0,0,0,0,0,0,0,0,0,0,0,0,0,0,0,0,0,0,0,0,0
zincir30,30,Karma,10,zincir,0,0,DON CEPHESİ,1354,23,0.724,136,8276,6851,1521,1389,0,0,0,0,0,64,54,7,1,0,2,0,0,230,5,2,1,3,0,0,0,0,0,0,0,0,0,0,578,3.9,0,528384,0,0,54,10,0,0,0,5,0,1,0,1,0,1,0,0,0,0,0,3,2,1,1,1,0,0,1,0
zincir30,30,Davranissiz,1,zincirsiz,0,0,SERT KABUK,1354,23,0.913,138,8070,6907,0,0,0,0,0,0,0,45,45,0,0,0,0,0,0,156,0,0,0,0,0,0,0,0,0,0,0,0,0,0,540,2.0,0,389120,0,0,45,0,0,0,0,0,0,0,0,0,0,0,0,0,0,0,0,0,0,0,0,0,0,0,0,0
zincir30,30,Davranissiz,1,zincir,0,0,SERT KABUK,1354,23,0.913,138,8070,6907,0,0,0,0,0,0,0,45,45,0,0,0,0,0,0,156,0,0,0,0,0,0,0,0,0,0,0,0,0,0,539,3.0,0,536576,0,0,45,0,0,0,0,0,0,0,0,0,0,0,0,0,0,0,0,0,0,0,0,0,0,0,0,0
zincir30,30,Davranissiz,2,zincirsiz,0,0,SERT KABUK,1354,23,0.928,138,7616,6799,0,0,0,0,0,0,0,33,33,0,0,0,0,0,0,99,0,0,0,0,0,0,0,0,0,0,0,0,0,0,524,2.1,0,352256,0,0,33,0,0,0,0,0,0,0,0,0,0,0,0,0,0,0,0,0,0,0,0,0,0,0,0,0
zincir30,30,Davranissiz,2,zincir,0,0,SERT KABUK,1354,23,0.928,138,7616,6799,0,0,0,0,0,0,0,33,33,0,0,0,0,0,0,99,0,0,0,0,0,0,0,0,0,0,0,0,0,0,530,2.9,0,507904,0,0,33,0,0,0,0,0,0,0,0,0,0,0,0,0,0,0,0,0,0,0,0,0,0,0,0,0
zincir30,30,Davranissiz,3,zincirsiz,0,0,DON CEPHESİ,1354,23,0.757,137,8087,7013,0,0,0,0,0,0,0,53,53,0,0,0,0,0,0,118,0,0,0,0,0,0,0,0,0,0,0,0,0,0,544,2.4,0,385024,0,0,53,0,0,0,0,0,0,0,0,0,0,0,0,0,0,0,0,0,0,0,0,0,0,0,0,0
zincir30,30,Davranissiz,3,zincir,0,0,DON CEPHESİ,1354,23,0.757,137,8087,7013,0,0,0,0,0,0,0,53,53,0,0,0,0,0,0,118,0,0,0,0,0,0,0,0,0,0,0,0,0,0,547,3.3,0,532480,0,0,53,0,0,0,0,0,0,0,0,0,0,0,0,0,0,0,0,0,0,0,0,0,0,0,0,0
zincir30,30,Davranissiz,4,zincirsiz,0,0,DON CEPHESİ,1354,23,0.776,137,7590,6650,0,0,0,0,0,0,0,45,45,0,0,0,0,0,0,99,0,0,0,0,0,0,0,0,0,0,0,0,0,0,544,2.4,0,339968,0,0,45,0,0,0,0,0,0,0,0,0,0,0,0,0,0,0,0,0,0,0,0,0,0,0,0,0
zincir30,30,Davranissiz,4,zincir,0,0,DON CEPHESİ,1354,23,0.776,137,7590,6650,0,0,0,0,0,0,0,45,45,0,0,0,0,0,0,99,0,0,0,0,0,0,0,0,0,0,0,0,0,0,545,3.4,0,487424,0,0,45,0,0,0,0,0,0,0,0,0,0,0,0,0,0,0,0,0,0,0,0,0,0,0,0,0
zincir30,30,Davranissiz,5,zincirsiz,0,0,SERT KABUK,1354,23,0.925,138,8513,7422,0,0,0,0,0,0,0,35,35,0,0,0,0,0,0,149,0,0,0,0,0,0,0,0,0,0,0,0,0,0,526,1.9,0,385024,0,0,35,0,0,0,0,0,0,0,0,0,0,0,0,0,0,0,0,0,0,0,0,0,0,0,0,0
zincir30,30,Davranissiz,5,zincir,0,0,SERT KABUK,1354,23,0.925,138,8513,7422,0,0,0,0,0,0,0,35,35,0,0,0,0,0,0,149,0,0,0,0,0,0,0,0,0,0,0,0,0,0,523,2.9,0,532480,0,0,35,0,0,0,0,0,0,0,0,0,0,0,0,0,0,0,0,0,0,0,0,0,0,0,0,0
zincir30,30,Davranissiz,6,zincirsiz,0,0,SİS,1354,23,0.927,92,5067,4338,0,0,0,0,0,0,0,34,34,0,0,0,0,0,0,76,0,0,0,0,0,0,0,0,0,0,0,0,0,0,520,2.6,0,344064,0,0,34,0,0,0,0,0,0,0,0,0,0,0,0,0,0,0,0,0,0,0,0,0,0,0,0,0
zincir30,30,Davranissiz,6,zincir,0,0,SİS,1354,23,0.927,92,5067,4338,0,0,0,0,0,0,0,34,34,0,0,0,0,0,0,76,0,0,0,0,0,0,0,0,0,0,0,0,0,0,523,3.6,0,491520,0,0,34,0,0,0,0,0,0,0,0,0,0,0,0,0,0,0,0,0,0,0,0,0,0,0,0,0
zincir30,30,Davranissiz,7,zincirsiz,0,0,SİS,1354,23,0.929,92,5282,4382,0,0,0,0,0,0,0,35,35,0,0,0,0,0,0,49,0,0,0,0,0,0,0,0,0,0,0,0,0,0,509,2.7,0,323584,0,0,35,0,0,0,0,0,0,0,0,0,0,0,0,0,0,0,0,0,0,0,0,0,0,0,0,0
zincir30,30,Davranissiz,7,zincir,0,0,SİS,1354,23,0.929,92,5282,4382,0,0,0,0,0,0,0,35,35,0,0,0,0,0,0,49,0,0,0,0,0,0,0,0,0,0,0,0,0,0,512,3.7,0,471040,0,0,35,0,0,0,0,0,0,0,0,0,0,0,0,0,0,0,0,0,0,0,0,0,0,0,0,0
zincir30,30,Davranissiz,8,zincirsiz,0,0,DON CEPHESİ,1354,23,0.788,138,8074,6638,0,0,0,0,0,0,0,54,54,0,0,0,0,0,0,126,0,0,0,0,0,0,0,0,0,0,0,0,0,0,545,2.1,0,385024,0,0,54,0,0,0,0,0,0,0,0,0,0,0,0,0,0,0,0,0,0,0,0,0,0,0,0,0
zincir30,30,Davranissiz,8,zincir,0,0,DON CEPHESİ,1354,23,0.788,138,8074,6638,0,0,0,0,0,0,0,54,54,0,0,0,0,0,0,126,0,0,0,0,0,0,0,0,0,0,0,0,0,0,541,3.0,0,540672,0,0,54,0,0,0,0,0,0,0,0,0,0,0,0,0,0,0,0,0,0,0,0,0,0,0,0,0
zincir30,30,Davranissiz,9,zincirsiz,0,0,SİS,1354,23,0.922,92,5658,4870,0,0,0,0,0,0,0,40,40,0,0,0,0,0,0,74,0,0,0,0,0,0,0,0,0,0,0,0,0,0,513,2.6,0,344064,0,0,40,0,0,0,0,0,0,0,0,0,0,0,0,0,0,0,0,0,0,0,0,0,0,0,0,0
zincir30,30,Davranissiz,9,zincir,0,0,SİS,1354,23,0.922,92,5658,4870,0,0,0,0,0,0,0,40,40,0,0,0,0,0,0,74,0,0,0,0,0,0,0,0,0,0,0,0,0,0,519,3.6,0,491520,0,0,40,0,0,0,0,0,0,0,0,0,0,0,0,0,0,0,0,0,0,0,0,0,0,0,0,0
zincir30,30,Davranissiz,10,zincirsiz,0,0,DON CEPHESİ,1354,23,0.76,138,8054,6714,0,0,0,0,0,0,0,54,54,0,0,0,0,0,0,121,0,0,0,0,0,0,0,0,0,0,0,0,0,0,541,2.4,0,364544,0,0,54,0,0,0,0,0,0,0,0,0,0,0,0,0,0,0,0,0,0,0,0,0,0,0,0,0
zincir30,30,Davranissiz,10,zincir,0,0,DON CEPHESİ,1354,23,0.76,138,8054,6714,0,0,0,0,0,0,0,54,54,0,0,0,0,0,0,121,0,0,0,0,0,0,0,0,0,0,0,0,0,0,538,3.4,0,512000,0,0,54,0,0,0,0,0,0,0,0,0,0,0,0,0,0,0,0,0,0,0,0,0,0,0,0,0
