mode,round,layout,seed,arm,repeat,realtime,boss,frames,attacks,fill,directHits,directRaw,directApplied,behaviorRaw,behaviorApplied,echoHits,echoHitsNewArea,echoRaw,echoApplied,echoCells,harvests,harvestDirect,harvestExplosion,harvestTornado,harvestBoomerang,harvestElectric,echoHarvests,echoHarvestsNewArea,score,trigExplosion,trigTornado,trigBoomerang,trigElectric,echoPlanned,echoExecuted,echoDropped,pendingMax,echoWaitMin,echoWaitMax,skipExplosionVisual,skipElectricVisual,skipElectricBolts,skipBoomerang,wallMs,maxFrameMs,gc0,allocBytes
zamanlama,23,Patlama,1,odulsuz,0,0,DON CEPHESİ,1354,22,0.649,128,4456,3725,1755,1463,0,0,0,0,0,55,40,15,0,0,0,0,0,175,13,0,0,0,0,0,0,0,0,0,0,0,0,0,594,17.8,0,405504
zamanlama,23,Patlama,1,artci_A,0,0,DON CEPHESİ,1354,22,0.623,130,4817,3876,1242,1135,36,13,972,643,78,63,42,21,0,0,0,16,4,236,10,0,0,0,10,10,0,4,6,7,0,0,0,0,610,21.0,0,528384
zamanlama,23,Patlama,2,odulsuz,0,0,SERT KABUK,1354,22,0.85,124,4401,3848,2187,1735,0,0,0,0,0,51,28,23,0,0,0,0,0,189,15,0,0,0,0,0,0,0,0,0,0,0,0,0,552,4.2,0,389120
zamanlama,23,Patlama,2,artci_A,0,0,SERT KABUK,1354,22,0.837,130,4568,4030,1593,1414,51,20,1377,866,108,61,28,33,0,0,0,22,6,228,12,0,0,0,12,12,0,4,6,6,0,0,0,0,599,15.7,0,450560
zamanlama,23,Patlama,3,odulsuz,0,0,SERT KABUK,1354,22,0.82,129,4609,3589,2457,2029,0,0,0,0,0,63,42,21,0,0,0,0,0,242,18,0,0,0,0,0,0,0,0,0,0,0,0,0,568,7.2,0,397312
zamanlama,23,Patlama,3,artci_A,0,0,SERT KABUK,1354,22,0.798,128,4723,3782,1674,1481,69,26,1863,1443,113,72,38,34,0,0,0,22,6,204,12,0,0,0,12,12,0,2,6,6,0,0,0,0,603,7.6,0,503808
zamanlama,23,Patlama,4,odulsuz,0,0,SİS,1354,22,0.886,86,3043,2367,1485,1257,0,0,0,0,0,38,27,11,0,0,0,0,0,119,11,0,0,0,0,0,0,0,0,0,0,0,0,0,532,3.9,0,1695744
zamanlama,23,Patlama,4,artci_A,0,0,SİS,1354,22,0.843,85,3015,2382,1485,1268,64,21,1728,1407,89,53,29,24,0,0,0,14,6,274,11,0,0,0,11,11,0,1,6,6,0,0,0,0,587,3.9,0,495616
zamanlama,23,Patlama,5,odulsuz,0,0,DON CEPHESİ,1354,22,0.653,128,4494,3677,1404,1171,0,0,0,0,0,52,37,15,0,0,0,0,0,232,13,0,0,0,0,0,0,0,0,0,0,0,0,0,534,3.5,0,368640
zamanlama,23,Patlama,5,artci_A,0,0,DON CEPHESİ,1354,22,0.672,128,4545,3761,810,725,29,11,783,626,63,51,35,16,0,0,0,9,3,370,9,0,0,0,9,9,0,2,7,7,0,0,0,0,553,6.9,0,479232
zamanlama,23,Patlama,6,odulsuz,0,0,SERT KABUK,1354,22,0.838,129,4527,3557,2268,2064,0,0,0,0,0,55,45,10,0,0,0,0,0,210,17,0,0,0,0,0,0,0,0,0,0,0,0,0,552,3.4,0,389120
zamanlama,23,Patlama,6,artci_A,0,0,SERT KABUK,1354,22,0.809,129,4380,3750,1863,1531,72,28,1944,1546,115,63,27,36,0,0,0,19,6,330,13,0,0,0,13,13,0,2,6,7,0,0,0,0,636,6.4,0,479232
zamanlama,23,Patlama,7,odulsuz,0,0,SERT KABUK,1354,22,0.845,129,4554,3577,2025,1764,0,0,0,0,0,54,42,12,0,0,0,0,0,168,15,0,0,0,0,0,0,0,0,0,0,0,0,0,567,6.0,0,397312
zamanlama,23,Patlama,7,artci_A,0,0,SERT KABUK,1354,22,0.791,130,4656,3567,2160,1932,81,26,2187,1703,133,78,44,34,0,0,0,23,7,310,17,0,0,0,17,17,0,3,6,6,0,0,0,0,624,13.3,0,458752
zamanlama,23,Patlama,8,odulsuz,0,0,SERT KABUK,1354,22,0.865,124,4313,3813,1674,1387,0,0,0,0,0,45,29,16,0,0,0,0,0,156,12,0,0,0,0,0,0,0,0,0,0,0,0,0,532,3.6,0,393216
zamanlama,23,Patlama,8,artci_A,0,0,SERT KABUK,1354,22,0.803,127,4502,3964,2025,1770,84,31,2268,1773,137,66,27,39,0,0,0,24,4,279,16,0,0,0,16,16,0,2,7,7,0,0,0,0,606,8.2,0,491520
zamanlama,23,Patlama,9,odulsuz,0,0,DON CEPHESİ,1354,22,0.662,125,4251,3486,1269,1079,0,0,0,0,0,50,39,11,0,0,0,0,0,98,12,0,0,0,0,0,0,0,0,0,0,0,0,0,530,6.0,0,339968
zamanlama,23,Patlama,9,artci_A,0,0,DON CEPHESİ,1354,22,0.642,123,4135,3270,1215,1032,43,16,1161,845,117,61,34,27,0,0,0,16,6,162,12,0,0,0,12,12,0,3,7,7,0,0,0,0,558,2.8,0,503808
zamanlama,23,Patlama,10,odulsuz,0,0,SERT KABUK,1354,22,0.852,128,4360,3657,1701,1509,0,0,0,0,0,45,35,10,0,0,0,0,0,218,13,0,0,0,0,0,0,0,0,0,0,0,0,0,543,3.6,0,348160
zamanlama,23,Patlama,10,artci_A,0,0,SERT KABUK,1354,22,0.819,129,4374,3686,1647,1372,63,20,1701,1385,96,58,28,30,0,0,0,17,5,273,11,0,0,0,11,11,0,2,6,6,0,0,0,0,601,14.2,0,458752
zamanlama,23,PatlamaSinerji,1,odulsuz,0,0,DON CEPHESİ,1354,22,0.592,118,4531,3448,4104,3307,0,0,0,0,0,80,41,39,0,0,0,0,0,263,39,0,0,0,0,0,0,0,0,0,0,0,0,0,595,5.6,0,397312
zamanlama,23,PatlamaSinerji,1,artci_A,0,0,DON CEPHESİ,1354,22,0.544,119,4413,3525,3456,2764,115,43,3105,2348,272,103,36,67,0,0,0,33,11,315,32,0,0,0,32,32,0,4,7,7,0,0,0,0,665,4.2,0,495616
zamanlama,23,PatlamaSinerji,2,odulsuz,0,0,SERT KABUK,1354,22,0.821,123,4431,3634,3942,3238,0,0,0,0,0,67,35,32,0,0,0,0,0,297,32,0,0,0,0,0,0,0,0,0,0,0,0,0,594,15.0,0,360448
zamanlama,23,PatlamaSinerji,2,artci_A,0,0,SERT KABUK,1354,22,0.782,127,4346,3923,2781,2369,95,37,2565,1969,183,80,24,56,0,0,0,31,14,403,22,0,0,0,22,22,0,4,6,6,0,0,0,0,643,13.4,0,499712
zamanlama,23,PatlamaSinerji,3,odulsuz,0,0,SERT KABUK,1354,22,0.791,124,4377,3320,5130,4450,0,0,0,0,0,75,41,34,0,0,0,0,0,364,40,0,0,0,0,0,0,0,0,0,0,0,0,0,632,10.4,0,413696
zamanlama,23,PatlamaSinerji,3,artci_A,0,0,SERT KABUK,1354,22,0.697,129,4535,3733,4482,3929,165,59,4455,3364,299,120,35,85,0,0,0,52,15,398,33,0,0,0,33,33,0,3,6,6,0,0,0,0,711,13.4,0,487424
zamanlama,23,PatlamaSinerji,4,odulsuz,0,0,SİS,1354,22,0.828,86,2955,2116,4239,3698,0,0,0,0,0,63,36,27,0,0,0,0,0,255,33,0,0,0,0,0,0,0,0,0,0,0,0,0,602,9.1,0,421888
zamanlama,23,PatlamaSinerji,4,artci_A,0,0,SİS,1354,22,0.783,81,2809,2335,2997,2356,116,43,3132,2427,188,82,21,61,0,0,0,32,9,297,21,0,0,0,21,21,0,3,6,6,0,0,0,0,657,17.6,0,512000
zamanlama,23,PatlamaSinerji,5,odulsuz,0,0,DON CEPHESİ,1354,22,0.609,124,4477,3423,3834,3274,0,0,0,0,0,70,42,28,0,0,0,0,0,164,37,0,0,0,0,0,0,0,0,0,0,0,0,0,585,5.3,0,376832
zamanlama,23,PatlamaSinerji,5,artci_A,0,0,DON CEPHESİ,1354,22,0.511,120,4615,3714,3267,2501,93,34,2511,1894,287,103,39,64,0,0,0,28,11,429,36,0,0,0,36,36,0,4,6,6,0,0,0,0,669,8.2,0,479232
zamanlama,23,PatlamaSinerji,6,odulsuz,0,0,SERT KABUK,1354,22,0.823,127,4328,3720,3888,3302,0,0,0,0,0,63,32,31,0,0,0,0,0,196,29,0,0,0,0,0,0,0,0,0,0,0,0,0,591,13.5,0,389120
zamanlama,23,PatlamaSinerji,6,artci_A,0,0,SERT KABUK,1354,22,0.736,130,4461,3678,3942,3456,133,45,3591,2771,254,97,32,65,0,0,0,40,10,346,30,0,0,0,30,30,0,3,6,6,0,0,0,0,687,19.1,0,471040
zamanlama,23,PatlamaSinerji,7,odulsuz,0,0,SERT KABUK,1354,22,0.792,121,4526,3581,4185,3494,0,0,0,0,0,75,41,34,0,0,0,0,0,305,37,0,0,0,0,0,0,0,0,0,0,0,0,0,604,14.9,0,389120
zamanlama,23,PatlamaSinerji,7,artci_A,0,0,SERT KABUK,1354,22,0.719,123,4659,3812,4239,3598,136,56,3672,2783,290,112,36,76,0,0,0,42,14,482,34,0,0,0,34,34,0,3,6,6,0,0,0,0,715,11.6,0,491520
zamanlama,23,PatlamaSinerji,8,odulsuz,0,0,SERT KABUK,1354,22,0.833,123,4268,3518,3753,3204,0,0,0,0,0,60,33,27,0,0,0,0,0,231,29,0,0,0,0,0,0,0,0,0,0,0,0,0,580,9.7,0,364544
zamanlama,23,PatlamaSinerji,8,artci_A,0,0,SERT KABUK,1354,22,0.792,126,4547,3966,3132,2701,114,47,3078,2455,199,79,25,54,0,0,0,32,11,370,22,0,0,0,22,22,0,4,6,6,0,0,0,0,653,16.5,0,495616
zamanlama,23,PatlamaSinerji,9,odulsuz,0,0,DON CEPHESİ,1354,22,0.612,120,4112,3445,3726,3073,0,0,0,0,0,72,38,34,0,0,0,0,0,162,31,0,0,0,0,0,0,0,0,0,0,0,0,0,577,7.5,0,376832
zamanlama,23,PatlamaSinerji,9,artci_A,0,0,DON CEPHESİ,1354,22,0.522,124,4020,3376,3321,2727,100,38,2700,1848,266,100,32,68,0,0,0,39,15,364,31,0,0,0,31,31,0,4,6,6,0,0,0,0,652,12.9,0,466944
zamanlama,23,PatlamaSinerji,10,odulsuz,0,0,SERT KABUK,1354,22,0.834,125,4216,3671,2835,2348,0,0,0,0,0,49,25,24,0,0,0,0,0,221,23,0,0,0,0,0,0,0,0,0,0,0,0,0,580,13.7,0,372736
zamanlama,23,PatlamaSinerji,10,artci_A,0,0,SERT KABUK,1354,22,0.746,127,4353,3672,3564,3160,133,45,3591,2821,238,94,32,62,0,0,0,40,10,532,28,0,0,0,28,28,0,4,6,6,0,0,0,0,701,17.3,0,462848
zamanlama,23,Karma,1,odulsuz,0,0,DON CEPHESİ,1354,22,0.697,128,4434,3743,1013,921,0,0,0,0,0,46,35,5,6,0,0,0,0,99,5,5,1,2,0,0,0,0,0,0,0,0,0,0,564,4.3,0,348160
zamanlama,23,Karma,1,artci_A,0,0,DON CEPHESİ,1354,22,0.688,130,4692,3850,765,665,14,5,378,317,29,54,42,7,3,1,1,4,2,117,3,4,2,1,3,3,0,1,6,6,0,0,0,0,562,3.3,0,479232
zamanlama,23,Karma,2,odulsuz,0,0,SERT KABUK,1354,22,0.89,132,4604,4121,439,324,0,0,0,0,0,33,24,0,3,3,3,0,0,232,0,1,2,2,0,0,0,0,0,0,0,0,0,0,535,2.8,0,393216
zamanlama,23,Karma,2,artci_A,0,0,SERT KABUK,1354,22,0.89,132,4604,4121,439,324,0,0,0,0,0,33,24,0,3,3,3,0,0,232,0,1,2,2,0,0,0,0,0,0,0,0,0,0,524,2.6,0,483328
zamanlama,23,Karma,3,odulsuz,0,0,SERT KABUK,1354,22,0.868,132,4654,3785,652,604,0,0,0,0,0,43,39,0,1,1,2,0,0,187,1,3,2,4,0,0,0,0,0,0,0,0,0,0,541,2.3,0,413696
zamanlama,23,Karma,3,artci_A,0,0,SERT KABUK,1354,22,0.845,132,4684,3915,845,710,4,1,108,87,5,51,38,1,8,1,3,1,0,110,1,4,2,4,1,1,0,1,6,6,0,0,0,0,548,2.8,0,499712
zamanlama,23,Karma,4,odulsuz,0,0,SİS,1354,22,0.918,88,3023,2566,360,331,0,0,0,0,0,22,20,0,0,1,1,0,0,46,0,2,3,1,0,0,0,0,0,0,0,0,0,0,506,2.5,0,307200
zamanlama,23,Karma,4,artci_A,0,0,SİS,1354,22,0.918,88,3023,2566,360,331,0,0,0,0,0,22,20,0,0,1,1,0,0,46,0,2,3,1,0,0,0,0,0,0,0,0,0,0,508,3.3,0,438272
zamanlama,23,Karma,5,odulsuz,0,0,DON CEPHESİ,1354,22,0.698,131,4761,3930,509,452,0,0,0,0,0,41,35,1,3,2,0,0,0,193,1,2,2,1,0,0,0,0,0,0,0,0,0,0,535,2.0,0,376832
zamanlama,23,Karma,5,artci_A,0,0,DON CEPHESİ,1354,22,0.697,131,4761,3930,509,452,7,3,189,162,12,43,35,3,3,2,0,2,1,197,1,2,2,1,1,1,0,1,6,6,0,0,0,0,549,2.8,0,462848
zamanlama,23,Karma,6,odulsuz,0,0,SERT KABUK,1354,22,0.871,131,4730,3859,864,802,0,0,0,0,0,41,38,1,0,0,2,0,0,165,3,0,1,5,0,0,0,0,0,0,0,0,0,0,538,2.8,0,372736
zamanlama,23,Karma,6,artci_A,0,0,SERT KABUK,1354,22,0.862,129,4480,3812,1026,898,26,7,702,599,35,41,27,11,0,0,3,8,1,158,6,0,1,5,6,6,0,2,6,6,0,0,0,0,548,4.0,0,507904
zamanlama,23,Karma,7,odulsuz,0,0,SERT KABUK,1354,22,0.859,130,4849,3828,1117,1051,0,0,0,0,0,47,41,1,2,0,3,0,0,113,3,3,1,6,0,0,0,0,0,0,0,0,0,0,546,2.8,0,389120
zamanlama,23,Karma,7,artci_A,0,0,SERT KABUK,1354,22,0.844,130,4549,3880,903,758,9,2,243,170,20,55,40,5,7,2,1,3,0,129,4,4,2,2,4,4,0,1,6,6,0,0,0,0,559,2.6,0,503808
zamanlama,23,Karma,8,odulsuz,0,0,SERT KABUK,1354,22,0.869,131,4607,4014,1113,1005,0,0,0,0,0,42,34,1,2,2,3,0,0,158,1,4,3,6,0,0,0,0,0,0,0,0,0,0,543,2.4,0,393216
zamanlama,23,Karma,8,artci_A,0,0,SERT KABUK,1354,22,0.862,130,4570,4066,910,788,4,1,108,73,5,40,26,4,6,2,2,3,0,145,1,3,2,6,1,1,0,1,6,6,0,0,0,0,545,2.6,0,524288
zamanlama,23,Karma,9,odulsuz,0,0,DON CEPHESİ,1354,22,0.685,130,4404,3569,845,814,0,0,0,0,0,45,41,0,3,1,0,0,0,98,6,3,2,2,0,0,0,0,0,0,0,0,0,0,557,2.9,0,344064
zamanlama,23,Karma,9,artci_A,0,0,DON CEPHESİ,1354,22,0.661,126,4486,3831,941,705,23,13,621,523,47,56,37,13,5,1,0,4,2,105,7,3,1,0,7,7,0,2,6,6,0,0,0,0,560,3.5,0,475136
zamanlama,23,Karma,10,odulsuz,0,0,SERT KABUK,1354,22,0.848,130,4682,3938,601,560,0,0,0,0,0,45,41,2,2,0,0,0,0,188,3,2,0,2,0,0,0,0,0,0,0,0,0,0,543,3.9,0,344064
zamanlama,23,Karma,10,artci_A,0,0,SERT KABUK,1354,22,0.857,130,4557,3897,448,437,9,2,243,181,10,40,33,6,0,1,0,5,2,199,2,1,1,1,2,2,0,1,6,6,0,0,0,0,569,2.9,0,421888
zamanlama,30,Patlama,1,odulsuz,0,0,SERT KABUK,1354,23,0.887,132,7704,6630,3388,3087,0,0,0,0,0,71,46,25,0,0,0,0,0,195,19,0,0,0,0,0,0,0,0,0,0,0,0,0,582,3.6,0,389120
zamanlama,30,Patlama,1,artci_A,0,0,SERT KABUK,1354,23,0.871,135,7810,6992,2992,2731,60,28,2640,2330,118,79,38,41,0,0,0,25,7,282,14,0,0,0,14,14,0,2,6,6,0,0,0,0,636,12.7,0,520192
zamanlama,30,Patlama,2,odulsuz,0,0,SERT KABUK,1354,23,0.915,136,7572,6605,1980,1860,0,0,0,0,0,42,34,8,0,0,0,0,0,107,8,0,0,0,0,0,0,0,0,0,0,0,0,0,541,3.2,0,385024
zamanlama,30,Patlama,2,artci_A,0,0,SERT KABUK,1354,23,0.907,138,7872,6931,1276,1199,32,10,1408,1157,41,53,31,22,0,0,0,15,2,129,5,0,0,0,5,5,0,1,6,6,0,0,0,0,559,3.3,0,524288
zamanlama,30,Patlama,3,odulsuz,0,0,DON CEPHESİ,1354,23,0.72,133,7863,6765,2024,1873,0,0,0,0,0,69,55,14,0,0,0,0,0,165,12,0,0,0,0,0,0,0,0,0,0,0,0,0,561,2.9,0,385024
zamanlama,30,Patlama,3,artci_A,0,0,DON CEPHESİ,1354,23,0.675,133,7382,6657,2288,2092,53,22,2332,2055,117,83,44,39,0,0,0,26,6,225,12,0,0,0,12,12,0,2,6,6,0,0,0,0,612,10.7,0,524288
zamanlama,30,Patlama,4,odulsuz,0,0,DON CEPHESİ,1354,23,0.719,135,8142,6789,2816,2487,0,0,0,0,0,74,51,23,0,0,0,0,0,313,13,0,0,0,0,0,0,0,0,0,0,0,0,0,576,7.0,0,393216
zamanlama,30,Patlama,4,artci_A,0,0,DON CEPHESİ,1354,23,0.646,132,7737,6799,4092,3723,83,32,3652,3101,177,114,43,71,0,0,0,45,15,534,18,0,0,0,18,18,0,2,6,6,0,0,0,0,667,11.6,0,516096
zamanlama,30,Patlama,5,odulsuz,0,0,SERT KABUK,1354,23,0.907,133,7784,6739,2860,2660,0,0,0,0,0,48,35,13,0,0,0,0,0,201,13,0,0,0,0,0,0,0,0,0,0,0,0,0,552,3.8,0,393216
zamanlama,30,Patlama,5,artci_A,0,0,SERT KABUK,1354,23,0.879,131,7506,6659,3476,3081,75,26,3300,2887,123,71,28,43,0,0,0,23,5,232,15,0,0,0,15,15,0,3,6,6,0,0,0,0,626,16.9,0,524288
zamanlama,30,Patlama,6,odulsuz,0,0,SİS,1354,23,0.9,91,5366,4583,2464,2242,0,0,0,0,0,57,39,18,0,0,0,0,0,142,11,0,0,0,0,0,0,0,0,0,0,0,0,0,547,2.7,0,397312
zamanlama,30,Patlama,6,artci_A,0,0,SİS,1354,23,0.862,87,5170,4431,3344,3104,70,28,3080,2664,120,90,35,55,0,0,0,36,11,283,14,0,0,0,14,14,0,2,6,6,0,0,0,0,614,9.8,0,536576
zamanlama,30,Patlama,7,odulsuz,0,0,SİS,1354,23,0.904,87,5097,4214,2860,2620,0,0,0,0,0,54,34,20,0,0,0,0,0,188,13,0,0,0,0,0,0,0,0,0,0,0,0,0,548,2.6,0,397312
zamanlama,30,Patlama,7,artci_A,0,0,SİS,1354,23,0.883,91,5568,4583,2068,1942,47,20,2068,1818,78,72,38,34,0,0,0,22,4,290,9,0,0,0,9,9,0,2,6,6,0,0,0,0,591,6.8,0,536576
zamanlama,30,Patlama,8,odulsuz,0,0,DON CEPHESİ,1354,23,0.738,127,7528,6655,3916,3473,0,0,0,0,0,82,50,32,0,0,0,0,0,306,19,0,0,0,0,0,0,0,0,0,0,0,0,0,597,4.3,0,393216
zamanlama,30,Patlama,8,artci_A,0,0,DON CEPHESİ,1354,23,0.67,135,7947,7055,4180,3782,84,42,3696,3320,171,118,48,70,0,0,0,36,14,394,19,0,0,0,19,19,0,2,6,6,0,0,0,0,668,5.8,0,524288
zamanlama,30,Patlama,9,odulsuz,0,0,SİS,1354,23,0.909,89,4874,4071,2112,1922,0,0,0,0,0,49,30,19,0,0,0,0,0,105,9,0,0,0,0,0,0,0,0,0,0,0,0,0,543,2.6,0,385024
zamanlama,30,Patlama,9,artci_A,0,0,SİS,1354,23,0.873,92,5291,4405,2772,2667,69,22,3036,2667,93,82,37,45,0,0,0,35,4,281,11,0,0,0,11,11,0,1,6,6,0,0,0,0,604,5.4,0,536576
zamanlama,30,Patlama,10,odulsuz,0,0,DON CEPHESİ,1354,23,0.706,132,7558,6498,3344,3009,0,0,0,0,0,77,51,26,0,0,0,0,0,232,17,0,0,0,0,0,0,0,0,0,0,0,0,0,584,2.8,0,393216
zamanlama,30,Patlama,10,artci_A,0,0,DON CEPHESİ,1354,23,0.632,134,8089,6875,3520,3229,74,28,3256,2829,160,108,48,60,0,0,0,36,8,292,18,0,0,0,18,18,0,2,6,6,0,0,0,0,654,10.6,0,503808
zamanlama,30,PatlamaSinerji,1,odulsuz,0,0,SERT KABUK,1354,23,0.852,130,7573,6680,6644,5867,0,0,0,0,0,94,37,57,0,0,0,0,0,266,33,0,0,0,0,0,0,0,0,0,0,0,0,0,618,5.1,0,389120
zamanlama,30,PatlamaSinerji,1,artci_A,0,0,SERT KABUK,1354,23,0.788,130,7722,6659,8096,7607,128,44,5632,4711,331,146,45,101,0,0,0,60,12,594,41,0,0,0,41,41,0,4,6,6,0,0,0,0,782,24.7,0,503808
zamanlama,30,PatlamaSinerji,2,odulsuz,0,0,SERT KABUK,1354,23,0.89,131,7020,6290,5324,4780,0,0,0,0,0,63,31,32,0,0,0,0,0,161,25,0,0,0,0,0,0,0,0,0,0,0,0,0,593,11.5,0,393216
zamanlama,30,PatlamaSinerji,2,artci_A,0,0,SERT KABUK,1354,23,0.86,131,7072,6528,4708,4343,94,34,4136,3498,182,84,25,59,0,0,0,35,5,271,22,0,0,0,22,22,0,3,6,6,0,0,0,0,658,9.6,0,524288
zamanlama,30,PatlamaSinerji,3,odulsuz,0,0,DON CEPHESİ,1354,23,0.625,120,6882,5743,8712,7907,0,0,0,0,0,116,52,64,0,0,0,0,0,487,48,0,0,0,0,0,0,0,0,0,0,0,0,0,651,6.1,0,409600
zamanlama,30,PatlamaSinerji,3,artci_A,0,0,DON CEPHESİ,1354,23,0.606,121,6660,5836,5764,5306,93,39,4092,3513,323,123,39,84,0,0,0,43,16,621,36,0,0,0,36,36,0,4,6,6,0,0,0,0,707,7.1,0,507904
zamanlama,30,PatlamaSinerji,4,odulsuz,0,0,DON CEPHESİ,1354,23,0.633,125,6845,5882,8932,8054,0,0,0,0,0,114,47,67,0,0,0,0,0,578,45,0,0,0,0,0,0,0,0,0,0,0,0,0,666,7.7,0,425984
zamanlama,30,PatlamaSinerji,4,artci_A,0,0,DON CEPHESİ,1354,23,0.574,122,7086,6112,6556,6000,115,48,5060,4349,382,147,41,106,0,0,0,63,21,646,38,0,0,0,38,38,0,4,6,6,0,0,0,0,743,14.2,0,516096
zamanlama,30,PatlamaSinerji,5,odulsuz,0,0,SERT KABUK,1354,23,0.888,130,7372,6492,6204,5735,0,0,0,0,0,63,34,29,0,0,0,0,0,379,28,0,0,0,0,0,0,0,0,0,0,0,0,0,597,11.9,0,393216
zamanlama,30,PatlamaSinerji,5,artci_A,0,0,SERT KABUK,1354,23,0.81,132,7804,6746,7788,7203,147,50,6468,5539,312,125,40,85,0,0,0,48,9,502,35,0,0,0,35,35,0,4,6,6,0,0,0,0,725,14.4,0,495616
zamanlama,30,PatlamaSinerji,6,odulsuz,0,0,SİS,1354,23,0.855,85,4869,3853,7436,6829,0,0,0,0,0,91,38,53,0,0,0,0,0,235,36,0,0,0,0,0,0,0,0,0,0,0,0,0,607,4.5,0,385024
zamanlama,30,PatlamaSinerji,6,artci_A,0,0,SİS,1354,23,0.817,85,5179,4346,6028,5577,113,44,4972,4321,261,122,34,88,0,0,0,52,16,478,30,0,0,0,30,30,0,3,6,7,0,0,0,0,684,9.6,0,507904
zamanlama,30,PatlamaSinerji,7,odulsuz,0,0,SİS,1354,23,0.85,80,4660,4002,7744,7017,0,0,0,0,0,102,40,62,0,0,0,0,0,337,38,0,0,0,0,0,0,0,0,0,0,0,0,0,608,6.8,0,405504
zamanlama,30,PatlamaSinerji,7,artci_A,0,0,SİS,1354,23,0.821,86,4995,4497,5896,5358,109,43,4796,4119,211,126,27,99,0,0,0,57,14,504,24,0,0,0,24,24,0,3,6,7,0,0,0,0,671,9.0,0,499712
zamanlama,30,PatlamaSinerji,8,odulsuz,0,0,DON CEPHESİ,1354,23,0.669,124,6655,5792,8844,8038,0,0,0,0,0,119,49,70,0,0,0,0,0,319,41,0,0,0,0,0,0,0,0,0,0,0,0,0,647,7.1,0,393216
zamanlama,30,PatlamaSinerji,8,artci_A,0,0,DON CEPHESİ,1354,23,0.636,129,7374,6499,6028,5482,111,46,4884,4178,281,138,31,107,0,0,0,61,14,453,30,0,0,0,30,30,0,4,6,7,0,0,0,0,707,8.5,0,528384
zamanlama,30,PatlamaSinerji,9,odulsuz,0,0,SİS,1354,23,0.863,84,4785,4039,6644,6067,0,0,0,0,0,86,31,55,0,0,0,0,0,244,28,0,0,0,0,0,0,0,0,0,0,0,0,0,604,7.9,0,405504
zamanlama,30,PatlamaSinerji,9,artci_A,0,0,SİS,1354,23,0.832,85,4721,4153,5368,4902,101,40,4444,3972,223,115,29,86,0,0,0,45,9,333,25,0,0,0,25,25,0,3,6,7,0,0,0,0,660,9.4,0,557056
zamanlama,30,PatlamaSinerji,10,odulsuz,0,0,DON CEPHESİ,1354,23,0.63,119,7099,5941,9108,8203,0,0,0,0,0,121,50,71,0,0,0,0,0,359,46,0,0,0,0,0,0,0,0,0,0,0,0,0,660,13.1,0,413696
zamanlama,30,PatlamaSinerji,10,artci_A,0,0,DON CEPHESİ,1354,23,0.523,122,7384,6282,9416,8644,164,57,7216,6189,424,195,46,149,0,0,0,86,19,607,43,0,0,0,43,43,0,3,6,7,0,0,0,0,785,15.1,0,507904
zamanlama,30,Karma,1,odulsuz,0,0,SERT KABUK,1354,23,0.898,133,7441,6602,2244,2023,0,0,0,0,0,61,41,16,4,0,0,0,0,203,8,3,0,0,0,0,0,0,0,0,0,0,0,0,574,2.8,0,393216
zamanlama,30,Karma,1,artci_A,0,0,SERT KABUK,1354,23,0.897,137,7683,6712,1414,1348,20,8,880,725,34,58,41,17,0,0,0,11,3,188,4,1,2,2,4,4,0,1,6,7,0,0,0,0,574,2.7,0,520192
zamanlama,30,Karma,2,odulsuz,0,0,SERT KABUK,1354,23,0.912,138,7878,6771,1530,1455,0,0,0,0,0,44,37,4,2,1,0,0,0,109,2,3,3,1,0,0,0,0,0,0,0,0,0,0,559,2.4,0,397312
zamanlama,30,Karma,2,artci_A,0,0,SERT KABUK,1354,23,0.908,137,7817,6916,1676,1573,15,6,660,554,24,46,35,9,2,0,0,6,2,80,2,5,2,1,2,2,0,1,6,6,0,0,0,0,579,4.9,0,466944
zamanlama,30,Karma,3,odulsuz,0,0,DON CEPHESİ,1354,23,0.724,134,7370,5984,2404,2233,0,0,0,0,0,68,55,8,0,0,5,0,0,163,6,5,4,4,0,0,0,0,0,0,0,0,0,0,582,3.1,0,401408
zamanlama,30,Karma,3,artci_A,0,0,DON CEPHESİ,1354,23,0.717,136,7615,6454,1492,1381,13,4,572,493,27,66,54,10,1,1,0,7,1,174,4,5,3,1,4,4,0,1,6,7,0,0,0,0,587,3.1,0,524288
zamanlama,30,Karma,4,odulsuz,0,0,DON CEPHESİ,1354,23,0.714,133,7512,6572,2600,2337,0,0,0,0,0,72,52,17,2,1,0,0,0,266,10,5,2,1,0,0,0,0,0,0,0,0,0,0,590,2.5,0,376832
zamanlama,30,Karma,4,artci_A,0,0,DON CEPHESİ,1354,23,0.712,133,7428,6627,2285,2061,38,22,1672,1417,94,81,45,32,1,1,2,17,7,310,9,1,3,2,9,9,0,2,6,7,0,0,0,0,614,5.7,0,524288
zamanlama,30,Karma,5,odulsuz,0,0,SERT KABUK,1354,23,0.918,138,8545,7638,1282,1205,0,0,0,0,0,42,36,6,0,0,0,0,0,155,3,2,2,0,0,0,0,0,0,0,0,0,0,0,544,2.3,0,397312
zamanlama,30,Karma,5,artci_A,0,0,SERT KABUK,1354,23,0.909,138,8204,7218,1436,1403,17,8,748,630,24,48,37,11,0,0,0,8,5,152,2,5,1,0,2,2,0,1,6,6,0,0,0,0,571,3.4,0,520192
zamanlama,30,Karma,6,odulsuz,0,0,SİS,1354,23,0.924,92,5274,4346,431,417,0,0,0,0,0,35,34,0,0,1,0,0,0,73,0,2,2,0,0,0,0,0,0,0,0,0,0,0,532,2.6,0,344064
zamanlama,30,Karma,6,artci_A,0,0,SİS,1354,23,0.924,92,5274,4346,431,417,0,0,0,0,0,35,34,0,0,1,0,0,0,73,0,2,2,0,0,0,0,0,0,0,0,0,0,0,536,3.3,0,479232
zamanlama,30,Karma,7,odulsuz,0,0,SİS,1354,23,0.918,89,5151,4247,930,824,0,0,0,0,0,44,37,7,0,0,0,0,0,80,3,2,3,0,0,0,0,0,0,0,0,0,0,0,532,2.8,0,344064
zamanlama,30,Karma,7,artci_A,0,0,SİS,1354,23,0.907,91,5245,4158,1533,1370,18,7,792,653,27,55,38,12,0,5,0,9,2,216,4,2,5,0,4,4,0,1,6,7,0,0,0,0,562,3.4,0,536576
zamanlama,30,Karma,8,odulsuz,0,0,DON CEPHESİ,1354,23,0.777,137,7738,6533,1157,1043,0,0,0,0,0,63,53,4,2,3,1,0,0,190,2,5,2,2,0,0,0,0,0,0,0,0,0,0,577,2.4,0,397312
zamanlama,30,Karma,8,artci_A,0,0,DON CEPHESİ,1354,23,0.77,137,7646,6398,1471,1308,13,8,572,462,41,70,54,11,2,3,0,5,2,197,4,5,3,1,4,4,0,2,6,6,0,0,0,0,592,2.7,0,528384
zamanlama,30,Karma,9,odulsuz,0,0,SİS,1354,23,0.919,91,5186,4341,1258,1137,0,0,0,0,0,42,36,6,0,0,0,0,0,85,5,0,3,0,0,0,0,0,0,0,0,0,0,0,533,2.8,0,344064
zamanlama,30,Karma,9,artci_A,0,0,SİS,1354,23,0.911,92,5094,4256,1566,1441,15,5,660,549,22,49,34,11,0,1,3,9,1,98,3,2,3,3,3,3,0,1,6,6,0,0,0,0,556,3.4,0,479232
zamanlama,30,Karma,10,odulsuz,0,0,DON CEPHESİ,1354,23,0.717,136,8312,7084,2256,2046,0,0,0,0,0,73,57,9,1,2,4,0,0,290,7,3,2,4,0,0,0,0,0,0,0,0,0,0,580,3.6,0,393216
zamanlama,30,Karma,10,artci_A,0,0,DON CEPHESİ,1354,23,0.712,137,8183,7025,1437,1332,17,10,748,638,48,73,53,16,1,1,2,9,3,181,4,1,1,2,4,4,0,2,6,7,0,0,0,0,591,3.8,0,503808
zamanlama,40,Patlama,1,odulsuz,0,0,DON CEPHESİ,1354,35,0.603,284,27535,22907,16200,14585,0,0,0,0,0,194,126,68,0,0,0,0,0,604,47,0,0,0,0,0,0,0,0,0,0,0,0,0,715,7.8,0,450560
zamanlama,40,Patlama,1,artci_A,0,0,DON CEPHESİ,1354,35,0.565,289,28257,23738,11550,10559,144,65,10800,8968,310,226,111,115,0,0,0,76,28,843,32,0,0,0,32,31,1,3,6,7,0,0,0,0,783,8.4,0,581632
zamanlama,40,Patlama,2,odulsuz,0,0,DON CEPHESİ,1354,35,0.648,292,27648,22506,12525,11202,0,0,0,0,0,173,117,56,0,0,0,0,0,566,36,0,0,0,0,0,0,0,0,0,0,0,0,0,685,5.9,0,430080
zamanlama,40,Patlama,2,artci_A,0,0,DON CEPHESİ,1354,35,0.569,292,28144,24211,12150,10779,134,69,10050,8502,352,228,107,121,0,0,0,67,29,1142,36,0,0,0,36,36,0,4,6,7,0,0,0,0,788,7.1,0,618496
zamanlama,40,Patlama,3,odulsuz,0,0,SERT KABUK,1354,35,0.8,301,29228,24879,13500,12279,0,0,0,0,0,164,112,52,0,0,0,0,0,597,34,0,0,0,0,0,0,0,0,0,0,0,0,0,688,4.5,0,450560
zamanlama,40,Patlama,3,artci_A,0,0,SERT KABUK,1354,35,0.752,302,29001,25176,13275,11763,156,60,11700,10037,322,210,92,118,0,0,0,67,18,871,30,0,0,0,30,30,0,3,6,7,0,0,0,0,792,12.9,0,581632
zamanlama,40,Patlama,4,odulsuz,0,0,SERT KABUK,1354,35,0.828,303,29771,25777,11175,9777,0,0,0,0,0,149,95,54,0,0,0,0,0,526,26,0,0,0,0,0,0,0,0,0,0,0,0,0,669,6.2,0,430080
zamanlama,40,Patlama,4,artci_A,0,0,SERT KABUK,1354,35,0.8,302,29419,25762,10200,8992,92,33,6900,5749,219,169,83,86,0,0,0,44,11,660,24,0,0,0,24,22,2,4,6,7,0,0,0,0,737,18.4,0,585728
zamanlama,40,Patlama,5,odulsuz,0,0,SİS,1354,35,0.843,196,17999,14820,9375,8281,0,0,0,0,0,124,73,51,0,0,0,0,0,497,28,0,0,0,0,0,0,0,0,0,0,0,0,0,693,4.6,0,458752
zamanlama,40,Patlama,5,artci_A,0,0,SİS,1354,35,0.81,201,19333,16792,9375,8313,94,40,7050,6038,212,164,78,86,0,0,0,42,11,864,26,0,0,0,26,24,2,2,6,7,0,0,0,0,743,9.0,0,593920
zamanlama,40,Patlama,6,odulsuz,0,0,SERT KABUK,1354,35,0.812,310,30464,25712,12600,11509,0,0,0,0,0,157,118,39,0,0,0,0,0,599,30,0,0,0,0,0,0,0,0,0,0,0,0,0,692,7.1,0,425984
zamanlama,40,Patlama,6,artci_A,0,0,SERT KABUK,1354,35,0.793,307,29667,25589,10200,9420,106,42,7950,6626,205,180,95,85,0,0,0,53,20,736,24,0,0,0,24,22,2,2,6,7,0,0,0,0,751,12.1,0,577536
zamanlama,40,Patlama,7,odulsuz,0,0,SİS,1354,35,0.844,197,20149,16905,8850,7761,0,0,0,0,0,122,80,42,0,0,0,0,0,549,25,0,0,0,0,0,0,0,0,0,0,0,0,0,646,3.2,0,462848
zamanlama,40,Patlama,7,artci_A,0,0,SİS,1354,35,0.803,199,20468,16908,8325,7354,84,39,6300,5414,218,162,82,80,0,0,0,40,16,642,24,0,0,0,24,23,1,3,6,7,0,0,0,0,705,11.3,0,593920
zamanlama,40,Patlama,8,odulsuz,0,0,SERT KABUK,1354,35,0.834,308,29119,25322,12975,11704,0,0,0,0,0,144,93,51,0,0,0,0,0,538,34,0,0,0,0,0,0,0,0,0,0,0,0,0,697,6.0,0,430080
zamanlama,40,Patlama,8,artci_A,0,0,SERT KABUK,1354,35,0.778,309,29855,26469,11175,10085,151,63,11325,9378,268,187,80,107,0,0,0,69,25,580,25,0,0,0,25,25,0,3,6,7,0,0,0,0,774,21.1,0,581632
zamanlama,40,Patlama,9,odulsuz,0,0,DON CEPHESİ,1354,35,0.612,293,28287,23533,11775,10468,0,0,0,0,0,185,129,56,0,0,0,0,0,697,33,0,0,0,0,0,0,0,0,0,0,0,0,0,689,8.9,0,450560
zamanlama,40,Patlama,9,artci_A,0,0,DON CEPHESİ,1354,35,0.599,287,26745,22676,10575,9201,119,68,8925,7627,323,218,111,107,0,0,0,54,24,992,34,0,0,0,34,31,3,3,6,7,0,0,0,0,769,8.3,0,581632
zamanlama,40,Patlama,10,odulsuz,0,0,SİS,1354,35,0.843,201,19875,16440,8925,7797,0,0,0,0,0,124,84,40,0,0,0,0,0,553,26,0,0,0,0,0,0,0,0,0,0,0,0,0,640,4.2,0,442368
zamanlama,40,Patlama,10,artci_A,0,0,SİS,1354,35,0.818,201,19633,16498,8175,7397,96,42,7200,6120,205,148,75,73,0,0,0,44,16,644,23,0,0,0,23,23,0,3,6,7,0,0,0,0,711,8.8,0,593920
zamanlama,40,PatlamaSinerji,1,odulsuz,0,0,DON CEPHESİ,1354,35,0.511,253,24723,19988,29550,26378,0,0,0,0,0,249,119,130,0,0,0,0,0,1016,103,0,0,0,0,0,0,0,0,0,0,0,0,0,804,14.3,0,458752
zamanlama,40,PatlamaSinerji,1,artci_A,0,0,DON CEPHESİ,1354,35,0.416,251,25268,21635,24600,22066,210,93,15750,12958,782,319,99,220,0,0,0,111,39,1244,87,0,0,0,87,84,3,5,6,7,0,0,0,0,924,11.0,0,634880
zamanlama,40,PatlamaSinerji,2,odulsuz,0,0,DON CEPHESİ,1354,35,0.553,257,24361,20432,26475,23288,0,0,0,0,0,222,96,126,0,0,0,0,0,1480,89,0,0,0,0,0,0,0,0,0,0,0,0,0,801,7.5,0,540672
zamanlama,40,PatlamaSinerji,2,artci_A,0,0,DON CEPHESİ,1354,35,0.429,258,25310,21895,25800,22981,231,113,17325,14505,814,320,94,226,0,0,0,114,45,1652,86,0,0,0,86,84,2,5,6,7,0,0,0,0,934,13.7,0,659456
zamanlama,40,PatlamaSinerji,3,odulsuz,0,0,SERT KABUK,1354,35,0.737,274,26556,22010,32850,29527,0,0,0,0,0,227,102,125,0,0,0,0,0,943,94,0,0,0,0,0,0,0,0,0,0,0,0,0,826,17.0,0,454656
zamanlama,40,PatlamaSinerji,3,artci_A,0,0,SERT KABUK,1354,35,0.621,286,27747,23842,29775,27313,323,115,24225,20298,777,328,92,236,0,0,0,144,36,1522,78,0,0,0,78,78,0,5,6,7,0,0,0,0,989,25.3,0,675840
zamanlama,40,PatlamaSinerji,4,odulsuz,0,0,SERT KABUK,1354,35,0.751,291,27762,23046,29850,26794,0,0,0,0,0,217,92,125,0,0,0,0,0,930,80,0,0,0,0,0,0,0,0,0,0,0,0,0,809,20.5,0,454656
zamanlama,40,PatlamaSinerji,4,artci_A,0,0,SERT KABUK,1354,35,0.647,291,28638,25119,28575,25298,251,105,18825,16215,737,311,84,227,0,0,0,109,36,1308,75,0,0,0,75,75,0,5,6,7,0,0,0,0,953,18.8,0,655360
zamanlama,40,PatlamaSinerji,5,odulsuz,0,0,SİS,1354,35,0.771,182,17973,14328,23550,20942,0,0,0,0,0,189,78,111,0,0,0,0,0,809,71,0,0,0,0,0,0,0,0,0,0,0,0,0,742,6.1,0,462848
zamanlama,40,PatlamaSinerji,5,artci_A,0,0,SİS,1354,35,0.673,191,18257,15733,23550,21605,215,90,16125,13132,628,287,77,210,0,0,0,120,37,1082,70,0,0,0,70,68,2,4,6,7,0,0,0,0,879,21.5,0,606208
zamanlama,40,PatlamaSinerji,6,odulsuz,0,0,SERT KABUK,1354,35,0.737,277,26020,22011,32325,29163,0,0,0,0,0,232,98,134,0,0,0,0,0,846,87,0,0,0,0,0,0,0,0,0,0,0,0,0,817,12.1,0,446464
zamanlama,40,PatlamaSinerji,6,artci_A,0,0,SERT KABUK,1354,35,0.619,295,28766,25203,30075,27346,301,120,22575,18929,765,328,87,241,0,0,0,139,39,1417,78,0,0,0,78,77,1,5,6,7,0,0,0,0,999,20.6,0,651264
zamanlama,40,PatlamaSinerji,7,odulsuz,0,0,SİS,1354,35,0.774,182,17567,14813,21600,18933,0,0,0,0,0,185,72,113,0,0,0,0,0,704,66,0,0,0,0,0,0,0,0,0,0,0,0,0,735,5.6,0,462848
zamanlama,40,PatlamaSinerji,7,artci_A,0,0,SİS,1354,35,0.708,199,19358,16828,19725,17584,184,75,13800,11415,515,253,72,181,0,0,0,99,28,1048,59,0,0,0,59,55,4,4,6,7,0,0,0,0,830,10.7,0,602112
zamanlama,40,PatlamaSinerji,8,odulsuz,0,0,SERT KABUK,1354,35,0.742,276,26800,22784,32175,28971,0,0,0,0,0,226,101,125,0,0,0,0,0,681,90,0,0,0,0,0,0,0,0,0,0,0,0,0,805,19.5,0,450560
zamanlama,40,PatlamaSinerji,8,artci_A,0,0,SERT KABUK,1354,35,0.656,290,28424,24561,27975,25722,296,116,22200,18785,719,307,89,218,0,0,0,125,44,1148,76,0,0,0,76,72,4,6,6,7,0,0,0,0,975,34.2,0,655360
zamanlama,40,PatlamaSinerji,9,odulsuz,0,0,DON CEPHESİ,1354,35,0.517,256,23919,20139,29025,25531,0,0,0,0,0,247,103,144,0,0,0,0,0,1107,90,0,0,0,0,0,0,0,0,0,0,0,0,0,799,11.5,0,454656
zamanlama,40,PatlamaSinerji,9,artci_A,0,0,DON CEPHESİ,1354,35,0.412,249,22930,19397,27000,24388,232,102,17400,14714,837,318,96,222,0,0,0,111,43,1351,90,0,0,0,90,88,2,6,6,7,0,0,0,0,945,17.5,0,659456
zamanlama,40,PatlamaSinerji,10,odulsuz,0,0,SİS,1354,35,0.785,187,18292,14799,23025,20741,0,0,0,0,0,179,82,97,0,0,0,0,0,908,67,0,0,0,0,0,0,0,0,0,0,0,0,0,736,8.3,0,462848
zamanlama,40,PatlamaSinerji,10,artci_A,0,0,SİS,1354,35,0.725,191,18888,16065,19125,17174,190,84,14250,12103,483,237,68,169,0,0,0,88,29,1190,58,0,0,0,58,56,2,4,6,7,0,0,0,0,846,10.4,0,634880
zamanlama,40,Karma,1,odulsuz,0,0,DON CEPHESİ,1354,35,0.687,298,28989,23398,6457,5503,0,0,0,0,0,149,117,22,1,3,6,0,0,530,8,8,7,3,0,0,0,0,0,0,0,0,0,0,678,4.2,0,446464
zamanlama,40,Karma,1,artci_A,0,0,DON CEPHESİ,1354,35,0.65,308,29091,23375,5723,5220,35,18,2625,2043,72,166,126,34,2,1,3,18,7,554,7,10,8,2,7,6,1,2,6,7,0,0,0,0,716,10.4,0,602112
zamanlama,40,Karma,2,odulsuz,0,0,DON CEPHESİ,1354,35,0.654,300,29454,24024,11121,9768,0,0,0,0,0,173,121,28,14,5,5,0,0,679,16,13,7,4,0,0,0,0,0,0,0,0,0,0,734,4.9,0,479232
zamanlama,40,Karma,2,artci_A,0,0,DON CEPHESİ,1354,35,0.651,307,31048,25798,5993,5403,46,26,3450,2832,101,175,123,40,3,3,6,27,15,575,9,6,7,4,9,9,0,2,6,7,0,0,0,0,712,5.9,0,585728
zamanlama,40,Karma,3,odulsuz,0,0,SERT KABUK,1354,35,0.831,311,30987,25701,7224,6421,0,0,0,0,0,138,106,22,3,5,2,0,0,481,10,6,7,3,0,0,0,0,0,0,0,0,0,0,686,3.1,0,458752
zamanlama,40,Karma,3,artci_A,0,0,SERT KABUK,1354,35,0.833,311,30863,26718,4629,4356,33,14,2475,2184,65,130,103,21,2,2,2,13,4,479,6,3,6,3,6,6,0,2,6,7,0,0,0,0,688,13.2,0,565248
zamanlama,40,Karma,4,odulsuz,0,0,SERT KABUK,1354,35,0.83,309,30409,26093,9229,8219,0,0,0,0,0,140,98,20,6,7,9,0,0,396,12,6,6,6,0,0,0,0,0,0,0,0,0,0,684,3.5,0,438272
zamanlama,40,Karma,4,artci_A,0,0,SERT KABUK,1354,35,0.829,310,30932,26309,6118,5382,40,19,3000,2622,99,140,100,30,6,4,0,15,6,451,10,8,5,0,10,10,0,2,6,7,0,0,0,0,720,13.0,0,561152
zamanlama,40,Karma,5,odulsuz,0,0,SİS,1354,35,0.864,207,19982,16761,4640,4142,0,0,0,0,0,104,85,11,1,4,3,0,0,379,7,4,6,4,0,0,0,0,0,0,0,0,0,0,640,3.1,0,442368
zamanlama,40,Karma,5,artci_A,0,0,SİS,1354,35,0.844,207,20169,16914,5272,4878,39,20,2925,2422,75,124,85,31,4,1,3,22,9,486,8,4,5,4,8,8,0,2,6,7,0,0,0,0,667,3.4,0,557056
zamanlama,40,Karma,6,odulsuz,0,0,SERT KABUK,1354,35,0.838,307,29973,25676,7092,6220,0,0,0,0,0,132,103,16,2,2,9,0,0,440,7,8,2,7,0,0,0,0,0,0,0,0,0,0,680,3.7,0,434176
zamanlama,40,Karma,6,artci_A,0,0,SERT KABUK,1354,35,0.807,311,29937,25912,8458,7601,76,33,5700,4837,125,163,95,54,4,3,7,36,11,526,11,7,7,6,11,11,0,1,6,7,0,0,0,0,728,4.1,0,565248
zamanlama,40,Karma,7,odulsuz,0,0,SİS,1354,35,0.856,209,20138,16611,5798,4894,0,0,0,0,0,114,87,15,7,3,2,0,0,441,9,9,5,1,0,0,0,0,0,0,0,0,0,0,667,2.6,0,475136
zamanlama,40,Karma,7,artci_A,0,0,SİS,1354,35,0.831,208,20604,16901,7113,6311,56,24,4200,3539,104,136,84,40,5,6,1,25,7,744,11,7,8,3,11,11,0,2,6,7,0,0,0,0,717,9.6,0,602112
zamanlama,40,Karma,8,odulsuz,0,0,SERT KABUK,1354,35,0.85,313,30546,25807,7546,6854,0,0,0,0,0,122,97,12,1,1,11,0,0,372,9,7,6,6,0,0,0,0,0,0,0,0,0,0,670,3.0,0,458752
zamanlama,40,Karma,8,artci_A,0,0,SERT KABUK,1354,35,0.812,312,30862,26130,8197,7533,74,34,5550,4444,132,160,99,53,2,1,5,37,12,418,11,7,5,6,11,11,0,3,6,7,0,0,0,0,733,16.9,0,548864
zamanlama,40,Karma,9,odulsuz,0,0,DON CEPHESİ,1354,35,0.681,302,29726,24411,5474,4707,0,0,0,0,0,146,118,15,1,3,9,0,0,436,7,4,7,5,0,0,0,0,0,0,0,0,0,0,668,3.2,0,446464
zamanlama,40,Karma,9,artci_A,0,0,DON CEPHESİ,1354,35,0.655,304,29402,24647,5806,5182,50,21,3750,3024,89,168,121,37,7,0,3,24,4,715,8,12,5,2,8,8,0,1,6,7,0,0,0,0,735,3.9,0,610304
zamanlama,40,Karma,10,odulsuz,0,0,SİS,1354,35,0.875,209,20640,17271,3706,3116,0,0,0,0,0,97,73,13,7,2,2,0,0,365,5,5,2,2,0,0,0,0,0,0,0,0,0,0,629,3.4,0,442368
zamanlama,40,Karma,10,artci_A,0,0,SİS,1354,35,0.864,203,20819,16705,3919,3359,19,9,1425,1239,44,106,81,19,2,3,1,8,1,313,6,4,6,2,6,6,0,2,6,7,0,0,0,0,640,3.4,0,557056
