run,policy,farmer,scythe,seed,label,round,node,level,cost,currency,category
1,Davranış-rezonans,bahcivan,standart,101,yalnız toplanan XP kartı (s=0),1,Keskin Başlangıç - 1,1,5,Gold,Damage
1,Davranış-rezonans,bahcivan,standart,101,yalnız toplanan XP kartı (s=0),2,Keskin Başlangıç - 1,2,7,Gold,Damage
1,Davranış-rezonans,bahcivan,standart,101,yalnız toplanan XP kartı (s=0),2,Altın Hasat I - 1,1,7,Gold,Economy
1,Davranış-rezonans,bahcivan,standart,101,yalnız toplanan XP kartı (s=0),4,Düzenli Üretim - 1,1,6,Gold,Production
1,Davranış-rezonans,bahcivan,standart,101,yalnız toplanan XP kartı (s=0),5,Keskin Başlangıç - 1,3,8,Gold,Damage
1,Davranış-rezonans,bahcivan,standart,101,yalnız toplanan XP kartı (s=0),5,Grid Genişleme I,1,30,Gold,Grid
1,Davranış-rezonans,bahcivan,standart,101,yalnız toplanan XP kartı (s=0),5,Hızlı Eller - 1,1,7,Gold,Speed
1,Davranış-rezonans,bahcivan,standart,101,yalnız toplanan XP kartı (s=0),6,Altın Hasat I - 1,2,9,Gold,Economy
1,Davranış-rezonans,bahcivan,standart,101,yalnız toplanan XP kartı (s=0),6,Keskin Başlangıç - 2,1,10,Gold,Damage
1,Davranış-rezonans,bahcivan,standart,101,yalnız toplanan XP kartı (s=0),6,Düzenli Üretim - 1,2,8,Gold,Production
1,Davranış-rezonans,bahcivan,standart,101,yalnız toplanan XP kartı (s=0),7,Hızlı Eller - 1,2,9,Gold,Speed
1,Davranış-rezonans,bahcivan,standart,101,yalnız toplanan XP kartı (s=0),7,Keskin Başlangıç - 2,2,11,Gold,Damage
1,Davranış-rezonans,bahcivan,standart,101,yalnız toplanan XP kartı (s=0),7,Altın Hasat I - 1,3,11,Gold,Economy
1,Davranış-rezonans,bahcivan,standart,101,yalnız toplanan XP kartı (s=0),7,Hasat Deneyimi I - 1,1,6,Gold,Xp
1,Davranış-rezonans,bahcivan,standart,101,yalnız toplanan XP kartı (s=0),8,1×3 Saksı,1,30,Gold,PlanterUnlock
1,Davranış-rezonans,bahcivan,standart,101,yalnız toplanan XP kartı (s=0),8,Tornado Kartları,1,30,Iron,BehaviorUnlock
1,Davranış-rezonans,bahcivan,standart,101,yalnız toplanan XP kartı (s=0),8,Keskin Başlangıç - 3,1,13,Gold,Damage
1,Davranış-rezonans,bahcivan,standart,101,yalnız toplanan XP kartı (s=0),8,Düzenli Üretim - 1,3,10,Gold,Production
1,Davranış-rezonans,bahcivan,standart,101,yalnız toplanan XP kartı (s=0),9,Hızlı Eller - 1,3,11,Gold,Speed
1,Davranış-rezonans,bahcivan,standart,101,yalnız toplanan XP kartı (s=0),9,Altın Hasat I - 2,1,13,Gold,Economy
1,Davranış-rezonans,bahcivan,standart,101,yalnız toplanan XP kartı (s=0),9,Keskin Başlangıç - 3,2,14,Gold,Damage
1,Davranış-rezonans,bahcivan,standart,101,yalnız toplanan XP kartı (s=0),11,Kesim Tekniği - 1,1,25,Gold,Damage
1,Davranış-rezonans,bahcivan,standart,101,yalnız toplanan XP kartı (s=0),11,Hızlı Eller - 2,1,12,Gold,Speed
1,Davranış-rezonans,bahcivan,standart,101,yalnız toplanan XP kartı (s=0),11,Altın Hasat I - 2,2,16,Gold,Economy
1,Davranış-rezonans,bahcivan,standart,101,yalnız toplanan XP kartı (s=0),11,Düzenli Üretim - 2,1,12,Gold,Production
1,Davranış-rezonans,bahcivan,standart,101,yalnız toplanan XP kartı (s=0),12,Bumerang Orak Kartları,1,40,Iron,BehaviorUnlock
1,Davranış-rezonans,bahcivan,standart,101,yalnız toplanan XP kartı (s=0),12,Hasat Deneyimi I - 1,2,8,Gold,Xp
1,Davranış-rezonans,bahcivan,standart,101,yalnız toplanan XP kartı (s=0),12,Keskin Başlangıç - 4,1,16,Gold,Damage
1,Davranış-rezonans,bahcivan,standart,101,yalnız toplanan XP kartı (s=0),12,Hızlı Eller - 2,2,14,Gold,Speed
1,Davranış-rezonans,bahcivan,standart,101,yalnız toplanan XP kartı (s=0),12,Kesim Tekniği - 1,2,35,Gold,Damage
1,Davranış-rezonans,bahcivan,standart,101,yalnız toplanan XP kartı (s=0),12,Altın Hasat I - 3,1,18,Gold,Economy
1,Davranış-rezonans,bahcivan,standart,101,yalnız toplanan XP kartı (s=0),13,2×2 Saksı,1,80,Gold,PlanterUnlock
1,Davranış-rezonans,bahcivan,standart,101,yalnız toplanan XP kartı (s=0),13,Keskin Başlangıç - 4,2,17,Gold,Damage
1,Davranış-rezonans,bahcivan,standart,101,yalnız toplanan XP kartı (s=0),13,Hasat Deneyimi I - 1,3,10,Gold,Xp
1,Davranış-rezonans,bahcivan,standart,101,yalnız toplanan XP kartı (s=0),13,Çifte Hasat Kartları,1,25,Iron,Economy
1,Davranış-rezonans,bahcivan,standart,101,yalnız toplanan XP kartı (s=0),14,Düzenli Üretim - 2,2,13,Gold,Production
1,Davranış-rezonans,bahcivan,standart,101,yalnız toplanan XP kartı (s=0),14,Hızlı Eller - 3,1,16,Gold,Speed
1,Davranış-rezonans,bahcivan,standart,101,yalnız toplanan XP kartı (s=0),14,Altın Hasat I - 3,2,20,Gold,Economy
1,Davranış-rezonans,bahcivan,standart,101,yalnız toplanan XP kartı (s=0),14,Kesim Tekniği - 1,3,40,Gold,Damage
1,Davranış-rezonans,bahcivan,standart,101,yalnız toplanan XP kartı (s=0),14,Hasat Deneyimi I - 2,1,12,Gold,Xp
1,Davranış-rezonans,bahcivan,standart,101,yalnız toplanan XP kartı (s=0),14,Demir Hasat - 1,1,25,Gold,Economy
1,Davranış-rezonans,bahcivan,standart,101,yalnız toplanan XP kartı (s=0),14,Hızlı Eller - 3,2,18,Gold,Speed
1,Davranış-rezonans,bahcivan,standart,101,yalnız toplanan XP kartı (s=0),14,Düzenli Üretim - 3,1,15,Gold,Production
1,Davranış-rezonans,bahcivan,standart,101,yalnız toplanan XP kartı (s=0),14,Altın Hasat I - 4,1,22,Gold,Economy
1,Davranış-rezonans,bahcivan,standart,101,yalnız toplanan XP kartı (s=0),14,Geniş Süpürüş - 1,1,21,Gold,Area
1,Davranış-rezonans,bahcivan,standart,101,yalnız toplanan XP kartı (s=0),14,Grid Genişleme I,2,30,Iron,Grid
1,Davranış-rezonans,bahcivan,standart,101,yalnız toplanan XP kartı (s=0),15,Kesim Tekniği - 2,1,50,Gold,Damage
1,Davranış-rezonans,bahcivan,standart,101,yalnız toplanan XP kartı (s=0),15,Hasat Deneyimi I - 2,2,14,Gold,Xp
1,Davranış-rezonans,bahcivan,standart,101,yalnız toplanan XP kartı (s=0),15,Hızlı Eller - 4,1,20,Gold,Speed
1,Davranış-rezonans,bahcivan,standart,101,yalnız toplanan XP kartı (s=0),15,Altın Hasat I - 4,2,24,Gold,Economy
1,Davranış-rezonans,bahcivan,standart,101,yalnız toplanan XP kartı (s=0),15,Demir Hasat - 1,2,35,Gold,Economy
1,Davranış-rezonans,bahcivan,standart,101,yalnız toplanan XP kartı (s=0),16,Düzenli Üretim - 3,2,17,Gold,Production
1,Davranış-rezonans,bahcivan,standart,101,yalnız toplanan XP kartı (s=0),16,Geniş Süpürüş - 1,2,28,Gold,Area
1,Davranış-rezonans,bahcivan,standart,101,yalnız toplanan XP kartı (s=0),16,Hızlı Eller - 4,2,22,Gold,Speed
1,Davranış-rezonans,bahcivan,standart,101,yalnız toplanan XP kartı (s=0),16,Hasat Deneyimi I - 3,1,16,Gold,Xp
1,Davranış-rezonans,bahcivan,standart,101,yalnız toplanan XP kartı (s=0),16,Düzenli Üretim - 4,1,19,Gold,Production
1,Davranış-rezonans,bahcivan,standart,101,yalnız toplanan XP kartı (s=0),16,Hasat Deneyimi I - 3,2,18,Gold,Xp
1,Davranış-rezonans,bahcivan,standart,101,yalnız toplanan XP kartı (s=0),16,Düzenli Üretim - 4,2,21,Gold,Production
1,Davranış-rezonans,bahcivan,standart,101,yalnız toplanan XP kartı (s=0),17,Güçlü Kesim - 1,1,120,Gold,Damage
1,Davranış-rezonans,bahcivan,standart,101,yalnız toplanan XP kartı (s=0),17,Kesim Tekniği - 2,2,55,Gold,Damage
1,Davranış-rezonans,bahcivan,standart,101,yalnız toplanan XP kartı (s=0),17,Demir Hasat - 1,3,40,Gold,Economy
1,Davranış-rezonans,bahcivan,standart,101,yalnız toplanan XP kartı (s=0),17,Geniş Süpürüş - 1,3,35,Gold,Area
1,Davranış-rezonans,bahcivan,standart,101,yalnız toplanan XP kartı (s=0),17,Hasat Deneyimi I - 4,1,20,Gold,Xp
1,Davranış-rezonans,bahcivan,standart,101,yalnız toplanan XP kartı (s=0),17,Taş Hasat - 1,1,35,Iron,Economy
1,Davranış-rezonans,bahcivan,standart,101,yalnız toplanan XP kartı (s=0),18,2×3 Saksı,1,200,Gold,PlanterUnlock
1,Davranış-rezonans,bahcivan,standart,101,yalnız toplanan XP kartı (s=0),18,Hasat Deneyimi I - 4,2,21,Gold,Xp
1,Davranış-rezonans,bahcivan,standart,101,yalnız toplanan XP kartı (s=0),18,Taş Hasat - 1,2,45,Iron,Economy
1,Davranış-rezonans,bahcivan,standart,101,yalnız toplanan XP kartı (s=0),19,İlk Vazgeçiş,1,150,Gold,Cards
1,Davranış-rezonans,bahcivan,standart,101,yalnız toplanan XP kartı (s=0),19,Kesim Tekniği - 3,1,65,Gold,Damage
1,Davranış-rezonans,bahcivan,standart,101,yalnız toplanan XP kartı (s=0),19,Hasat Rekoru - 1,1,180,Gold,Score
1,Davranış-rezonans,bahcivan,standart,101,yalnız toplanan XP kartı (s=0),19,Geniş Süpürüş - 2,1,40,Gold,Area
1,Davranış-rezonans,bahcivan,standart,101,yalnız toplanan XP kartı (s=0),20,Güçlü Kesim - 1,2,160,Gold,Damage
1,Davranış-rezonans,bahcivan,standart,101,yalnız toplanan XP kartı (s=0),20,Akıcı Kesim - 1,1,160,Gold,Speed
1,Davranış-rezonans,bahcivan,standart,101,yalnız toplanan XP kartı (s=0),20,Kesim Tekniği - 3,2,70,Gold,Damage
1,Davranış-rezonans,bahcivan,standart,101,yalnız toplanan XP kartı (s=0),20,Demir Hasat - 2,1,50,Gold,Economy
1,Davranış-rezonans,bahcivan,standart,101,yalnız toplanan XP kartı (s=0),20,Geniş Süpürüş - 2,2,45,Gold,Area
1,Davranış-rezonans,bahcivan,standart,101,yalnız toplanan XP kartı (s=0),21,Güçlü Kesim - 1,3,195,Gold,Damage
1,Davranış-rezonans,bahcivan,standart,101,yalnız toplanan XP kartı (s=0),21,Akıcı Kesim - 1,2,210,Gold,Speed
1,Davranış-rezonans,bahcivan,standart,101,yalnız toplanan XP kartı (s=0),21,Demir Hasat - 2,2,55,Gold,Economy
1,Davranış-rezonans,bahcivan,standart,101,yalnız toplanan XP kartı (s=0),21,Geniş Süpürüş - 3,1,55,Gold,Area
1,Davranış-rezonans,bahcivan,standart,101,yalnız toplanan XP kartı (s=0),21,Verimli Üretim - 1,1,200,Iron,Production
1,Davranış-rezonans,bahcivan,standart,101,yalnız toplanan XP kartı (s=0),21,Geniş Süpürüş - 3,2,60,Gold,Area
1,Davranış-rezonans,bahcivan,standart,101,yalnız toplanan XP kartı (s=0),21,Taş Hasat - 1,3,55,Iron,Economy
1,Davranış-rezonans,bahcivan,standart,101,yalnız toplanan XP kartı (s=0),22,Hasat Rekoru - 1,2,240,Gold,Score
1,Davranış-rezonans,bahcivan,standart,101,yalnız toplanan XP kartı (s=0),22,Kesim Tekniği - 4,1,80,Gold,Damage
1,Davranış-rezonans,bahcivan,standart,101,yalnız toplanan XP kartı (s=0),22,Güçlü Kesim - 2,1,230,Gold,Damage
1,Davranış-rezonans,bahcivan,standart,101,yalnız toplanan XP kartı (s=0),22,Nadir Filizler - 1,1,230,Iron,Rarity
1,Davranış-rezonans,bahcivan,standart,101,yalnız toplanan XP kartı (s=0),22,Taş Hasat - 2,1,65,Iron,Economy
1,Davranış-rezonans,bahcivan,standart,101,yalnız toplanan XP kartı (s=0),23,Altın Hasat II - 1,1,180,Gold,Economy
1,Davranış-rezonans,bahcivan,standart,101,yalnız toplanan XP kartı (s=0),23,Kesim Tekniği - 4,2,85,Gold,Damage
1,Davranış-rezonans,bahcivan,standart,101,yalnız toplanan XP kartı (s=0),23,Akıcı Kesim - 1,3,260,Gold,Speed
1,Davranış-rezonans,bahcivan,standart,101,yalnız toplanan XP kartı (s=0),23,Demir Hasat - 3,1,65,Gold,Economy
1,Davranış-rezonans,bahcivan,standart,101,yalnız toplanan XP kartı (s=0),23,Grid Genişleme II,1,100,Stone,Grid
1,Davranış-rezonans,bahcivan,standart,101,yalnız toplanan XP kartı (s=0),23,Verimli Üretim - 1,2,260,Iron,Production
1,Davranış-rezonans,bahcivan,standart,101,yalnız toplanan XP kartı (s=0),23,Geniş Süpürüş - 4,1,65,Gold,Area
1,Davranış-rezonans,bahcivan,standart,101,yalnız toplanan XP kartı (s=0),23,Demir Hasat - 3,2,70,Gold,Economy
1,Davranış-rezonans,bahcivan,standart,101,yalnız toplanan XP kartı (s=0),24,Hasat Rekoru - 1,3,290,Gold,Score
1,Davranış-rezonans,bahcivan,standart,101,yalnız toplanan XP kartı (s=0),24,Güçlü Kesim - 2,2,270,Gold,Damage
1,Davranış-rezonans,bahcivan,standart,101,yalnız toplanan XP kartı (s=0),24,Altın Hasat II - 1,2,240,Gold,Economy
1,Davranış-rezonans,bahcivan,standart,101,yalnız toplanan XP kartı (s=0),24,Akıcı Kesim - 2,1,310,Gold,Speed
1,Davranış-rezonans,bahcivan,standart,101,yalnız toplanan XP kartı (s=0),24,Nadir Filizler - 1,2,300,Iron,Rarity
1,Davranış-rezonans,bahcivan,standart,101,yalnız toplanan XP kartı (s=0),24,Taş Hasat - 2,2,80,Iron,Economy
1,Davranış-rezonans,bahcivan,standart,101,yalnız toplanan XP kartı (s=0),24,Zengin Cevher - 1,1,50,Stone,Economy
1,Davranış-rezonans,bahcivan,standart,101,yalnız toplanan XP kartı (s=0),25,Geniş Tarama - 1,1,160,Gold,Area
1,Davranış-rezonans,bahcivan,standart,101,yalnız toplanan XP kartı (s=0),25,Kesim Ustalığı - 1,1,560,Iron,Damage
1,Davranış-rezonans,bahcivan,standart,101,yalnız toplanan XP kartı (s=0),25,Güçlü Kesim - 3,1,300,Gold,Damage
1,Davranış-rezonans,bahcivan,standart,101,yalnız toplanan XP kartı (s=0),25,Altın Hasat II - 1,3,290,Gold,Economy
1,Davranış-rezonans,bahcivan,standart,101,yalnız toplanan XP kartı (s=0),25,Hasat Rekoru - 2,1,350,Gold,Score
1,Davranış-rezonans,bahcivan,standart,101,yalnız toplanan XP kartı (s=0),25,Verimli Üretim - 1,3,320,Iron,Production
1,Davranış-rezonans,bahcivan,standart,101,yalnız toplanan XP kartı (s=0),25,Geniş Süpürüş - 4,2,70,Gold,Area
1,Davranış-rezonans,bahcivan,standart,101,yalnız toplanan XP kartı (s=0),25,Demir Hasat - 4,1,80,Gold,Economy
1,Davranış-rezonans,bahcivan,standart,101,yalnız toplanan XP kartı (s=0),25,Demir Hasat - 4,2,85,Gold,Economy
1,Davranış-rezonans,bahcivan,standart,101,yalnız toplanan XP kartı (s=0),25,Taş Hasat - 3,1,90,Iron,Economy
1,Davranış-rezonans,bahcivan,standart,101,yalnız toplanan XP kartı (s=0),26,Akıcı Kesim - 2,2,360,Gold,Speed
1,Davranış-rezonans,bahcivan,standart,101,yalnız toplanan XP kartı (s=0),26,Geniş Tarama - 1,2,210,Gold,Area
1,Davranış-rezonans,bahcivan,standart,101,yalnız toplanan XP kartı (s=0),26,Kesim Ustalığı - 1,2,720,Iron,Damage
1,Davranış-rezonans,bahcivan,standart,101,yalnız toplanan XP kartı (s=0),26,Güçlü Kesim - 3,2,340,Gold,Damage
1,Davranış-rezonans,bahcivan,standart,101,yalnız toplanan XP kartı (s=0),27,Nadir Filizler - 1,3,360,Iron,Rarity
1,Davranış-rezonans,bahcivan,standart,101,yalnız toplanan XP kartı (s=0),27,Altın Hasat II - 2,1,350,Gold,Economy
1,Davranış-rezonans,bahcivan,standart,101,yalnız toplanan XP kartı (s=0),27,İkinci Vazgeçiş,1,800,Iron,Cards
1,Davranış-rezonans,bahcivan,standart,101,yalnız toplanan XP kartı (s=0),27,Akıcı Kesim - 3,1,400,Gold,Speed
1,Davranış-rezonans,bahcivan,standart,101,yalnız toplanan XP kartı (s=0),27,Geniş Tarama - 1,3,260,Gold,Area
1,Davranış-rezonans,bahcivan,standart,101,yalnız toplanan XP kartı (s=0),27,Hasat Deneyimi II - 1,1,450,Gold,Xp
1,Davranış-rezonans,bahcivan,standart,101,yalnız toplanan XP kartı (s=0),27,Hasat Rekoru - 2,2,400,Gold,Score
1,Davranış-rezonans,bahcivan,standart,101,yalnız toplanan XP kartı (s=0),27,Güçlü Kesim - 4,1,380,Gold,Damage
1,Davranış-rezonans,bahcivan,standart,101,yalnız toplanan XP kartı (s=0),27,Zengin Cevher - 1,2,65,Stone,Economy
1,Davranış-rezonans,bahcivan,standart,101,yalnız toplanan XP kartı (s=0),28,Verimli Üretim - 2,1,380,Iron,Production
1,Davranış-rezonans,bahcivan,standart,101,yalnız toplanan XP kartı (s=0),28,Altın Hasat II - 2,2,400,Gold,Economy
1,Davranış-rezonans,bahcivan,standart,101,yalnız toplanan XP kartı (s=0),28,Ağır Kesim - 1,1,1200,Gold,Damage
1,Davranış-rezonans,bahcivan,standart,101,yalnız toplanan XP kartı (s=0),28,Akıcı Kesim - 3,2,450,Gold,Speed
1,Davranış-rezonans,bahcivan,standart,101,yalnız toplanan XP kartı (s=0),28,Taş Hasat - 3,2,100,Iron,Economy
1,Davranış-rezonans,bahcivan,standart,101,yalnız toplanan XP kartı (s=0),29,Kesim Ustalığı - 1,3,890,Iron,Damage
1,Davranış-rezonans,bahcivan,standart,101,yalnız toplanan XP kartı (s=0),29,Nadir Filizler - 2,1,430,Iron,Rarity
1,Davranış-rezonans,bahcivan,standart,101,yalnız toplanan XP kartı (s=0),29,Geniş Tarama - 2,1,310,Gold,Area
1,Davranış-rezonans,bahcivan,standart,101,yalnız toplanan XP kartı (s=0),29,Kart Sezgisi - 1,1,710,Gold,Cards
1,Davranış-rezonans,bahcivan,standart,101,yalnız toplanan XP kartı (s=0),29,Verimli Üretim - 2,2,440,Iron,Production
1,Davranış-rezonans,bahcivan,standart,101,yalnız toplanan XP kartı (s=0),29,Hasat Deneyimi II - 1,2,590,Gold,Xp
1,Davranış-rezonans,bahcivan,standart,101,yalnız toplanan XP kartı (s=0),29,Altın Hasat II - 3,1,450,Gold,Economy
1,Davranış-rezonans,bahcivan,standart,101,yalnız toplanan XP kartı (s=0),29,Zengin Cevher - 1,3,80,Stone,Economy
1,Davranış-rezonans,bahcivan,standart,101,yalnız toplanan XP kartı (s=0),29,Taş Hasat - 4,1,110,Iron,Economy
1,Davranış-rezonans,bahcivan,standart,101,yalnız toplanan XP kartı (s=0),30,Güçlü Kesim - 4,2,410,Gold,Damage
1,Davranış-rezonans,bahcivan,standart,101,yalnız toplanan XP kartı (s=0),30,Kritik Odak - 1,1,150,Gold,Crit
1,Davranış-rezonans,bahcivan,standart,101,yalnız toplanan XP kartı (s=0),30,Ağır Kesim - 1,2,1600,Gold,Damage
1,Davranış-rezonans,bahcivan,standart,101,yalnız toplanan XP kartı (s=0),30,Kesim Ustalığı - 2,1,1100,Iron,Damage
1,Davranış-rezonans,bahcivan,standart,101,yalnız toplanan XP kartı (s=0),30,Hasat Rekoru - 3,1,450,Gold,Score
1,Davranış-rezonans,bahcivan,standart,101,yalnız toplanan XP kartı (s=0),30,Akıcı Kesim - 4,1,500,Gold,Speed
1,Davranış-rezonans,bahcivan,standart,101,yalnız toplanan XP kartı (s=0),30,Nadir Filizler - 2,2,500,Iron,Rarity
1,Davranış-rezonans,bahcivan,standart,101,yalnız toplanan XP kartı (s=0),31,Geniş Tarama - 2,2,360,Gold,Area
1,Davranış-rezonans,bahcivan,standart,101,yalnız toplanan XP kartı (s=0),31,Hasat Deneyimi II - 1,3,730,Gold,Xp
1,Davranış-rezonans,bahcivan,standart,101,yalnız toplanan XP kartı (s=0),31,Verimli Üretim - 3,1,510,Iron,Production
1,Davranış-rezonans,bahcivan,standart,101,yalnız toplanan XP kartı (s=0),31,Kart Sezgisi - 1,2,920,Gold,Cards
1,Davranış-rezonans,bahcivan,standart,101,yalnız toplanan XP kartı (s=0),31,Altın Hasat II - 3,2,510,Gold,Economy
1,Davranış-rezonans,bahcivan,standart,101,yalnız toplanan XP kartı (s=0),31,Kritik Odak - 1,2,195,Gold,Crit
1,Davranış-rezonans,bahcivan,standart,101,yalnız toplanan XP kartı (s=0),31,Akıcı Kesim - 4,2,550,Gold,Speed
1,Davranış-rezonans,bahcivan,standart,101,yalnız toplanan XP kartı (s=0),31,Kesim Ustalığı - 2,2,1200,Iron,Damage
1,Davranış-rezonans,bahcivan,standart,101,yalnız toplanan XP kartı (s=0),31,Zengin Cevher - 2,1,95,Stone,Economy
1,Davranış-rezonans,bahcivan,standart,101,yalnız toplanan XP kartı (s=0),31,Taş Hasat - 4,2,120,Iron,Economy
1,Davranış-rezonans,bahcivan,standart,101,yalnız toplanan XP kartı (s=0),32,Ağır Kesim - 1,3,1900,Gold,Damage
1,Davranış-rezonans,bahcivan,standart,101,yalnız toplanan XP kartı (s=0),32,Geniş Tarama - 3,1,400,Gold,Area
1,Davranış-rezonans,bahcivan,standart,101,yalnız toplanan XP kartı (s=0),32,Hasat Deneyimi II - 2,1,860,Gold,Xp
1,Davranış-rezonans,bahcivan,standart,101,yalnız toplanan XP kartı (s=0),32,Verimli Üretim - 3,2,570,Iron,Production
1,Davranış-rezonans,bahcivan,standart,101,yalnız toplanan XP kartı (s=0),32,Hasat Rekoru - 3,2,510,Gold,Score
1,Davranış-rezonans,bahcivan,standart,101,yalnız toplanan XP kartı (s=0),32,Nadir Filizler - 3,1,570,Iron,Rarity
1,Davranış-rezonans,bahcivan,standart,101,yalnız toplanan XP kartı (s=0),32,Verimli Üretim - 4,1,630,Iron,Production
1,Davranış-rezonans,bahcivan,standart,101,yalnız toplanan XP kartı (s=0),33,Altın Hasat II - 4,1,560,Gold,Economy
1,Davranış-rezonans,bahcivan,standart,101,yalnız toplanan XP kartı (s=0),33,Kart Sezgisi - 1,3,1100,Gold,Cards
1,Davranış-rezonans,bahcivan,standart,101,yalnız toplanan XP kartı (s=0),33,Kritik Odak - 1,3,240,Gold,Crit
1,Davranış-rezonans,bahcivan,standart,101,yalnız toplanan XP kartı (s=0),33,Geniş Tarama - 3,2,450,Gold,Area
1,Davranış-rezonans,bahcivan,standart,101,yalnız toplanan XP kartı (s=0),33,Kesim Ustalığı - 3,1,1400,Iron,Damage
1,Davranış-rezonans,bahcivan,standart,101,yalnız toplanan XP kartı (s=0),33,Kritik Odak - 2,1,290,Gold,Crit
1,Davranış-rezonans,bahcivan,standart,101,yalnız toplanan XP kartı (s=0),33,Nadir Filizler - 3,2,640,Iron,Rarity
1,Davranış-rezonans,bahcivan,standart,101,yalnız toplanan XP kartı (s=0),33,Zengin Cevher - 2,2,110,Stone,Economy
1,Davranış-rezonans,bahcivan,standart,101,yalnız toplanan XP kartı (s=0),34,Ağır Kesim - 2,1,2300,Gold,Damage
1,Davranış-rezonans,bahcivan,standart,101,yalnız toplanan XP kartı (s=0),34,Hasat Deneyimi II - 2,2,1000,Gold,Xp
1,Davranış-rezonans,bahcivan,standart,101,yalnız toplanan XP kartı (s=0),34,Altın Hasat II - 4,2,620,Gold,Economy
1,Davranış-rezonans,bahcivan,standart,101,yalnız toplanan XP kartı (s=0),34,Kart Sezgisi - 2,1,1300,Gold,Cards
1,Davranış-rezonans,bahcivan,standart,101,yalnız toplanan XP kartı (s=0),34,Kesim Ustalığı - 3,2,1600,Iron,Damage
1,Davranış-rezonans,bahcivan,standart,101,yalnız toplanan XP kartı (s=0),34,Verimli Üretim - 4,2,690,Iron,Production
1,Davranış-rezonans,bahcivan,standart,101,yalnız toplanan XP kartı (s=0),35,Hasat Rekoru - 4,1,560,Gold,Score
1,Davranış-rezonans,bahcivan,standart,101,yalnız toplanan XP kartı (s=0),35,Ağır Kesim - 2,2,2700,Gold,Damage
1,Davranış-rezonans,bahcivan,standart,101,yalnız toplanan XP kartı (s=0),35,Geniş Tarama - 4,1,500,Gold,Area
1,Davranış-rezonans,bahcivan,standart,101,yalnız toplanan XP kartı (s=0),35,Hasat Deneyimi II - 3,1,1100,Gold,Xp
1,Davranış-rezonans,bahcivan,standart,101,yalnız toplanan XP kartı (s=0),35,Kritik Odak - 2,2,330,Gold,Crit
1,Davranış-rezonans,bahcivan,standart,101,yalnız toplanan XP kartı (s=0),35,Zengin Cevher - 3,1,125,Stone,Economy
1,Davranış-rezonans,bahcivan,standart,101,yalnız toplanan XP kartı (s=0),35,Geniş Tarama - 4,2,550,Gold,Area
1,Davranış-rezonans,bahcivan,standart,101,yalnız toplanan XP kartı (s=0),36,Kart Sezgisi - 2,2,1600,Gold,Cards
1,Davranış-rezonans,bahcivan,standart,101,yalnız toplanan XP kartı (s=0),36,Ağır Kesim - 3,1,3000,Gold,Damage
1,Davranış-rezonans,bahcivan,standart,101,yalnız toplanan XP kartı (s=0),36,Nadir Filizler - 4,1,700,Iron,Rarity
1,Davranış-rezonans,bahcivan,standart,101,yalnız toplanan XP kartı (s=0),36,Hasat Deneyimi II - 3,2,1300,Gold,Xp
1,Davranış-rezonans,bahcivan,standart,101,yalnız toplanan XP kartı (s=0),36,Hasat Rekoru - 4,2,620,Gold,Score
1,Davranış-rezonans,bahcivan,standart,101,yalnız toplanan XP kartı (s=0),37,Kesim Ustalığı - 4,1,1700,Iron,Damage
1,Davranış-rezonans,bahcivan,standart,101,yalnız toplanan XP kartı (s=0),37,Kritik Odak - 3,1,380,Gold,Crit
1,Davranış-rezonans,bahcivan,standart,101,yalnız toplanan XP kartı (s=0),37,Zengin Cevher - 3,2,140,Stone,Economy
1,Davranış-rezonans,bahcivan,standart,101,yalnız toplanan XP kartı (s=0),38,Ağır Kesim - 3,2,3400,Gold,Damage
1,Davranış-rezonans,bahcivan,standart,101,yalnız toplanan XP kartı (s=0),38,Kart Sezgisi - 3,1,1800,Gold,Cards
1,Davranış-rezonans,bahcivan,standart,101,yalnız toplanan XP kartı (s=0),38,Hasat Deneyimi II - 4,1,1400,Gold,Xp
1,Davranış-rezonans,bahcivan,standart,101,yalnız toplanan XP kartı (s=0),38,Nadir Filizler - 4,2,770,Iron,Rarity
1,Davranış-rezonans,bahcivan,standart,101,yalnız toplanan XP kartı (s=0),39,Kritik Odak - 3,2,420,Gold,Crit
1,Davranış-rezonans,bahcivan,standart,101,yalnız toplanan XP kartı (s=0),39,Zengin Cevher - 4,1,155,Stone,Economy
1,Davranış-rezonans,bahcivan,standart,101,yalnız toplanan XP kartı (s=0),39,Kesim Ustalığı - 4,2,1900,Iron,Damage
1,Davranış-rezonans,bahcivan,standart,101,yalnız toplanan XP kartı (s=0),40,Ağır Kesim - 4,1,3800,Gold,Damage
1,Davranış-rezonans,bahcivan,standart,101,yalnız toplanan XP kartı (s=0),40,Hasat Deneyimi II - 4,2,1500,Gold,Xp
1,Davranış-rezonans,bahcivan,standart,101,yalnız toplanan XP kartı (s=0),40,Kart Sezgisi - 3,2,2000,Gold,Cards
1,Davranış-rezonans,bahcivan,standart,101,yalnız toplanan XP kartı (s=0),40,Kritik Güç - 1,1,150,Stone,Crit
1,Davranış-rezonans,bahcivan,standart,101,yalnız toplanan XP kartı (s=0),41,Kritik Odak - 4,1,470,Gold,Crit
1,Davranış-rezonans,bahcivan,standart,101,yalnız toplanan XP kartı (s=0),41,Grid Genişleme II,2,1800,Stone,Grid
1,Davranış-rezonans,bahcivan,standart,101,yalnız toplanan XP kartı (s=0),41,Zengin Cevher - 4,2,170,Stone,Economy
1,Davranış-rezonans,bahcivan,standart,101,yalnız toplanan XP kartı (s=0),42,Ağır Kesim - 4,2,4100,Gold,Damage
1,Davranış-rezonans,bahcivan,standart,101,yalnız toplanan XP kartı (s=0),42,Kritik Güç - 1,2,195,Stone,Crit
1,Davranış-rezonans,bahcivan,standart,101,yalnız toplanan XP kartı (s=0),43,Kart Sezgisi - 4,1,2200,Gold,Cards
1,Davranış-rezonans,bahcivan,standart,101,yalnız toplanan XP kartı (s=0),43,Kritik Odak - 4,2,520,Gold,Crit
1,Davranış-rezonans,bahcivan,standart,101,yalnız toplanan XP kartı (s=0),44,Kritik Güç - 1,3,240,Stone,Crit
1,Davranış-rezonans,bahcivan,standart,101,yalnız toplanan XP kartı (s=0),45,Kart Sezgisi - 4,2,2400,Gold,Cards
1,Davranış-rezonans,bahcivan,standart,101,yalnız toplanan XP kartı (s=0),46,Kritik Güç - 2,1,290,Stone,Crit
1,Davranış-rezonans,bahcivan,standart,101,yalnız toplanan XP kartı (s=0),48,Kritik Güç - 2,2,330,Stone,Crit
2,Davranış-rezonans,bahcivan,standart,101,yalnız büyüyen kuyruk (s=0.05; kartlar çarpımsal),1,Keskin Başlangıç - 1,1,5,Gold,Damage
2,Davranış-rezonans,bahcivan,standart,101,yalnız büyüyen kuyruk (s=0.05; kartlar çarpımsal),2,Keskin Başlangıç - 1,2,7,Gold,Damage
2,Davranış-rezonans,bahcivan,standart,101,yalnız büyüyen kuyruk (s=0.05; kartlar çarpımsal),2,Altın Hasat I - 1,1,7,Gold,Economy
2,Davranış-rezonans,bahcivan,standart,101,yalnız büyüyen kuyruk (s=0.05; kartlar çarpımsal),4,Düzenli Üretim - 1,1,6,Gold,Production
2,Davranış-rezonans,bahcivan,standart,101,yalnız büyüyen kuyruk (s=0.05; kartlar çarpımsal),5,Keskin Başlangıç - 1,3,8,Gold,Damage
2,Davranış-rezonans,bahcivan,standart,101,yalnız büyüyen kuyruk (s=0.05; kartlar çarpımsal),5,Grid Genişleme I,1,30,Gold,Grid
2,Davranış-rezonans,bahcivan,standart,101,yalnız büyüyen kuyruk (s=0.05; kartlar çarpımsal),5,Hızlı Eller - 1,1,7,Gold,Speed
2,Davranış-rezonans,bahcivan,standart,101,yalnız büyüyen kuyruk (s=0.05; kartlar çarpımsal),6,Altın Hasat I - 1,2,9,Gold,Economy
2,Davranış-rezonans,bahcivan,standart,101,yalnız büyüyen kuyruk (s=0.05; kartlar çarpımsal),6,Keskin Başlangıç - 2,1,10,Gold,Damage
2,Davranış-rezonans,bahcivan,standart,101,yalnız büyüyen kuyruk (s=0.05; kartlar çarpımsal),6,Düzenli Üretim - 1,2,8,Gold,Production
2,Davranış-rezonans,bahcivan,standart,101,yalnız büyüyen kuyruk (s=0.05; kartlar çarpımsal),7,Hızlı Eller - 1,2,9,Gold,Speed
2,Davranış-rezonans,bahcivan,standart,101,yalnız büyüyen kuyruk (s=0.05; kartlar çarpımsal),7,Keskin Başlangıç - 2,2,11,Gold,Damage
2,Davranış-rezonans,bahcivan,standart,101,yalnız büyüyen kuyruk (s=0.05; kartlar çarpımsal),7,Altın Hasat I - 1,3,11,Gold,Economy
2,Davranış-rezonans,bahcivan,standart,101,yalnız büyüyen kuyruk (s=0.05; kartlar çarpımsal),7,Hasat Deneyimi I - 1,1,6,Gold,Xp
2,Davranış-rezonans,bahcivan,standart,101,yalnız büyüyen kuyruk (s=0.05; kartlar çarpımsal),8,1×3 Saksı,1,30,Gold,PlanterUnlock
2,Davranış-rezonans,bahcivan,standart,101,yalnız büyüyen kuyruk (s=0.05; kartlar çarpımsal),8,Tornado Kartları,1,30,Iron,BehaviorUnlock
2,Davranış-rezonans,bahcivan,standart,101,yalnız büyüyen kuyruk (s=0.05; kartlar çarpımsal),8,Keskin Başlangıç - 3,1,13,Gold,Damage
2,Davranış-rezonans,bahcivan,standart,101,yalnız büyüyen kuyruk (s=0.05; kartlar çarpımsal),8,Düzenli Üretim - 1,3,10,Gold,Production
2,Davranış-rezonans,bahcivan,standart,101,yalnız büyüyen kuyruk (s=0.05; kartlar çarpımsal),9,Hızlı Eller - 1,3,11,Gold,Speed
2,Davranış-rezonans,bahcivan,standart,101,yalnız büyüyen kuyruk (s=0.05; kartlar çarpımsal),9,Altın Hasat I - 2,1,13,Gold,Economy
2,Davranış-rezonans,bahcivan,standart,101,yalnız büyüyen kuyruk (s=0.05; kartlar çarpımsal),9,Keskin Başlangıç - 3,2,14,Gold,Damage
2,Davranış-rezonans,bahcivan,standart,101,yalnız büyüyen kuyruk (s=0.05; kartlar çarpımsal),11,Kesim Tekniği - 1,1,25,Gold,Damage
2,Davranış-rezonans,bahcivan,standart,101,yalnız büyüyen kuyruk (s=0.05; kartlar çarpımsal),11,Hızlı Eller - 2,1,12,Gold,Speed
2,Davranış-rezonans,bahcivan,standart,101,yalnız büyüyen kuyruk (s=0.05; kartlar çarpımsal),11,Altın Hasat I - 2,2,16,Gold,Economy
2,Davranış-rezonans,bahcivan,standart,101,yalnız büyüyen kuyruk (s=0.05; kartlar çarpımsal),11,Düzenli Üretim - 2,1,12,Gold,Production
2,Davranış-rezonans,bahcivan,standart,101,yalnız büyüyen kuyruk (s=0.05; kartlar çarpımsal),12,Bumerang Orak Kartları,1,40,Iron,BehaviorUnlock
2,Davranış-rezonans,bahcivan,standart,101,yalnız büyüyen kuyruk (s=0.05; kartlar çarpımsal),12,Hasat Deneyimi I - 1,2,8,Gold,Xp
2,Davranış-rezonans,bahcivan,standart,101,yalnız büyüyen kuyruk (s=0.05; kartlar çarpımsal),12,Keskin Başlangıç - 4,1,16,Gold,Damage
2,Davranış-rezonans,bahcivan,standart,101,yalnız büyüyen kuyruk (s=0.05; kartlar çarpımsal),12,Hızlı Eller - 2,2,14,Gold,Speed
2,Davranış-rezonans,bahcivan,standart,101,yalnız büyüyen kuyruk (s=0.05; kartlar çarpımsal),12,Kesim Tekniği - 1,2,35,Gold,Damage
2,Davranış-rezonans,bahcivan,standart,101,yalnız büyüyen kuyruk (s=0.05; kartlar çarpımsal),12,Altın Hasat I - 3,1,18,Gold,Economy
2,Davranış-rezonans,bahcivan,standart,101,yalnız büyüyen kuyruk (s=0.05; kartlar çarpımsal),13,2×2 Saksı,1,80,Gold,PlanterUnlock
2,Davranış-rezonans,bahcivan,standart,101,yalnız büyüyen kuyruk (s=0.05; kartlar çarpımsal),13,Keskin Başlangıç - 4,2,17,Gold,Damage
2,Davranış-rezonans,bahcivan,standart,101,yalnız büyüyen kuyruk (s=0.05; kartlar çarpımsal),13,Hasat Deneyimi I - 1,3,10,Gold,Xp
2,Davranış-rezonans,bahcivan,standart,101,yalnız büyüyen kuyruk (s=0.05; kartlar çarpımsal),13,Çifte Hasat Kartları,1,25,Iron,Economy
2,Davranış-rezonans,bahcivan,standart,101,yalnız büyüyen kuyruk (s=0.05; kartlar çarpımsal),14,Düzenli Üretim - 2,2,13,Gold,Production
2,Davranış-rezonans,bahcivan,standart,101,yalnız büyüyen kuyruk (s=0.05; kartlar çarpımsal),14,Hızlı Eller - 3,1,16,Gold,Speed
2,Davranış-rezonans,bahcivan,standart,101,yalnız büyüyen kuyruk (s=0.05; kartlar çarpımsal),14,Altın Hasat I - 3,2,20,Gold,Economy
2,Davranış-rezonans,bahcivan,standart,101,yalnız büyüyen kuyruk (s=0.05; kartlar çarpımsal),14,Kesim Tekniği - 1,3,40,Gold,Damage
2,Davranış-rezonans,bahcivan,standart,101,yalnız büyüyen kuyruk (s=0.05; kartlar çarpımsal),14,Hasat Deneyimi I - 2,1,12,Gold,Xp
2,Davranış-rezonans,bahcivan,standart,101,yalnız büyüyen kuyruk (s=0.05; kartlar çarpımsal),14,Demir Hasat - 1,1,25,Gold,Economy
2,Davranış-rezonans,bahcivan,standart,101,yalnız büyüyen kuyruk (s=0.05; kartlar çarpımsal),14,Hızlı Eller - 3,2,18,Gold,Speed
2,Davranış-rezonans,bahcivan,standart,101,yalnız büyüyen kuyruk (s=0.05; kartlar çarpımsal),14,Düzenli Üretim - 3,1,15,Gold,Production
2,Davranış-rezonans,bahcivan,standart,101,yalnız büyüyen kuyruk (s=0.05; kartlar çarpımsal),14,Altın Hasat I - 4,1,22,Gold,Economy
2,Davranış-rezonans,bahcivan,standart,101,yalnız büyüyen kuyruk (s=0.05; kartlar çarpımsal),14,Geniş Süpürüş - 1,1,21,Gold,Area
2,Davranış-rezonans,bahcivan,standart,101,yalnız büyüyen kuyruk (s=0.05; kartlar çarpımsal),14,Grid Genişleme I,2,30,Iron,Grid
2,Davranış-rezonans,bahcivan,standart,101,yalnız büyüyen kuyruk (s=0.05; kartlar çarpımsal),15,Kesim Tekniği - 2,1,50,Gold,Damage
2,Davranış-rezonans,bahcivan,standart,101,yalnız büyüyen kuyruk (s=0.05; kartlar çarpımsal),15,Hasat Deneyimi I - 2,2,14,Gold,Xp
2,Davranış-rezonans,bahcivan,standart,101,yalnız büyüyen kuyruk (s=0.05; kartlar çarpımsal),15,Hızlı Eller - 4,1,20,Gold,Speed
2,Davranış-rezonans,bahcivan,standart,101,yalnız büyüyen kuyruk (s=0.05; kartlar çarpımsal),15,Altın Hasat I - 4,2,24,Gold,Economy
2,Davranış-rezonans,bahcivan,standart,101,yalnız büyüyen kuyruk (s=0.05; kartlar çarpımsal),15,Demir Hasat - 1,2,35,Gold,Economy
2,Davranış-rezonans,bahcivan,standart,101,yalnız büyüyen kuyruk (s=0.05; kartlar çarpımsal),16,Düzenli Üretim - 3,2,17,Gold,Production
2,Davranış-rezonans,bahcivan,standart,101,yalnız büyüyen kuyruk (s=0.05; kartlar çarpımsal),16,Geniş Süpürüş - 1,2,28,Gold,Area
2,Davranış-rezonans,bahcivan,standart,101,yalnız büyüyen kuyruk (s=0.05; kartlar çarpımsal),16,Hızlı Eller - 4,2,22,Gold,Speed
2,Davranış-rezonans,bahcivan,standart,101,yalnız büyüyen kuyruk (s=0.05; kartlar çarpımsal),16,Hasat Deneyimi I - 3,1,16,Gold,Xp
2,Davranış-rezonans,bahcivan,standart,101,yalnız büyüyen kuyruk (s=0.05; kartlar çarpımsal),16,Düzenli Üretim - 4,1,19,Gold,Production
2,Davranış-rezonans,bahcivan,standart,101,yalnız büyüyen kuyruk (s=0.05; kartlar çarpımsal),16,Hasat Deneyimi I - 3,2,18,Gold,Xp
2,Davranış-rezonans,bahcivan,standart,101,yalnız büyüyen kuyruk (s=0.05; kartlar çarpımsal),16,Düzenli Üretim - 4,2,21,Gold,Production
2,Davranış-rezonans,bahcivan,standart,101,yalnız büyüyen kuyruk (s=0.05; kartlar çarpımsal),17,Güçlü Kesim - 1,1,120,Gold,Damage
2,Davranış-rezonans,bahcivan,standart,101,yalnız büyüyen kuyruk (s=0.05; kartlar çarpımsal),17,Kesim Tekniği - 2,2,55,Gold,Damage
2,Davranış-rezonans,bahcivan,standart,101,yalnız büyüyen kuyruk (s=0.05; kartlar çarpımsal),17,Demir Hasat - 1,3,40,Gold,Economy
2,Davranış-rezonans,bahcivan,standart,101,yalnız büyüyen kuyruk (s=0.05; kartlar çarpımsal),17,Geniş Süpürüş - 1,3,35,Gold,Area
2,Davranış-rezonans,bahcivan,standart,101,yalnız büyüyen kuyruk (s=0.05; kartlar çarpımsal),17,Hasat Deneyimi I - 4,1,20,Gold,Xp
2,Davranış-rezonans,bahcivan,standart,101,yalnız büyüyen kuyruk (s=0.05; kartlar çarpımsal),17,Taş Hasat - 1,1,35,Iron,Economy
2,Davranış-rezonans,bahcivan,standart,101,yalnız büyüyen kuyruk (s=0.05; kartlar çarpımsal),18,2×3 Saksı,1,200,Gold,PlanterUnlock
2,Davranış-rezonans,bahcivan,standart,101,yalnız büyüyen kuyruk (s=0.05; kartlar çarpımsal),18,Hasat Deneyimi I - 4,2,21,Gold,Xp
2,Davranış-rezonans,bahcivan,standart,101,yalnız büyüyen kuyruk (s=0.05; kartlar çarpımsal),18,Taş Hasat - 1,2,45,Iron,Economy
2,Davranış-rezonans,bahcivan,standart,101,yalnız büyüyen kuyruk (s=0.05; kartlar çarpımsal),19,İlk Vazgeçiş,1,150,Gold,Cards
2,Davranış-rezonans,bahcivan,standart,101,yalnız büyüyen kuyruk (s=0.05; kartlar çarpımsal),19,Kesim Tekniği - 3,1,65,Gold,Damage
2,Davranış-rezonans,bahcivan,standart,101,yalnız büyüyen kuyruk (s=0.05; kartlar çarpımsal),19,Hasat Rekoru - 1,1,180,Gold,Score
2,Davranış-rezonans,bahcivan,standart,101,yalnız büyüyen kuyruk (s=0.05; kartlar çarpımsal),19,Geniş Süpürüş - 2,1,40,Gold,Area
2,Davranış-rezonans,bahcivan,standart,101,yalnız büyüyen kuyruk (s=0.05; kartlar çarpımsal),20,Güçlü Kesim - 1,2,160,Gold,Damage
2,Davranış-rezonans,bahcivan,standart,101,yalnız büyüyen kuyruk (s=0.05; kartlar çarpımsal),20,Akıcı Kesim - 1,1,160,Gold,Speed
2,Davranış-rezonans,bahcivan,standart,101,yalnız büyüyen kuyruk (s=0.05; kartlar çarpımsal),20,Kesim Tekniği - 3,2,70,Gold,Damage
2,Davranış-rezonans,bahcivan,standart,101,yalnız büyüyen kuyruk (s=0.05; kartlar çarpımsal),20,Demir Hasat - 2,1,50,Gold,Economy
2,Davranış-rezonans,bahcivan,standart,101,yalnız büyüyen kuyruk (s=0.05; kartlar çarpımsal),20,Geniş Süpürüş - 2,2,45,Gold,Area
2,Davranış-rezonans,bahcivan,standart,101,yalnız büyüyen kuyruk (s=0.05; kartlar çarpımsal),21,Güçlü Kesim - 1,3,195,Gold,Damage
2,Davranış-rezonans,bahcivan,standart,101,yalnız büyüyen kuyruk (s=0.05; kartlar çarpımsal),21,Akıcı Kesim - 1,2,210,Gold,Speed
2,Davranış-rezonans,bahcivan,standart,101,yalnız büyüyen kuyruk (s=0.05; kartlar çarpımsal),21,Demir Hasat - 2,2,55,Gold,Economy
2,Davranış-rezonans,bahcivan,standart,101,yalnız büyüyen kuyruk (s=0.05; kartlar çarpımsal),21,Geniş Süpürüş - 3,1,55,Gold,Area
2,Davranış-rezonans,bahcivan,standart,101,yalnız büyüyen kuyruk (s=0.05; kartlar çarpımsal),21,Verimli Üretim - 1,1,200,Iron,Production
2,Davranış-rezonans,bahcivan,standart,101,yalnız büyüyen kuyruk (s=0.05; kartlar çarpımsal),21,Geniş Süpürüş - 3,2,60,Gold,Area
2,Davranış-rezonans,bahcivan,standart,101,yalnız büyüyen kuyruk (s=0.05; kartlar çarpımsal),21,Taş Hasat - 1,3,55,Iron,Economy
2,Davranış-rezonans,bahcivan,standart,101,yalnız büyüyen kuyruk (s=0.05; kartlar çarpımsal),22,Hasat Rekoru - 1,2,240,Gold,Score
2,Davranış-rezonans,bahcivan,standart,101,yalnız büyüyen kuyruk (s=0.05; kartlar çarpımsal),22,Kesim Tekniği - 4,1,80,Gold,Damage
2,Davranış-rezonans,bahcivan,standart,101,yalnız büyüyen kuyruk (s=0.05; kartlar çarpımsal),22,Güçlü Kesim - 2,1,230,Gold,Damage
2,Davranış-rezonans,bahcivan,standart,101,yalnız büyüyen kuyruk (s=0.05; kartlar çarpımsal),22,Nadir Filizler - 1,1,230,Iron,Rarity
2,Davranış-rezonans,bahcivan,standart,101,yalnız büyüyen kuyruk (s=0.05; kartlar çarpımsal),22,Taş Hasat - 2,1,65,Iron,Economy
2,Davranış-rezonans,bahcivan,standart,101,yalnız büyüyen kuyruk (s=0.05; kartlar çarpımsal),23,Altın Hasat II - 1,1,180,Gold,Economy
2,Davranış-rezonans,bahcivan,standart,101,yalnız büyüyen kuyruk (s=0.05; kartlar çarpımsal),23,Kesim Tekniği - 4,2,85,Gold,Damage
2,Davranış-rezonans,bahcivan,standart,101,yalnız büyüyen kuyruk (s=0.05; kartlar çarpımsal),23,Akıcı Kesim - 1,3,260,Gold,Speed
2,Davranış-rezonans,bahcivan,standart,101,yalnız büyüyen kuyruk (s=0.05; kartlar çarpımsal),23,Demir Hasat - 3,1,65,Gold,Economy
2,Davranış-rezonans,bahcivan,standart,101,yalnız büyüyen kuyruk (s=0.05; kartlar çarpımsal),23,Grid Genişleme II,1,100,Stone,Grid
2,Davranış-rezonans,bahcivan,standart,101,yalnız büyüyen kuyruk (s=0.05; kartlar çarpımsal),23,Verimli Üretim - 1,2,260,Iron,Production
2,Davranış-rezonans,bahcivan,standart,101,yalnız büyüyen kuyruk (s=0.05; kartlar çarpımsal),23,Geniş Süpürüş - 4,1,65,Gold,Area
2,Davranış-rezonans,bahcivan,standart,101,yalnız büyüyen kuyruk (s=0.05; kartlar çarpımsal),23,Demir Hasat - 3,2,70,Gold,Economy
2,Davranış-rezonans,bahcivan,standart,101,yalnız büyüyen kuyruk (s=0.05; kartlar çarpımsal),24,Hasat Rekoru - 1,3,290,Gold,Score
2,Davranış-rezonans,bahcivan,standart,101,yalnız büyüyen kuyruk (s=0.05; kartlar çarpımsal),24,Güçlü Kesim - 2,2,270,Gold,Damage
2,Davranış-rezonans,bahcivan,standart,101,yalnız büyüyen kuyruk (s=0.05; kartlar çarpımsal),24,Altın Hasat II - 1,2,240,Gold,Economy
2,Davranış-rezonans,bahcivan,standart,101,yalnız büyüyen kuyruk (s=0.05; kartlar çarpımsal),24,Akıcı Kesim - 2,1,310,Gold,Speed
2,Davranış-rezonans,bahcivan,standart,101,yalnız büyüyen kuyruk (s=0.05; kartlar çarpımsal),24,Nadir Filizler - 1,2,300,Iron,Rarity
2,Davranış-rezonans,bahcivan,standart,101,yalnız büyüyen kuyruk (s=0.05; kartlar çarpımsal),24,Taş Hasat - 2,2,80,Iron,Economy
2,Davranış-rezonans,bahcivan,standart,101,yalnız büyüyen kuyruk (s=0.05; kartlar çarpımsal),24,Zengin Cevher - 1,1,50,Stone,Economy
2,Davranış-rezonans,bahcivan,standart,101,yalnız büyüyen kuyruk (s=0.05; kartlar çarpımsal),25,Geniş Tarama - 1,1,160,Gold,Area
2,Davranış-rezonans,bahcivan,standart,101,yalnız büyüyen kuyruk (s=0.05; kartlar çarpımsal),25,Kesim Ustalığı - 1,1,560,Iron,Damage
2,Davranış-rezonans,bahcivan,standart,101,yalnız büyüyen kuyruk (s=0.05; kartlar çarpımsal),25,Güçlü Kesim - 3,1,300,Gold,Damage
2,Davranış-rezonans,bahcivan,standart,101,yalnız büyüyen kuyruk (s=0.05; kartlar çarpımsal),25,Altın Hasat II - 1,3,290,Gold,Economy
2,Davranış-rezonans,bahcivan,standart,101,yalnız büyüyen kuyruk (s=0.05; kartlar çarpımsal),25,Hasat Rekoru - 2,1,350,Gold,Score
2,Davranış-rezonans,bahcivan,standart,101,yalnız büyüyen kuyruk (s=0.05; kartlar çarpımsal),25,Verimli Üretim - 1,3,320,Iron,Production
2,Davranış-rezonans,bahcivan,standart,101,yalnız büyüyen kuyruk (s=0.05; kartlar çarpımsal),25,Geniş Süpürüş - 4,2,70,Gold,Area
2,Davranış-rezonans,bahcivan,standart,101,yalnız büyüyen kuyruk (s=0.05; kartlar çarpımsal),25,Demir Hasat - 4,1,80,Gold,Economy
2,Davranış-rezonans,bahcivan,standart,101,yalnız büyüyen kuyruk (s=0.05; kartlar çarpımsal),25,Demir Hasat - 4,2,85,Gold,Economy
2,Davranış-rezonans,bahcivan,standart,101,yalnız büyüyen kuyruk (s=0.05; kartlar çarpımsal),25,Taş Hasat - 3,1,90,Iron,Economy
2,Davranış-rezonans,bahcivan,standart,101,yalnız büyüyen kuyruk (s=0.05; kartlar çarpımsal),26,Akıcı Kesim - 2,2,360,Gold,Speed
2,Davranış-rezonans,bahcivan,standart,101,yalnız büyüyen kuyruk (s=0.05; kartlar çarpımsal),26,Geniş Tarama - 1,2,210,Gold,Area
2,Davranış-rezonans,bahcivan,standart,101,yalnız büyüyen kuyruk (s=0.05; kartlar çarpımsal),26,Kesim Ustalığı - 1,2,720,Iron,Damage
2,Davranış-rezonans,bahcivan,standart,101,yalnız büyüyen kuyruk (s=0.05; kartlar çarpımsal),26,Güçlü Kesim - 3,2,340,Gold,Damage
2,Davranış-rezonans,bahcivan,standart,101,yalnız büyüyen kuyruk (s=0.05; kartlar çarpımsal),27,Nadir Filizler - 1,3,360,Iron,Rarity
2,Davranış-rezonans,bahcivan,standart,101,yalnız büyüyen kuyruk (s=0.05; kartlar çarpımsal),27,Altın Hasat II - 2,1,350,Gold,Economy
2,Davranış-rezonans,bahcivan,standart,101,yalnız büyüyen kuyruk (s=0.05; kartlar çarpımsal),27,İkinci Vazgeçiş,1,800,Iron,Cards
2,Davranış-rezonans,bahcivan,standart,101,yalnız büyüyen kuyruk (s=0.05; kartlar çarpımsal),27,Akıcı Kesim - 3,1,400,Gold,Speed
2,Davranış-rezonans,bahcivan,standart,101,yalnız büyüyen kuyruk (s=0.05; kartlar çarpımsal),27,Geniş Tarama - 1,3,260,Gold,Area
2,Davranış-rezonans,bahcivan,standart,101,yalnız büyüyen kuyruk (s=0.05; kartlar çarpımsal),27,Hasat Deneyimi II - 1,1,450,Gold,Xp
2,Davranış-rezonans,bahcivan,standart,101,yalnız büyüyen kuyruk (s=0.05; kartlar çarpımsal),27,Hasat Rekoru - 2,2,400,Gold,Score
2,Davranış-rezonans,bahcivan,standart,101,yalnız büyüyen kuyruk (s=0.05; kartlar çarpımsal),27,Güçlü Kesim - 4,1,380,Gold,Damage
2,Davranış-rezonans,bahcivan,standart,101,yalnız büyüyen kuyruk (s=0.05; kartlar çarpımsal),27,Zengin Cevher - 1,2,65,Stone,Economy
2,Davranış-rezonans,bahcivan,standart,101,yalnız büyüyen kuyruk (s=0.05; kartlar çarpımsal),28,Verimli Üretim - 2,1,380,Iron,Production
2,Davranış-rezonans,bahcivan,standart,101,yalnız büyüyen kuyruk (s=0.05; kartlar çarpımsal),28,Altın Hasat II - 2,2,400,Gold,Economy
2,Davranış-rezonans,bahcivan,standart,101,yalnız büyüyen kuyruk (s=0.05; kartlar çarpımsal),28,Ağır Kesim - 1,1,1200,Gold,Damage
2,Davranış-rezonans,bahcivan,standart,101,yalnız büyüyen kuyruk (s=0.05; kartlar çarpımsal),28,Akıcı Kesim - 3,2,450,Gold,Speed
2,Davranış-rezonans,bahcivan,standart,101,yalnız büyüyen kuyruk (s=0.05; kartlar çarpımsal),28,Taş Hasat - 3,2,100,Iron,Economy
2,Davranış-rezonans,bahcivan,standart,101,yalnız büyüyen kuyruk (s=0.05; kartlar çarpımsal),29,Kesim Ustalığı - 1,3,890,Iron,Damage
2,Davranış-rezonans,bahcivan,standart,101,yalnız büyüyen kuyruk (s=0.05; kartlar çarpımsal),29,Nadir Filizler - 2,1,430,Iron,Rarity
2,Davranış-rezonans,bahcivan,standart,101,yalnız büyüyen kuyruk (s=0.05; kartlar çarpımsal),29,Geniş Tarama - 2,1,310,Gold,Area
2,Davranış-rezonans,bahcivan,standart,101,yalnız büyüyen kuyruk (s=0.05; kartlar çarpımsal),29,Kart Sezgisi - 1,1,710,Gold,Cards
2,Davranış-rezonans,bahcivan,standart,101,yalnız büyüyen kuyruk (s=0.05; kartlar çarpımsal),29,Verimli Üretim - 2,2,440,Iron,Production
2,Davranış-rezonans,bahcivan,standart,101,yalnız büyüyen kuyruk (s=0.05; kartlar çarpımsal),29,Hasat Deneyimi II - 1,2,590,Gold,Xp
2,Davranış-rezonans,bahcivan,standart,101,yalnız büyüyen kuyruk (s=0.05; kartlar çarpımsal),29,Altın Hasat II - 3,1,450,Gold,Economy
2,Davranış-rezonans,bahcivan,standart,101,yalnız büyüyen kuyruk (s=0.05; kartlar çarpımsal),29,Zengin Cevher - 1,3,80,Stone,Economy
2,Davranış-rezonans,bahcivan,standart,101,yalnız büyüyen kuyruk (s=0.05; kartlar çarpımsal),29,Taş Hasat - 4,1,110,Iron,Economy
2,Davranış-rezonans,bahcivan,standart,101,yalnız büyüyen kuyruk (s=0.05; kartlar çarpımsal),30,Güçlü Kesim - 4,2,410,Gold,Damage
2,Davranış-rezonans,bahcivan,standart,101,yalnız büyüyen kuyruk (s=0.05; kartlar çarpımsal),30,Kritik Odak - 1,1,150,Gold,Crit
2,Davranış-rezonans,bahcivan,standart,101,yalnız büyüyen kuyruk (s=0.05; kartlar çarpımsal),30,Ağır Kesim - 1,2,1600,Gold,Damage
2,Davranış-rezonans,bahcivan,standart,101,yalnız büyüyen kuyruk (s=0.05; kartlar çarpımsal),30,Kesim Ustalığı - 2,1,1100,Iron,Damage
2,Davranış-rezonans,bahcivan,standart,101,yalnız büyüyen kuyruk (s=0.05; kartlar çarpımsal),30,Hasat Rekoru - 3,1,450,Gold,Score
2,Davranış-rezonans,bahcivan,standart,101,yalnız büyüyen kuyruk (s=0.05; kartlar çarpımsal),30,Akıcı Kesim - 4,1,500,Gold,Speed
2,Davranış-rezonans,bahcivan,standart,101,yalnız büyüyen kuyruk (s=0.05; kartlar çarpımsal),30,Nadir Filizler - 2,2,500,Iron,Rarity
2,Davranış-rezonans,bahcivan,standart,101,yalnız büyüyen kuyruk (s=0.05; kartlar çarpımsal),31,Geniş Tarama - 2,2,360,Gold,Area
2,Davranış-rezonans,bahcivan,standart,101,yalnız büyüyen kuyruk (s=0.05; kartlar çarpımsal),31,Hasat Deneyimi II - 1,3,730,Gold,Xp
2,Davranış-rezonans,bahcivan,standart,101,yalnız büyüyen kuyruk (s=0.05; kartlar çarpımsal),31,Verimli Üretim - 3,1,510,Iron,Production
2,Davranış-rezonans,bahcivan,standart,101,yalnız büyüyen kuyruk (s=0.05; kartlar çarpımsal),31,Kart Sezgisi - 1,2,920,Gold,Cards
2,Davranış-rezonans,bahcivan,standart,101,yalnız büyüyen kuyruk (s=0.05; kartlar çarpımsal),31,Altın Hasat II - 3,2,510,Gold,Economy
2,Davranış-rezonans,bahcivan,standart,101,yalnız büyüyen kuyruk (s=0.05; kartlar çarpımsal),31,Kritik Odak - 1,2,195,Gold,Crit
2,Davranış-rezonans,bahcivan,standart,101,yalnız büyüyen kuyruk (s=0.05; kartlar çarpımsal),31,Akıcı Kesim - 4,2,550,Gold,Speed
2,Davranış-rezonans,bahcivan,standart,101,yalnız büyüyen kuyruk (s=0.05; kartlar çarpımsal),31,Kesim Ustalığı - 2,2,1200,Iron,Damage
2,Davranış-rezonans,bahcivan,standart,101,yalnız büyüyen kuyruk (s=0.05; kartlar çarpımsal),31,Zengin Cevher - 2,1,95,Stone,Economy
2,Davranış-rezonans,bahcivan,standart,101,yalnız büyüyen kuyruk (s=0.05; kartlar çarpımsal),31,Taş Hasat - 4,2,120,Iron,Economy
2,Davranış-rezonans,bahcivan,standart,101,yalnız büyüyen kuyruk (s=0.05; kartlar çarpımsal),32,Ağır Kesim - 1,3,1900,Gold,Damage
2,Davranış-rezonans,bahcivan,standart,101,yalnız büyüyen kuyruk (s=0.05; kartlar çarpımsal),32,Geniş Tarama - 3,1,400,Gold,Area
2,Davranış-rezonans,bahcivan,standart,101,yalnız büyüyen kuyruk (s=0.05; kartlar çarpımsal),32,Hasat Deneyimi II - 2,1,860,Gold,Xp
2,Davranış-rezonans,bahcivan,standart,101,yalnız büyüyen kuyruk (s=0.05; kartlar çarpımsal),32,Verimli Üretim - 3,2,570,Iron,Production
2,Davranış-rezonans,bahcivan,standart,101,yalnız büyüyen kuyruk (s=0.05; kartlar çarpımsal),32,Hasat Rekoru - 3,2,510,Gold,Score
2,Davranış-rezonans,bahcivan,standart,101,yalnız büyüyen kuyruk (s=0.05; kartlar çarpımsal),32,Nadir Filizler - 3,1,570,Iron,Rarity
2,Davranış-rezonans,bahcivan,standart,101,yalnız büyüyen kuyruk (s=0.05; kartlar çarpımsal),32,Verimli Üretim - 4,1,630,Iron,Production
2,Davranış-rezonans,bahcivan,standart,101,yalnız büyüyen kuyruk (s=0.05; kartlar çarpımsal),33,Altın Hasat II - 4,1,560,Gold,Economy
2,Davranış-rezonans,bahcivan,standart,101,yalnız büyüyen kuyruk (s=0.05; kartlar çarpımsal),33,Kart Sezgisi - 1,3,1100,Gold,Cards
2,Davranış-rezonans,bahcivan,standart,101,yalnız büyüyen kuyruk (s=0.05; kartlar çarpımsal),33,Kritik Odak - 1,3,240,Gold,Crit
2,Davranış-rezonans,bahcivan,standart,101,yalnız büyüyen kuyruk (s=0.05; kartlar çarpımsal),33,Geniş Tarama - 3,2,450,Gold,Area
2,Davranış-rezonans,bahcivan,standart,101,yalnız büyüyen kuyruk (s=0.05; kartlar çarpımsal),33,Kesim Ustalığı - 3,1,1400,Iron,Damage
2,Davranış-rezonans,bahcivan,standart,101,yalnız büyüyen kuyruk (s=0.05; kartlar çarpımsal),33,Kritik Odak - 2,1,290,Gold,Crit
2,Davranış-rezonans,bahcivan,standart,101,yalnız büyüyen kuyruk (s=0.05; kartlar çarpımsal),33,Nadir Filizler - 3,2,640,Iron,Rarity
2,Davranış-rezonans,bahcivan,standart,101,yalnız büyüyen kuyruk (s=0.05; kartlar çarpımsal),33,Zengin Cevher - 2,2,110,Stone,Economy
2,Davranış-rezonans,bahcivan,standart,101,yalnız büyüyen kuyruk (s=0.05; kartlar çarpımsal),34,Ağır Kesim - 2,1,2300,Gold,Damage
2,Davranış-rezonans,bahcivan,standart,101,yalnız büyüyen kuyruk (s=0.05; kartlar çarpımsal),34,Hasat Deneyimi II - 2,2,1000,Gold,Xp
2,Davranış-rezonans,bahcivan,standart,101,yalnız büyüyen kuyruk (s=0.05; kartlar çarpımsal),34,Altın Hasat II - 4,2,620,Gold,Economy
2,Davranış-rezonans,bahcivan,standart,101,yalnız büyüyen kuyruk (s=0.05; kartlar çarpımsal),34,Kart Sezgisi - 2,1,1300,Gold,Cards
2,Davranış-rezonans,bahcivan,standart,101,yalnız büyüyen kuyruk (s=0.05; kartlar çarpımsal),34,Kesim Ustalığı - 3,2,1600,Iron,Damage
2,Davranış-rezonans,bahcivan,standart,101,yalnız büyüyen kuyruk (s=0.05; kartlar çarpımsal),34,Verimli Üretim - 4,2,690,Iron,Production
2,Davranış-rezonans,bahcivan,standart,101,yalnız büyüyen kuyruk (s=0.05; kartlar çarpımsal),35,Hasat Rekoru - 4,1,560,Gold,Score
2,Davranış-rezonans,bahcivan,standart,101,yalnız büyüyen kuyruk (s=0.05; kartlar çarpımsal),35,Ağır Kesim - 2,2,2700,Gold,Damage
2,Davranış-rezonans,bahcivan,standart,101,yalnız büyüyen kuyruk (s=0.05; kartlar çarpımsal),35,Geniş Tarama - 4,1,500,Gold,Area
2,Davranış-rezonans,bahcivan,standart,101,yalnız büyüyen kuyruk (s=0.05; kartlar çarpımsal),35,Hasat Deneyimi II - 3,1,1100,Gold,Xp
2,Davranış-rezonans,bahcivan,standart,101,yalnız büyüyen kuyruk (s=0.05; kartlar çarpımsal),35,Kritik Odak - 2,2,330,Gold,Crit
2,Davranış-rezonans,bahcivan,standart,101,yalnız büyüyen kuyruk (s=0.05; kartlar çarpımsal),35,Zengin Cevher - 3,1,125,Stone,Economy
2,Davranış-rezonans,bahcivan,standart,101,yalnız büyüyen kuyruk (s=0.05; kartlar çarpımsal),35,Geniş Tarama - 4,2,550,Gold,Area
2,Davranış-rezonans,bahcivan,standart,101,yalnız büyüyen kuyruk (s=0.05; kartlar çarpımsal),36,Kart Sezgisi - 2,2,1600,Gold,Cards
2,Davranış-rezonans,bahcivan,standart,101,yalnız büyüyen kuyruk (s=0.05; kartlar çarpımsal),36,Ağır Kesim - 3,1,3000,Gold,Damage
2,Davranış-rezonans,bahcivan,standart,101,yalnız büyüyen kuyruk (s=0.05; kartlar çarpımsal),36,Nadir Filizler - 4,1,700,Iron,Rarity
2,Davranış-rezonans,bahcivan,standart,101,yalnız büyüyen kuyruk (s=0.05; kartlar çarpımsal),36,Hasat Deneyimi II - 3,2,1300,Gold,Xp
2,Davranış-rezonans,bahcivan,standart,101,yalnız büyüyen kuyruk (s=0.05; kartlar çarpımsal),36,Hasat Rekoru - 4,2,620,Gold,Score
2,Davranış-rezonans,bahcivan,standart,101,yalnız büyüyen kuyruk (s=0.05; kartlar çarpımsal),37,Kesim Ustalığı - 4,1,1700,Iron,Damage
2,Davranış-rezonans,bahcivan,standart,101,yalnız büyüyen kuyruk (s=0.05; kartlar çarpımsal),37,Kritik Odak - 3,1,380,Gold,Crit
2,Davranış-rezonans,bahcivan,standart,101,yalnız büyüyen kuyruk (s=0.05; kartlar çarpımsal),37,Zengin Cevher - 3,2,140,Stone,Economy
2,Davranış-rezonans,bahcivan,standart,101,yalnız büyüyen kuyruk (s=0.05; kartlar çarpımsal),38,Ağır Kesim - 3,2,3400,Gold,Damage
2,Davranış-rezonans,bahcivan,standart,101,yalnız büyüyen kuyruk (s=0.05; kartlar çarpımsal),38,Kart Sezgisi - 3,1,1800,Gold,Cards
2,Davranış-rezonans,bahcivan,standart,101,yalnız büyüyen kuyruk (s=0.05; kartlar çarpımsal),38,Hasat Deneyimi II - 4,1,1400,Gold,Xp
2,Davranış-rezonans,bahcivan,standart,101,yalnız büyüyen kuyruk (s=0.05; kartlar çarpımsal),38,Nadir Filizler - 4,2,770,Iron,Rarity
2,Davranış-rezonans,bahcivan,standart,101,yalnız büyüyen kuyruk (s=0.05; kartlar çarpımsal),39,Kritik Odak - 3,2,420,Gold,Crit
2,Davranış-rezonans,bahcivan,standart,101,yalnız büyüyen kuyruk (s=0.05; kartlar çarpımsal),39,Zengin Cevher - 4,1,155,Stone,Economy
2,Davranış-rezonans,bahcivan,standart,101,yalnız büyüyen kuyruk (s=0.05; kartlar çarpımsal),39,Kesim Ustalığı - 4,2,1900,Iron,Damage
2,Davranış-rezonans,bahcivan,standart,101,yalnız büyüyen kuyruk (s=0.05; kartlar çarpımsal),40,Ağır Kesim - 4,1,3800,Gold,Damage
2,Davranış-rezonans,bahcivan,standart,101,yalnız büyüyen kuyruk (s=0.05; kartlar çarpımsal),40,Hasat Deneyimi II - 4,2,1500,Gold,Xp
2,Davranış-rezonans,bahcivan,standart,101,yalnız büyüyen kuyruk (s=0.05; kartlar çarpımsal),40,Kart Sezgisi - 3,2,2000,Gold,Cards
2,Davranış-rezonans,bahcivan,standart,101,yalnız büyüyen kuyruk (s=0.05; kartlar çarpımsal),40,Kritik Güç - 1,1,150,Stone,Crit
2,Davranış-rezonans,bahcivan,standart,101,yalnız büyüyen kuyruk (s=0.05; kartlar çarpımsal),41,Kritik Odak - 4,1,470,Gold,Crit
2,Davranış-rezonans,bahcivan,standart,101,yalnız büyüyen kuyruk (s=0.05; kartlar çarpımsal),41,Grid Genişleme II,2,1800,Stone,Grid
2,Davranış-rezonans,bahcivan,standart,101,yalnız büyüyen kuyruk (s=0.05; kartlar çarpımsal),41,Zengin Cevher - 4,2,170,Stone,Economy
2,Davranış-rezonans,bahcivan,standart,101,yalnız büyüyen kuyruk (s=0.05; kartlar çarpımsal),42,Ağır Kesim - 4,2,4100,Gold,Damage
2,Davranış-rezonans,bahcivan,standart,101,yalnız büyüyen kuyruk (s=0.05; kartlar çarpımsal),42,Kritik Güç - 1,2,195,Stone,Crit
2,Davranış-rezonans,bahcivan,standart,101,yalnız büyüyen kuyruk (s=0.05; kartlar çarpımsal),43,Kart Sezgisi - 4,1,2200,Gold,Cards
2,Davranış-rezonans,bahcivan,standart,101,yalnız büyüyen kuyruk (s=0.05; kartlar çarpımsal),43,Kritik Odak - 4,2,520,Gold,Crit
2,Davranış-rezonans,bahcivan,standart,101,yalnız büyüyen kuyruk (s=0.05; kartlar çarpımsal),44,Kritik Güç - 1,3,240,Stone,Crit
2,Davranış-rezonans,bahcivan,standart,101,yalnız büyüyen kuyruk (s=0.05; kartlar çarpımsal),45,Kart Sezgisi - 4,2,2400,Gold,Cards
2,Davranış-rezonans,bahcivan,standart,101,yalnız büyüyen kuyruk (s=0.05; kartlar çarpımsal),46,Kritik Güç - 2,1,290,Stone,Crit
2,Davranış-rezonans,bahcivan,standart,101,yalnız büyüyen kuyruk (s=0.05; kartlar çarpımsal),48,Kritik Güç - 2,2,330,Stone,Crit
